lat_deg,lon_deg,alt_rel_m,roll_deg,pitch_deg,yaw_deg,target_angle_deg,cam_range_m,cam_angle_deg
28.75320390,77.11729590,-0.211,0.3907,-0.0826,178.3187,-30.0,0.3688,-30.000
28.75320390,77.11729590,-0.211,0.3907,-0.0826,178.3187,-15.0,0.3561,-15.000
28.75320390,77.11729590,-0.211,0.3907,-0.0826,178.3187,0.0,0.3558,0.000
28.75320390,77.11729590,-0.211,0.3907,-0.0826,178.3187,15.0,0.3664,15.000
28.75320390,77.11729590,-0.211,0.3907,-0.0826,178.3187,30.0,0.3890,30.000
28.75320390,77.11729590,-0.210,0.3895,-0.0840,178.3169,-30.0,0.3688,-30.000
28.75320390,77.11729590,-0.210,0.3895,-0.0840,178.3169,-15.0,0.3500,-15.000
28.75320390,77.11729590,-0.210,0.3895,-0.0840,178.3169,0.0,0.3490,0.000
28.75320390,77.11729590,-0.210,0.3895,-0.0840,178.3169,15.0,0.3624,15.000
28.75320390,77.11729590,-0.210,0.3895,-0.0840,178.3169,30.0,0.3855,30.000
28.75320390,77.11729590,-0.214,0.3890,-0.0850,178.3151,-30.0,0.3821,-30.000
28.75320390,77.11729590,-0.214,0.3890,-0.0850,178.3151,-15.0,0.3632,-15.000
28.75320390,77.11729590,-0.214,0.3890,-0.0850,178.3151,0.0,0.3500,0.000
28.75320390,77.11729590,-0.214,0.3890,-0.0850,178.3151,15.0,,
28.75320390,77.11729590,-0.214,0.3890,-0.0850,178.3151,30.0,,
28.75320390,77.11729590,-0.209,0.3880,-0.0848,178.3123,-30.0,,
28.75320390,77.11729590,-0.209,0.3880,-0.0848,178.3123,-15.0,,
28.75320390,77.11729590,-0.209,0.3880,-0.0848,178.3123,0.0,,
28.75320390,77.11729590,-0.209,0.3880,-0.0848,178.3123,15.0,0.3500,15.000
28.75320390,77.11729590,-0.209,0.3880,-0.0848,178.3123,30.0,0.3821,30.000
28.75320390,77.11729590,-0.210,0.3891,-0.0807,178.3101,-30.0,0.3821,-30.000
28.75320390,77.11729590,-0.210,0.3891,-0.0807,178.3101,-15.0,0.3669,-15.000
28.75320390,77.11729590,-0.210,0.3891,-0.0807,178.3101,0.0,0.3500,0.000
28.75320390,77.11729590,-0.210,0.3891,-0.0807,178.3101,15.0,,
28.75320390,77.11729590,-0.210,0.3891,-0.0807,178.3101,30.0,,
28.75320390,77.11729590,-0.218,0.3894,-0.0821,178.3051,-30.0,0.3688,-30.000
28.75320390,77.11729590,-0.218,0.3894,-0.0821,178.3051,-15.0,0.3500,-15.000
28.75320390,77.11729590,-0.218,0.3894,-0.0821,178.3051,0.0,0.3507,0.000
28.75320390,77.11729590,-0.218,0.3894,-0.0821,178.3051,15.0,0.3653,15.000
28.75320390,77.11729590,-0.218,0.3894,-0.0821,178.3051,30.0,0.3835,30.000
28.75320390,77.11729580,-0.226,0.3893,-0.0820,178.3034,-30.0,0.3624,-30.000
28.75320390,77.11729580,-0.226,0.3893,-0.0820,178.3034,-15.0,0.3531,-15.000
28.75320390,77.11729580,-0.226,0.3893,-0.0820,178.3034,0.0,0.3561,0.000
28.75320390,77.11729580,-0.226,0.3893,-0.0820,178.3034,15.0,0.3688,15.000
28.75320390,77.11729580,-0.226,0.3893,-0.0820,178.3034,30.0,0.3890,30.000
28.75320390,77.11729580,-0.225,0.3900,-0.0839,178.3025,-30.0,0.3754,-30.000
28.75320390,77.11729580,-0.225,0.3900,-0.0839,178.3025,-15.0,0.3688,-15.000
28.75320390,77.11729580,-0.225,0.3900,-0.0839,178.3025,0.0,0.3500,0.000
28.75320390,77.11729580,-0.225,0.3900,-0.0839,178.3025,15.0,,
28.75320390,77.11729580,-0.225,0.3900,-0.0839,178.3025,30.0,,
28.75320390,77.11729580,-0.221,0.3880,-0.0812,178.3004,-30.0,,
28.75320390,77.11729580,-0.221,0.3880,-0.0812,178.3004,-15.0,,
28.75320390,77.11729580,-0.221,0.3880,-0.0812,178.3004,0.0,,
28.75320390,77.11729580,-0.221,0.3880,-0.0812,178.3004,15.0,0.3652,15.000
28.75320390,77.11729580,-0.221,0.3880,-0.0812,178.3004,30.0,0.3890,30.000
28.75320390,77.11729580,-0.210,0.3834,-0.0798,178.2954,-30.0,0.3821,-30.000
28.75320390,77.11729580,-0.210,0.3834,-0.0798,178.2954,-15.0,0.3688,-15.000
28.75320390,77.11729580,-0.210,0.3834,-0.0798,178.2954,0.0,0.3512,0.000
28.75320390,77.11729580,-0.210,0.3834,-0.0798,178.2954,15.0,0.3561,15.000
28.75320390,77.11729580,-0.210,0.3834,-0.0798,178.2954,30.0,,
28.75320390,77.11729605,-0.195,0.3664,-0.0781,178.2910,-30.0,0.3688,-30.000
28.75320390,77.11729605,-0.195,0.3664,-0.0781,178.2910,-15.0,0.3561,-15.000
28.75320390,77.11729605,-0.195,0.3664,-0.0781,178.2910,0.0,0.3500,0.000
28.75320390,77.11729605,-0.195,0.3664,-0.0781,178.2910,15.0,0.3562,15.000
28.75320390,77.11729605,-0.195,0.3664,-0.0781,178.2910,30.0,0.3754,30.000
28.75320410,77.11729640,-0.175,0.3483,-0.0762,178.2883,-30.0,,
28.75320410,77.11729640,-0.175,0.3483,-0.0762,178.2883,-15.0,0.3500,-15.000
28.75320410,77.11729640,-0.175,0.3483,-0.0762,178.2883,0.0,0.3561,0.000
28.75320410,77.11729640,-0.175,0.3483,-0.0762,178.2883,15.0,0.3817,15.000
28.75320410,77.11729640,-0.175,0.3483,-0.0762,178.2883,30.0,0.3958,30.000
28.75320413,77.11729653,-0.154,0.3418,-0.0728,178.2862,-30.0,0.3709,-30.000
28.75320413,77.11729653,-0.154,0.3418,-0.0728,178.2862,-15.0,0.3561,-15.000
28.75320413,77.11729653,-0.154,0.3418,-0.0728,178.2862,0.0,,
28.75320413,77.11729653,-0.154,0.3418,-0.0728,178.2862,15.0,,
28.75320413,77.11729653,-0.154,0.3418,-0.0728,178.2862,30.0,,
28.75320420,77.11729665,-0.143,0.3387,-0.0685,178.2859,-30.0,,
28.75320420,77.11729665,-0.143,0.3387,-0.0685,178.2859,-15.0,,
28.75320420,77.11729665,-0.143,0.3387,-0.0685,178.2859,0.0,0.3500,0.000
28.75320420,77.11729665,-0.143,0.3387,-0.0685,178.2859,15.0,0.3773,15.000
28.75320420,77.11729665,-0.143,0.3387,-0.0685,178.2859,30.0,0.3890,30.000
28.75320426,77.11729670,-0.135,0.3450,-0.0714,178.3376,-30.0,0.3754,-30.000
28.75320426,77.11729670,-0.135,0.3450,-0.0714,178.3376,-15.0,0.3624,-15.000
28.75320426,77.11729670,-0.135,0.3450,-0.0714,178.3376,0.0,0.3493,0.000
28.75320426,77.11729670,-0.135,0.3450,-0.0714,178.3376,15.0,0.3561,15.000
28.75320426,77.11729670,-0.135,0.3450,-0.0714,178.3376,30.0,0.3678,30.000
28.75320430,77.11729680,-0.127,0.3619,-0.0839,178.5282,-30.0,0.3754,-30.000
28.75320430,77.11729680,-0.127,0.3619,-0.0839,178.5282,-15.0,0.3646,-15.000
28.75320430,77.11729680,-0.127,0.3619,-0.0839,178.5282,0.0,0.3532,0.000
28.75320430,77.11729680,-0.127,0.3619,-0.0839,178.5282,15.0,0.3561,15.000
28.75320430,77.11729680,-0.127,0.3619,-0.0839,178.5282,30.0,0.3624,30.000
28.75320440,77.11729699,-0.118,0.3387,-0.0634,178.2126,-30.0,,
28.75320440,77.11729699,-0.118,0.3387,-0.0634,178.2126,-15.0,,
28.75320440,77.11729699,-0.118,0.3387,-0.0634,178.2126,0.0,0.3500,0.000
28.75320440,77.11729699,-0.118,0.3387,-0.0634,178.2126,15.0,0.3754,15.000
28.75320440,77.11729699,-0.118,0.3387,-0.0634,178.2126,30.0,0.3890,30.000
28.75320450,77.11729710,-0.110,0.3268,-0.0658,178.3168,-30.0,0.3754,-30.000
28.75320450,77.11729710,-0.110,0.3268,-0.0658,178.3168,-15.0,0.3561,-15.000
28.75320450,77.11729710,-0.110,0.3268,-0.0658,178.3168,0.0,,
28.75320450,77.11729710,-0.110,0.3268,-0.0658,178.3168,15.0,,
28.75320450,77.11729710,-0.110,0.3268,-0.0658,178.3168,30.0,,
28.75320460,77.11729710,-0.108,0.3341,-0.0633,178.2741,-30.0,,
28.75320460,77.11729710,-0.108,0.3341,-0.0633,178.2741,-15.0,0.3500,-15.000
28.75320460,77.11729710,-0.108,0.3341,-0.0633,178.2741,0.0,0.3561,0.000
28.75320460,77.11729710,-0.108,0.3341,-0.0633,178.2741,15.0,0.3754,15.000
28.75320460,77.11729710,-0.108,0.3341,-0.0633,178.2741,30.0,0.3960,30.000
28.75320468,77.11729710,-0.113,0.3491,-0.0626,178.2870,-30.0,0.3688,-30.000
28.75320468,77.11729710,-0.113,0.3491,-0.0626,178.2870,-15.0,0.3561,-15.000
28.75320468,77.11729710,-0.113,0.3491,-0.0626,178.2870,0.0,0.3500,0.000
28.75320468,77.11729710,-0.113,0.3491,-0.0626,178.2870,15.0,0.3539,15.000
28.75320468,77.11729710,-0.113,0.3491,-0.0626,178.2870,30.0,0.3812,30.000
28.75320470,77.11729700,-0.117,0.3647,-0.0707,178.2698,-30.0,0.3821,-30.000
28.75320470,77.11729700,-0.117,0.3647,-0.0707,178.2698,-15.0,0.3688,-15.000
28.75320470,77.11729700,-0.117,0.3647,-0.0707,178.2698,0.0,0.3500,0.000
28.75320470,77.11729700,-0.117,0.3647,-0.0707,178.2698,15.0,0.3540,15.000
28.75320470,77.11729700,-0.117,0.3647,-0.0707,178.2698,30.0,,
28.75320470,77.11729690,-0.122,0.3730,-0.0747,178.2626,-30.0,,
28.75320470,77.11729690,-0.122,0.3730,-0.0747,178.2626,-15.0,,
28.75320470,77.11729690,-0.122,0.3730,-0.0747,178.2626,0.0,,
28.75320470,77.11729690,-0.122,0.3730,-0.0747,178.2626,15.0,0.3688,15.000
28.75320470,77.11729690,-0.122,0.3730,-0.0747,178.2626,30.0,0.3890,30.000
28.75320480,77.11729690,-0.127,0.3750,-0.0721,178.2622,-30.0,0.3796,-30.000
28.75320480,77.11729690,-0.127,0.3750,-0.0721,178.2622,-15.0,0.3671,-15.000
28.75320480,77.11729690,-0.127,0.3750,-0.0721,178.2622,0.0,0.3500,0.000
28.75320480,77.11729690,-0.127,0.3750,-0.0721,178.2622,15.0,,
28.75320480,77.11729690,-0.127,0.3750,-0.0721,178.2622,30.0,,
28.75320480,77.11729690,-0.128,0.3832,-0.0630,178.2627,-30.0,0.3654,-30.000
28.75320480,77.11729690,-0.128,0.3832,-0.0630,178.2627,-15.0,0.3500,-15.000
28.75320480,77.11729690,-0.128,0.3832,-0.0630,178.2627,0.0,0.3519,0.000
28.75320480,77.11729690,-0.128,0.3832,-0.0630,178.2627,15.0,0.3624,15.000
28.75320480,77.11729690,-0.128,0.3832,-0.0630,178.2627,30.0,0.3882,30.000
28.75320480,77.11729660,-0.128,0.4036,-0.0678,178.2532,-30.0,0.3688,-30.000
28.75320480,77.11729660,-0.128,0.4036,-0.0678,178.2532,-15.0,0.3500,-15.000
28.75320480,77.11729660,-0.128,0.4036,-0.0678,178.2532,0.0,0.3500,0.000
28.75320480,77.11729660,-0.128,0.4036,-0.0678,178.2532,15.0,0.3627,15.000
28.75320480,77.11729660,-0.128,0.4036,-0.0678,178.2532,30.0,0.3890,30.000
28.75320480,77.11729637,-0.141,0.4094,-0.0774,178.2594,-30.0,0.3776,-30.000
28.75320480,77.11729637,-0.141,0.4094,-0.0774,178.2594,-15.0,0.3645,-15.000
28.75320480,77.11729637,-0.141,0.4094,-0.0774,178.2594,0.0,0.3560,0.000
28.75320480,77.11729637,-0.141,0.4094,-0.0774,178.2594,15.0,,
28.75320480,77.11729637,-0.141,0.4094,-0.0774,178.2594,30.0,,
28.75320472,77.11729600,-0.165,0.4235,-0.0835,178.2590,-30.0,,
28.75320472,77.11729600,-0.165,0.4235,-0.0835,178.2590,-15.0,,
28.75320472,77.11729600,-0.165,0.4235,-0.0835,178.2590,0.0,,
28.75320472,77.11729600,-0.165,0.4235,-0.0835,178.2590,15.0,0.3572,15.000
28.75320472,77.11729600,-0.165,0.4235,-0.0835,178.2590,30.0,0.3890,30.000
28.75320470,77.11729570,-0.186,0.4330,-0.0902,178.2500,-30.0,0.3821,-30.000
28.75320470,77.11729570,-0.186,0.4330,-0.0902,178.2500,-15.0,0.3688,-15.000
28.75320470,77.11729570,-0.186,0.4330,-0.0902,178.2500,0.0,0.3501,0.000
28.75320470,77.11729570,-0.186,0.4330,-0.0902,178.2500,15.0,0.3542,15.000
28.75320470,77.11729570,-0.186,0.4330,-0.0902,178.2500,30.0,,
28.75320460,77.11729550,-0.205,0.4290,-0.0894,178.2287,-30.0,0.3624,-30.000
28.75320460,77.11729550,-0.205,0.4290,-0.0894,178.2287,-15.0,0.3561,-15.000
28.75320460,77.11729550,-0.205,0.4290,-0.0894,178.2287,0.0,0.3454,0.000
28.75320460,77.11729550,-0.205,0.4290,-0.0894,178.2287,15.0,0.3624,15.000
28.75320460,77.11729550,-0.205,0.4290,-0.0894,178.2287,30.0,0.3821,30.000
28.75320460,77.11729530,-0.218,0.4609,-0.0918,178.2286,-30.0,,
28.75320460,77.11729530,-0.218,0.4609,-0.0918,178.2286,-15.0,0.3500,-15.000
28.75320460,77.11729530,-0.218,0.4609,-0.0918,178.2286,0.0,0.3561,0.000
28.75320460,77.11729530,-0.218,0.4609,-0.0918,178.2286,15.0,0.3743,15.000
28.75320460,77.11729530,-0.218,0.4609,-0.0918,178.2286,30.0,0.3960,30.000
28.75320460,77.11729510,-0.230,0.4524,-0.0889,178.2219,-30.0,0.3754,-30.000
28.75320460,77.11729510,-0.230,0.4524,-0.0889,178.2219,-15.0,0.3688,-15.000
28.75320460,77.11729510,-0.230,0.4524,-0.0889,178.2219,0.0,,
28.75320460,77.11729510,-0.230,0.4524,-0.0889,178.2219,15.0,,
28.75320460,77.11729510,-0.230,0.4524,-0.0889,178.2219,30.0,,
28.75320450,77.11729490,-0.230,0.4505,-0.0863,178.2148,-30.0,,
28.75320450,77.11729490,-0.230,0.4505,-0.0863,178.2148,-15.0,,
28.75320450,77.11729490,-0.230,0.4505,-0.0863,178.2148,0.0,0.3500,0.000
28.75320450,77.11729490,-0.230,0.4505,-0.0863,178.2148,15.0,0.3688,15.000
28.75320450,77.11729490,-0.230,0.4505,-0.0863,178.2148,30.0,0.3890,30.000
28.75320450,77.11729480,-0.219,0.4501,-0.0870,178.2096,-30.0,0.3810,-30.000
28.75320450,77.11729480,-0.219,0.4501,-0.0870,178.2096,-15.0,0.3688,-15.000
28.75320450,77.11729480,-0.219,0.4501,-0.0870,178.2096,0.0,0.3500,0.000
28.75320450,77.11729480,-0.219,0.4501,-0.0870,178.2096,15.0,0.3561,15.000
28.75320450,77.11729480,-0.219,0.4501,-0.0870,178.2096,30.0,,
28.75320440,77.11729470,-0.206,0.4458,-0.0940,178.2048,-30.0,0.3688,-30.000
28.75320440,77.11729470,-0.206,0.4458,-0.0940,178.2048,-15.0,0.3561,-15.000
28.75320440,77.11729470,-0.206,0.4458,-0.0940,178.2048,0.0,0.3500,0.000
28.75320440,77.11729470,-0.206,0.4458,-0.0940,178.2048,15.0,0.3500,15.000
28.75320440,77.11729470,-0.206,0.4458,-0.0940,178.2048,30.0,0.3754,30.000
28.75320430,77.11729470,-0.191,0.4392,-0.0982,178.2015,-30.0,,
28.75320430,77.11729470,-0.191,0.4392,-0.0982,178.2015,-15.0,0.3500,-15.000
28.75320430,77.11729470,-0.191,0.4392,-0.0982,178.2015,0.0,0.3584,0.000
28.75320430,77.11729470,-0.191,0.4392,-0.0982,178.2015,15.0,0.3782,15.000
28.75320430,77.11729470,-0.191,0.4392,-0.0982,178.2015,30.0,0.3890,30.000
28.75320420,77.11729470,-0.181,0.4321,-0.1038,178.1965,-30.0,0.3748,-30.000
28.75320420,77.11729470,-0.181,0.4321,-0.1038,178.1965,-15.0,0.3561,-15.000
28.75320420,77.11729470,-0.181,0.4321,-0.1038,178.1965,0.0,,
28.75320420,77.11729470,-0.181,0.4321,-0.1038,178.1965,15.0,,
28.75320420,77.11729470,-0.181,0.4321,-0.1038,178.1965,30.0,,
28.75320410,77.11729470,-0.179,0.4241,-0.1066,178.1946,-30.0,,
28.75320410,77.11729470,-0.179,0.4241,-0.1066,178.1946,-15.0,,
28.75320410,77.11729470,-0.179,0.4241,-0.1066,178.1946,0.0,0.3495,0.000
28.75320410,77.11729470,-0.179,0.4241,-0.1066,178.1946,15.0,0.3754,15.000
28.75320410,77.11729470,-0.179,0.4241,-0.1066,178.1946,30.0,0.3890,30.000
28.75320400,77.11729480,-0.179,0.4146,-0.1118,178.1920,-30.0,0.3697,-30.000
28.75320400,77.11729480,-0.179,0.4146,-0.1118,178.1920,-15.0,0.3605,-15.000
28.75320400,77.11729480,-0.179,0.4146,-0.1118,178.1920,0.0,0.3500,0.000
28.75320400,77.11729480,-0.179,0.4146,-0.1118,178.1920,15.0,0.3561,15.000
28.75320400,77.11729480,-0.179,0.4146,-0.1118,178.1920,30.0,0.3688,30.000
28.75320390,77.11729490,-0.177,0.4042,-0.1156,178.1875,-30.0,0.3821,-30.000
28.75320390,77.11729490,-0.177,0.4042,-0.1156,178.1875,-15.0,0.3688,-15.000
28.75320390,77.11729490,-0.177,0.4042,-0.1156,178.1875,0.0,0.3500,0.000
28.75320390,77.11729490,-0.177,0.4042,-0.1156,178.1875,15.0,0.3503,15.000
28.75320390,77.11729490,-0.177,0.4042,-0.1156,178.1875,30.0,0.3667,30.000
28.75320396,77.11729490,-0.175,0.3959,-0.1093,178.1826,-30.0,,
28.75320396,77.11729490,-0.175,0.3959,-0.1093,178.1826,-15.0,,
28.75320396,77.11729490,-0.175,0.3959,-0.1093,178.1826,0.0,0.3500,0.000
28.75320396,77.11729490,-0.175,0.3959,-0.1093,178.1826,15.0,0.3754,15.000
28.75320396,77.11729490,-0.175,0.3959,-0.1093,178.1826,30.0,0.3890,30.000
28.75320400,77.11729490,-0.167,0.3924,-0.1034,178.1786,-30.0,0.3754,-30.000
28.75320400,77.11729490,-0.167,0.3924,-0.1034,178.1786,-15.0,0.3624,-15.000
28.75320400,77.11729490,-0.167,0.3924,-0.1034,178.1786,0.0,,
28.75320400,77.11729490,-0.167,0.3924,-0.1034,178.1786,15.0,,
28.75320400,77.11729490,-0.167,0.3924,-0.1034,178.1786,30.0,,
28.75320400,77.11729490,-0.161,0.3919,-0.0976,178.1733,-30.0,,
28.75320400,77.11729490,-0.161,0.3919,-0.0976,178.1733,-15.0,0.3540,-15.000
28.75320400,77.11729490,-0.161,0.3919,-0.0976,178.1733,0.0,0.3561,0.000
28.75320400,77.11729490,-0.161,0.3919,-0.0976,178.1733,15.0,0.3709,15.000
28.75320400,77.11729490,-0.161,0.3919,-0.0976,178.1733,30.0,0.3960,30.000
28.75320400,77.11729490,-0.154,0.3932,-0.0938,178.1673,-30.0,0.3637,-30.000
28.75320400,77.11729490,-0.154,0.3932,-0.0938,178.1673,-15.0,0.3561,-15.000
28.75320400,77.11729490,-0.154,0.3932,-0.0938,178.1673,0.0,0.3500,0.000
28.75320400,77.11729490,-0.154,0.3932,-0.0938,178.1673,15.0,0.3624,15.000
28.75320400,77.11729490,-0.154,0.3932,-0.0938,178.1673,30.0,0.3821,30.000
28.75320400,77.11729490,-0.150,0.3902,-0.0922,178.1657,-30.0,0.3821,-30.000
28.75320400,77.11729490,-0.150,0.3902,-0.0922,178.1657,-15.0,0.3688,-15.000
28.75320400,77.11729490,-0.150,0.3902,-0.0922,178.1657,0.0,0.3500,0.000
28.75320400,77.11729490,-0.150,0.3902,-0.0922,178.1657,15.0,0.3561,15.000
28.75320400,77.11729490,-0.150,0.3902,-0.0922,178.1657,30.0,,
28.75320400,77.11729500,-0.148,0.3812,-0.0934,178.1611,-30.0,,
28.75320400,77.11729500,-0.148,0.3812,-0.0934,178.1611,-15.0,,
28.75320400,77.11729500,-0.148,0.3812,-0.0934,178.1611,0.0,,
28.75320400,77.11729500,-0.148,0.3812,-0.0934,178.1611,15.0,0.3624,15.000
28.75320400,77.11729500,-0.148,0.3812,-0.0934,178.1611,30.0,0.3890,30.000
28.75320400,77.11729510,-0.138,0.3741,-0.0947,178.1577,-30.0,0.3754,-30.000
28.75320400,77.11729510,-0.138,0.3741,-0.0947,178.1577,-15.0,0.3624,-15.000
28.75320400,77.11729510,-0.138,0.3741,-0.0947,178.1577,0.0,0.3479,0.000
28.75320400,77.11729510,-0.138,0.3741,-0.0947,178.1577,15.0,,
28.75320400,77.11729510,-0.138,0.3741,-0.0947,178.1577,30.0,,
28.75320400,77.11729510,-0.139,0.3697,-0.0941,178.1553,-30.0,0.3688,-30.000
28.75320400,77.11729510,-0.139,0.3697,-0.0941,178.1553,-15.0,0.3507,-15.000
28.75320400,77.11729510,-0.139,0.3697,-0.0941,178.1553,0.0,0.3500,0.000
28.75320400,77.11729510,-0.139,0.3697,-0.0941,178.1553,15.0,0.3688,15.000
28.75320400,77.11729510,-0.139,0.3697,-0.0941,178.1553,30.0,0.3890,30.000
28.75320400,77.11729510,-0.144,0.3711,-0.0906,178.1519,-30.0,0.3688,-30.000
28.75320400,77.11729510,-0.144,0.3711,-0.0906,178.1519,-15.0,0.3560,-15.000
28.75320400,77.11729510,-0.144,0.3711,-0.0906,178.1519,0.0,0.3500,0.000
28.75320400,77.11729510,-0.144,0.3711,-0.0906,178.1519,15.0,0.3688,15.000
28.75320400,77.11729510,-0.144,0.3711,-0.0906,178.1519,30.0,0.3890,30.000
28.75320400,77.11729510,-0.145,0.3681,-0.0872,178.1476,-30.0,0.3821,-30.000
28.75320400,77.11729510,-0.145,0.3681,-0.0872,178.1476,-15.0,0.3688,-15.000
28.75320400,77.11729510,-0.145,0.3681,-0.0872,178.1476,0.0,0.3500,0.000
28.75320400,77.11729510,-0.145,0.3681,-0.0872,178.1476,15.0,,
28.75320400,77.11729510,-0.145,0.3681,-0.0872,178.1476,30.0,,
28.75320400,77.11729519,-0.144,0.3701,-0.0825,178.1455,-30.0,,
28.75320400,77.11729519,-0.144,0.3701,-0.0825,178.1455,-15.0,,
28.75320400,77.11729519,-0.144,0.3701,-0.0825,178.1455,0.0,,
28.75320400,77.11729519,-0.144,0.3701,-0.0825,178.1455,15.0,0.3624,15.000
28.75320400,77.11729519,-0.144,0.3701,-0.0825,178.1455,30.0,0.3890,30.000
28.75320400,77.11729520,-0.142,0.3700,-0.0802,178.1414,-30.0,0.3821,-30.000
28.75320400,77.11729520,-0.142,0.3700,-0.0802,178.1414,-15.0,0.3640,-15.000
28.75320400,77.11729520,-0.142,0.3700,-0.0802,178.1414,0.0,0.3524,0.000
28.75320400,77.11729520,-0.142,0.3700,-0.0802,178.1414,15.0,0.3561,15.000
28.75320400,77.11729520,-0.142,0.3700,-0.0802,178.1414,30.0,,
28.75320400,77.11729520,-0.140,0.3661,-0.0793,178.1351,-30.0,0.3632,-30.000
28.75320400,77.11729520,-0.140,0.3661,-0.0793,178.1351,-15.0,0.3561,-15.000
28.75320400,77.11729520,-0.140,0.3661,-0.0793,178.1351,0.0,0.3464,0.000
28.75320400,77.11729520,-0.140,0.3661,-0.0793,178.1351,15.0,0.3613,15.000
28.75320400,77.11729520,-0.140,0.3661,-0.0793,178.1351,30.0,0.3821,30.000
28.75320400,77.11729530,-0.137,0.3633,-0.0791,178.1314,-30.0,,
28.75320400,77.11729530,-0.137,0.3633,-0.0791,178.1314,-15.0,0.3555,-15.000
28.75320400,77.11729530,-0.137,0.3633,-0.0791,178.1314,0.0,0.3561,0.000
28.75320400,77.11729530,-0.137,0.3633,-0.0791,178.1314,15.0,0.3754,15.000
28.75320400,77.11729530,-0.137,0.3633,-0.0791,178.1314,30.0,0.3962,30.000
28.75320400,77.11729530,-0.132,0.3575,-0.0753,178.1265,-30.0,0.3723,-30.000
28.75320400,77.11729530,-0.132,0.3575,-0.0753,178.1265,-15.0,0.3624,-15.000
28.75320400,77.11729530,-0.132,0.3575,-0.0753,178.1265,0.0,,
28.75320400,77.11729530,-0.132,0.3575,-0.0753,178.1265,15.0,,
28.75320400,77.11729530,-0.132,0.3575,-0.0753,178.1265,30.0,,
28.75320400,77.11729544,-0.129,0.3507,-0.0721,178.1217,-30.0,,
28.75320400,77.11729544,-0.129,0.3507,-0.0721,178.1217,-15.0,,
28.75320400,77.11729544,-0.129,0.3507,-0.0721,178.1217,0.0,0.3452,0.000
28.75320400,77.11729544,-0.129,0.3507,-0.0721,178.1217,15.0,0.3754,15.000
28.75320400,77.11729544,-0.129,0.3507,-0.0721,178.1217,30.0,0.3890,30.000
28.75320400,77.11729550,-0.127,0.3433,-0.0684,178.1185,-30.0,0.3754,-30.000
28.75320400,77.11729550,-0.127,0.3433,-0.0684,178.1185,-15.0,0.3688,-15.000
28.75320400,77.11729550,-0.127,0.3433,-0.0684,178.1185,0.0,0.3539,0.000
28.75320400,77.11729550,-0.127,0.3433,-0.0684,178.1185,15.0,0.3561,15.000
28.75320400,77.11729550,-0.127,0.3433,-0.0684,178.1185,30.0,0.3639,30.000
28.75320400,77.11729560,-0.130,0.3417,-0.0695,178.1154,-30.0,0.3714,-30.000
28.75320400,77.11729560,-0.130,0.3417,-0.0695,178.1154,-15.0,0.3561,-15.000
28.75320400,77.11729560,-0.130,0.3417,-0.0695,178.1154,0.0,0.3457,0.000
28.75320400,77.11729560,-0.130,0.3417,-0.0695,178.1154,15.0,0.3561,15.000
28.75320400,77.11729560,-0.130,0.3417,-0.0695,178.1154,30.0,0.3750,30.000
28.75320400,77.11729570,-0.135,0.3439,-0.0730,178.1117,-30.0,,
28.75320400,77.11729570,-0.135,0.3439,-0.0730,178.1117,-15.0,,
28.75320400,77.11729570,-0.135,0.3439,-0.0730,178.1117,0.0,0.3561,0.000
28.75320400,77.11729570,-0.135,0.3439,-0.0730,178.1117,15.0,0.3821,15.000
28.75320400,77.11729570,-0.135,0.3439,-0.0730,178.1117,30.0,0.3924,30.000
28.75320400,77.11729570,-0.140,0.3474,-0.0754,178.1090,-30.0,0.3688,-30.000
28.75320400,77.11729570,-0.140,0.3474,-0.0754,178.1090,-15.0,0.3561,-15.000
28.75320400,77.11729570,-0.140,0.3474,-0.0754,178.1090,0.0,,
28.75320400,77.11729570,-0.140,0.3474,-0.0754,178.1090,15.0,,
28.75320400,77.11729570,-0.140,0.3474,-0.0754,178.1090,30.0,,
28.75320390,77.11729570,-0.144,0.3473,-0.0778,178.1047,-30.0,,
28.75320390,77.11729570,-0.144,0.3473,-0.0778,178.1047,-15.0,0.3501,-15.000
28.75320390,77.11729570,-0.144,0.3473,-0.0778,178.1047,0.0,0.3561,0.000
28.75320390,77.11729570,-0.144,0.3473,-0.0778,178.1047,15.0,0.3754,15.000
28.75320390,77.11729570,-0.144,0.3473,-0.0778,178.1047,30.0,0.3890,30.000
28.75320390,77.11729580,-0.145,0.3448,-0.0815,178.1014,-30.0,0.3731,-30.000
28.75320390,77.11729580,-0.145,0.3448,-0.0815,178.1014,-15.0,0.3561,-15.000
28.75320390,77.11729580,-0.145,0.3448,-0.0815,178.1014,0.0,0.3500,0.000
28.75320390,77.11729580,-0.145,0.3448,-0.0815,178.1014,15.0,0.3582,15.000
28.75320390,77.11729580,-0.145,0.3448,-0.0815,178.1014,30.0,0.3754,30.000
28.75320390,77.11729580,-0.146,0.3457,-0.0827,178.0983,-30.0,0.3821,-30.000
28.75320390,77.11729580,-0.146,0.3457,-0.0827,178.0983,-15.0,0.3667,-15.000
28.75320390,77.11729580,-0.146,0.3457,-0.0827,178.0983,0.0,0.3500,0.000
28.75320390,77.11729580,-0.146,0.3457,-0.0827,178.0983,15.0,0.3478,15.000
28.75320390,77.11729580,-0.146,0.3457,-0.0827,178.0983,30.0,0.3688,29.840
28.75320390,77.11729590,-0.150,0.3451,-0.0794,178.0947,-30.0,,
28.75320390,77.11729590,-0.150,0.3451,-0.0794,178.0947,-15.0,,
28.75320390,77.11729590,-0.150,0.3451,-0.0794,178.0947,0.0,0.3441,0.000
28.75320390,77.11729590,-0.150,0.3451,-0.0794,178.0947,15.0,0.3720,15.000
28.75320390,77.11729590,-0.150,0.3451,-0.0794,178.0947,30.0,0.3890,30.000
28.75320390,77.11729590,-0.149,0.3460,-0.0795,178.0923,-30.0,0.3688,-30.000
28.75320390,77.11729590,-0.149,0.3460,-0.0795,178.0923,-15.0,0.3688,-15.000
28.75320390,77.11729590,-0.149,0.3460,-0.0795,178.0923,0.0,,
28.75320390,77.11729590,-0.149,0.3460,-0.0795,178.0923,15.0,,
28.75320390,77.11729590,-0.149,0.3460,-0.0795,178.0923,30.0,,
28.75320390,77.11729590,-0.144,0.3479,-0.0816,178.0899,-30.0,,
28.75320390,77.11729590,-0.144,0.3479,-0.0816,178.0899,-15.0,0.3561,-15.000
28.75320390,77.11729590,-0.144,0.3479,-0.0816,178.0899,0.0,0.3561,0.000
28.75320390,77.11729590,-0.144,0.3479,-0.0816,178.0899,15.0,0.3699,15.000
28.75320390,77.11729590,-0.144,0.3479,-0.0816,178.0899,30.0,0.3890,30.000
28.75320390,77.11729590,-0.143,0.3497,-0.0808,178.0857,-30.0,0.3636,-30.000
28.75320390,77.11729590,-0.143,0.3497,-0.0808,178.0857,-15.0,0.3561,-15.000
28.75320390,77.11729590,-0.143,0.3497,-0.0808,178.0857,0.0,0.3460,0.000
28.75320390,77.11729590,-0.143,0.3497,-0.0808,178.0857,15.0,0.3624,15.000
28.75320390,77.11729590,-0.143,0.3497,-0.0808,178.0857,30.0,0.3830,30.000
28.75320390,77.11729590,-0.145,0.3527,-0.0823,178.0818,-30.0,0.3763,-30.000
28.75320390,77.11729590,-0.145,0.3527,-0.0823,178.0818,-15.0,0.3641,-15.000
28.75320390,77.11729590,-0.145,0.3527,-0.0823,178.0818,0.0,0.3500,0.000
28.75320390,77.11729590,-0.145,0.3527,-0.0823,178.0818,15.0,0.3561,15.000
28.75320390,77.11729590,-0.145,0.3527,-0.0823,178.0818,30.0,,
28.75320390,77.11729590,-0.144,0.3517,-0.0830,178.0770,-30.0,,
28.75320390,77.11729590,-0.144,0.3517,-0.0830,178.0770,-15.0,,
28.75320390,77.11729590,-0.144,0.3517,-0.0830,178.0770,0.0,,
28.75320390,77.11729590,-0.144,0.3517,-0.0830,178.0770,15.0,0.3624,15.000
28.75320390,77.11729590,-0.144,0.3517,-0.0830,178.0770,30.0,0.3890,30.000
28.75320390,77.11729600,-0.148,0.3495,-0.0837,178.0745,-30.0,0.3814,-30.000
28.75320390,77.11729600,-0.148,0.3495,-0.0837,178.0745,-15.0,0.3688,-15.000
28.75320390,77.11729600,-0.148,0.3495,-0.0837,178.0745,0.0,0.3500,0.000
28.75320390,77.11729600,-0.148,0.3495,-0.0837,178.0745,15.0,,
28.75320390,77.11729600,-0.148,0.3495,-0.0837,178.0745,30.0,,
28.75320390,77.11729600,-0.149,0.3510,-0.0823,178.0712,-30.0,0.3688,-30.000
28.75320390,77.11729600,-0.149,0.3510,-0.0823,178.0712,-15.0,0.3500,-15.000
28.75320390,77.11729600,-0.149,0.3510,-0.0823,178.0712,0.0,0.3500,0.000
28.75320390,77.11729600,-0.149,0.3510,-0.0823,178.0712,15.0,0.3688,15.000
28.75320390,77.11729600,-0.149,0.3510,-0.0823,178.0712,30.0,0.3886,30.000
28.75320390,77.11729600,-0.152,0.3549,-0.0816,178.0684,-30.0,0.3666,-30.000
28.75320390,77.11729600,-0.152,0.3549,-0.0816,178.0684,-15.0,0.3500,-15.000
28.75320390,77.11729600,-0.152,0.3549,-0.0816,178.0684,0.0,0.3561,0.000
28.75320390,77.11729600,-0.152,0.3549,-0.0816,178.0684,15.0,0.3624,15.000
28.75320390,77.11729600,-0.152,0.3549,-0.0816,178.0684,30.0,0.3890,30.000
28.75320390,77.11729590,-0.154,0.3567,-0.0824,178.0651,-30.0,0.3797,-30.000
28.75320390,77.11729590,-0.154,0.3567,-0.0824,178.0651,-15.0,0.3642,-15.000
28.75320390,77.11729590,-0.154,0.3567,-0.0824,178.0651,0.0,0.3441,0.000
28.75320390,77.11729590,-0.154,0.3567,-0.0824,178.0651,15.0,,
28.75320390,77.11729590,-0.154,0.3567,-0.0824,178.0651,30.0,,
28.75320390,77.11729590,-0.155,0.3603,-0.0800,178.0620,-30.0,,
28.75320390,77.11729590,-0.155,0.3603,-0.0800,178.0620,-15.0,,
28.75320390,77.11729590,-0.155,0.3603,-0.0800,178.0620,0.0,,
28.75320390,77.11729590,-0.155,0.3603,-0.0800,178.0620,15.0,0.3678,15.000
28.75320390,77.11729590,-0.155,0.3603,-0.0800,178.0620,30.0,0.3890,30.000
28.75320390,77.11729590,-0.153,0.3656,-0.0801,178.0583,-30.0,0.3821,-30.000
28.75320390,77.11729590,-0.153,0.3656,-0.0801,178.0583,-15.0,0.3630,-15.000
28.75320390,77.11729590,-0.153,0.3656,-0.0801,178.0583,0.0,0.3509,0.000
28.75320390,77.11729590,-0.153,0.3656,-0.0801,178.0583,15.0,0.3561,15.000
28.75320390,77.11729590,-0.153,0.3656,-0.0801,178.0583,30.0,,
28.75320390,77.11729590,-0.151,0.3643,-0.0798,178.0545,-30.0,0.3688,-30.000
28.75320390,77.11729590,-0.151,0.3643,-0.0798,178.0545,-15.0,0.3561,-15.000
28.75320390,77.11729590,-0.151,0.3643,-0.0798,178.0545,0.0,0.3542,0.000
28.75320390,77.11729590,-0.151,0.3643,-0.0798,178.0545,15.0,0.3618,15.000
28.75320390,77.11729590,-0.151,0.3643,-0.0798,178.0545,30.0,0.3821,30.000
28.75320390,77.11729600,-0.154,0.3610,-0.0784,178.0509,-30.0,,
28.75320390,77.11729600,-0.154,0.3610,-0.0784,178.0509,-15.0,0.3550,-15.000
28.75320390,77.11729600,-0.154,0.3610,-0.0784,178.0509,0.0,0.3561,0.000
28.75320390,77.11729600,-0.154,0.3610,-0.0784,178.0509,15.0,0.3815,15.000
28.75320390,77.11729600,-0.154,0.3610,-0.0784,178.0509,30.0,0.3957,30.000
28.75320390,77.11729600,-0.156,0.3612,-0.0832,178.0479,-30.0,0.3754,-30.000
28.75320390,77.11729600,-0.156,0.3612,-0.0832,178.0479,-15.0,0.3561,-15.000
28.75320390,77.11729600,-0.156,0.3612,-0.0832,178.0479,0.0,,
28.75320390,77.11729600,-0.156,0.3612,-0.0832,178.0479,15.0,,
28.75320390,77.11729600,-0.156,0.3612,-0.0832,178.0479,30.0,,
28.75320390,77.11729590,-0.149,0.3654,-0.0921,178.0448,-30.0,,
28.75320390,77.11729590,-0.149,0.3654,-0.0921,178.0448,-15.0,,
28.75320390,77.11729590,-0.149,0.3654,-0.0921,178.0448,0.0,0.3500,0.000
28.75320390,77.11729590,-0.149,0.3654,-0.0921,178.0448,15.0,0.3754,15.000
28.75320390,77.11729590,-0.149,0.3654,-0.0921,178.0448,30.0,0.3890,30.000
28.75320390,77.11729590,-0.138,0.3685,-0.0944,178.0433,-30.0,0.3732,-30.000
28.75320390,77.11729590,-0.138,0.3685,-0.0944,178.0433,-15.0,0.3624,-15.000
28.75320390,77.11729590,-0.138,0.3685,-0.0944,178.0433,0.0,0.3500,0.000
28.75320390,77.11729590,-0.138,0.3685,-0.0944,178.0433,15.0,0.3561,15.000
28.75320390,77.11729590,-0.138,0.3685,-0.0944,178.0433,30.0,0.3624,30.000
28.75320390,77.11729590,-0.064,0.3713,-0.0930,178.0403,-30.0,0.3754,-30.000
28.75320390,77.11729590,-0.064,0.3713,-0.0930,178.0403,-15.0,0.3561,-15.000
28.75320390,77.11729590,-0.064,0.3713,-0.0930,178.0403,0.0,0.3469,0.000
28.75320390,77.11729590,-0.064,0.3713,-0.0930,178.0403,15.0,0.3562,15.000
28.75320390,77.11729590,-0.064,0.3713,-0.0930,178.0403,30.0,0.3657,30.000
28.75320390,77.11729590,0.007,0.3712,-0.0904,178.0353,-30.0,,
28.75320390,77.11729590,0.007,0.3712,-0.0904,178.0353,-15.0,,
28.75320390,77.11729590,0.007,0.3712,-0.0904,178.0353,0.0,0.3561,0.000
28.75320390,77.11729590,0.007,0.3712,-0.0904,178.0353,15.0,0.3818,15.000
28.75320390,77.11729590,0.007,0.3712,-0.0904,178.0353,30.0,0.3890,30.000
28.75320390,77.11729590,0.006,0.3739,-0.0907,178.0344,-30.0,0.3688,-30.000
28.75320390,77.11729590,0.006,0.3739,-0.0907,178.0344,-15.0,0.3561,-15.000
28.75320390,77.11729590,0.006,0.3739,-0.0907,178.0344,0.0,,
28.75320390,77.11729590,0.006,0.3739,-0.0907,178.0344,15.0,,
28.75320390,77.11729590,0.006,0.3739,-0.0907,178.0344,30.0,,
28.75320390,77.11729590,0.009,0.3771,-0.0911,178.0308,-30.0,,
28.75320390,77.11729590,0.009,0.3771,-0.0911,178.0308,-15.0,0.3500,-15.000
28.75320390,77.11729590,0.009,0.3771,-0.0911,178.0308,0.0,0.3561,0.000
28.75320390,77.11729590,0.009,0.3771,-0.0911,178.0308,15.0,0.3754,15.000
28.75320390,77.11729590,0.009,0.3771,-0.0911,178.0308,30.0,0.3989,30.000
28.75320390,77.11729590,0.013,0.3786,-0.0905,178.0275,-30.0,0.3688,-30.000
28.75320390,77.11729590,0.013,0.3786,-0.0905,178.0275,-15.0,0.3561,-15.000
28.75320390,77.11729590,0.013,0.3786,-0.0905,178.0275,0.0,0.3500,0.000
28.75320390,77.11729590,0.013,0.3786,-0.0905,178.0275,15.0,0.3500,15.000
28.75320390,77.11729590,0.013,0.3786,-0.0905,178.0275,30.0,0.3740,30.000
28.75320390,77.11729590,0.017,0.3808,-0.0910,178.0275,-30.0,0.3821,-30.000
28.75320390,77.11729590,0.017,0.3808,-0.0910,178.0275,-15.0,0.3624,-15.000
28.75320390,77.11729590,0.017,0.3808,-0.0910,178.0275,0.0,0.3500,0.000
28.75320390,77.11729590,0.017,0.3808,-0.0910,178.0275,15.0,0.3523,15.000
28.75320390,77.11729590,0.017,0.3808,-0.0910,178.0275,30.0,,
28.75320390,77.11729590,0.018,0.3836,-0.0919,178.0276,-30.0,,
28.75320390,77.11729590,0.018,0.3836,-0.0919,178.0276,-15.0,,
28.75320390,77.11729590,0.018,0.3836,-0.0919,178.0276,0.0,,
28.75320390,77.11729590,0.018,0.3836,-0.0919,178.0276,15.0,0.3688,15.000
28.75320390,77.11729590,0.018,0.3836,-0.0919,178.0276,30.0,0.3890,30.000
28.75320390,77.11729590,0.019,0.3845,-0.0914,178.0245,-30.0,0.3754,-30.000
28.75320390,77.11729590,0.019,0.3845,-0.0914,178.0245,-15.0,0.3688,-15.000
28.75320390,77.11729590,0.019,0.3845,-0.0914,178.0245,0.0,0.3500,0.000
28.75320390,77.11729590,0.019,0.3845,-0.0914,178.0245,15.0,,
28.75320390,77.11729590,0.019,0.3845,-0.0914,178.0245,30.0,,
28.75320390,77.11729590,0.021,0.3824,-0.0928,178.0215,-30.0,0.3677,-30.000
28.75320390,77.11729590,0.021,0.3824,-0.0928,178.0215,-15.0,0.3561,-15.000
28.75320390,77.11729590,0.021,0.3824,-0.0928,178.0215,0.0,0.3561,0.000
28.75320390,77.11729590,0.021,0.3824,-0.0928,178.0215,15.0,0.3624,15.000
28.75320390,77.11729590,0.021,0.3824,-0.0928,178.0215,30.0,0.3851,30.000
28.75320390,77.11729590,0.020,0.3808,-0.0939,178.0194,-30.0,0.3688,-30.000
28.75320390,77.11729590,0.020,0.3808,-0.0939,178.0194,-15.0,0.3540,-15.000
28.75320390,77.11729590,0.020,0.3808,-0.0939,178.0194,0.0,0.3500,0.000
28.75320390,77.11729590,0.020,0.3808,-0.0939,178.0194,15.0,0.3624,15.000
28.75320390,77.11729590,0.020,0.3808,-0.0939,178.0194,30.0,0.3890,30.000
28.75320390,77.11729590,0.023,0.3856,-0.0926,178.0161,-30.0,0.3821,-30.000
28.75320390,77.11729590,0.023,0.3856,-0.0926,178.0161,-15.0,0.3671,-15.000
28.75320390,77.11729590,0.023,0.3856,-0.0926,178.0161,0.0,0.3500,0.000
28.75320390,77.11729590,0.023,0.3856,-0.0926,178.0161,15.0,,
28.75320390,77.11729590,0.023,0.3856,-0.0926,178.0161,30.0,,
28.75320390,77.11729590,0.027,0.3862,-0.0887,178.0130,-30.0,,
28.75320390,77.11729590,0.027,0.3862,-0.0887,178.0130,-15.0,,
28.75320390,77.11729590,0.027,0.3862,-0.0887,178.0130,0.0,,
28.75320390,77.11729590,0.027,0.3862,-0.0887,178.0130,15.0,0.3500,15.000
28.75320390,77.11729590,0.027,0.3862,-0.0887,178.0130,30.0,0.3821,30.000
28.75320390,77.11729590,0.034,0.3790,-0.0859,178.0095,-30.0,0.3791,-30.000
28.75320390,77.11729590,0.034,0.3790,-0.0859,178.0095,-15.0,0.3630,-15.000
28.75320390,77.11729590,0.034,0.3790,-0.0859,178.0095,0.0,0.3539,0.000
28.75320390,77.11729590,0.034,0.3790,-0.0859,178.0095,15.0,,
28.75320390,77.11729590,0.034,0.3790,-0.0859,178.0095,30.0,,
28.75320390,77.11729590,0.044,0.3829,-0.0892,178.0055,-30.0,0.3688,-30.000
28.75320390,77.11729590,0.044,0.3829,-0.0892,178.0055,-15.0,0.3500,-15.000
28.75320390,77.11729590,0.044,0.3829,-0.0892,178.0055,0.0,0.3500,0.000
28.75320390,77.11729590,0.044,0.3829,-0.0892,178.0055,15.0,0.3653,15.000
28.75320390,77.11729590,0.044,0.3829,-0.0892,178.0055,30.0,0.3875,30.000
28.75320390,77.11729590,0.054,0.3828,-0.0911,177.9993,-30.0,0.3624,-30.000
28.75320390,77.11729590,0.054,0.3828,-0.0911,177.9993,-15.0,0.3500,-15.000
28.75320390,77.11729590,0.054,0.3828,-0.0911,177.9993,0.0,0.3561,0.000
28.75320390,77.11729590,0.054,0.3828,-0.0911,177.9993,15.0,0.3688,15.000
28.75320390,77.11729590,0.054,0.3828,-0.0911,177.9993,30.0,0.3864,30.000
28.75320390,77.11729590,0.057,0.3839,-0.0834,177.9879,-30.0,0.3754,-30.000
28.75320390,77.11729590,0.057,0.3839,-0.0834,177.9879,-15.0,0.3688,-15.000
28.75320390,77.11729590,0.057,0.3839,-0.0834,177.9879,0.0,0.3500,0.000
28.75320390,77.11729590,0.057,0.3839,-0.0834,177.9879,15.0,,
28.75320390,77.11729590,0.057,0.3839,-0.0834,177.9879,30.0,,
28.75320380,77.11729590,0.055,0.3703,-0.0606,177.9827,-30.0,,
28.75320380,77.11729590,0.055,0.3703,-0.0606,177.9827,-15.0,,
28.75320380,77.11729590,0.055,0.3703,-0.0606,177.9827,0.0,,
28.75320380,77.11729590,0.055,0.3703,-0.0606,177.9827,15.0,0.3668,15.000
28.75320380,77.11729590,0.055,0.3703,-0.0606,177.9827,30.0,0.3890,30.000
28.75320380,77.11729590,0.057,0.3578,-0.0751,177.9786,-30.0,0.3890,-30.000
28.75320380,77.11729590,0.057,0.3578,-0.0751,177.9786,-15.0,0.3679,-15.000
28.75320380,77.11729590,0.057,0.3578,-0.0751,177.9786,0.0,0.3548,0.000
28.75320380,77.11729590,0.057,0.3578,-0.0751,177.9786,15.0,0.3561,15.000
28.75320380,77.11729590,0.057,0.3578,-0.0751,177.9786,30.0,,
28.75320380,77.11729580,0.060,0.3341,-0.0709,177.9588,-30.0,0.3644,-30.000
28.75320380,77.11729580,0.060,0.3341,-0.0709,177.9588,-15.0,0.3561,-15.000
28.75320380,77.11729580,0.060,0.3341,-0.0709,177.9588,0.0,0.3500,0.000
28.75320380,77.11729580,0.060,0.3341,-0.0709,177.9588,15.0,0.3501,15.000
28.75320380,77.11729580,0.060,0.3341,-0.0709,177.9588,30.0,0.3771,30.000
28.75320380,77.11729580,0.064,0.3898,-0.0713,177.9489,-30.0,,
28.75320380,77.11729580,0.064,0.3898,-0.0713,177.9489,-15.0,0.3515,-15.000
28.75320380,77.11729580,0.064,0.3898,-0.0713,177.9489,0.0,0.3561,0.000
28.75320380,77.11729580,0.064,0.3898,-0.0713,177.9489,15.0,0.3754,15.000
28.75320380,77.11729580,0.064,0.3898,-0.0713,177.9489,30.0,0.3946,30.000
28.75320380,77.11729590,0.070,0.3470,-0.0714,177.9553,-30.0,0.3821,-30.000
28.75320380,77.11729590,0.070,0.3470,-0.0714,177.9553,-15.0,0.3561,-15.000
28.75320380,77.11729590,0.070,0.3470,-0.0714,177.9553,0.0,,
28.75320380,77.11729590,0.070,0.3470,-0.0714,177.9553,15.0,,
28.75320380,77.11729590,0.070,0.3470,-0.0714,177.9553,30.0,,
28.75320380,77.11729590,0.073,0.3384,-0.0765,177.9573,-30.0,,
28.75320380,77.11729590,0.073,0.3384,-0.0765,177.9573,-15.0,,
28.75320380,77.11729590,0.073,0.3384,-0.0765,177.9573,0.0,0.3500,0.000
28.75320380,77.11729590,0.073,0.3384,-0.0765,177.9573,15.0,0.3754,15.000
28.75320380,77.11729590,0.073,0.3384,-0.0765,177.9573,30.0,0.3890,30.000
28.75320380,77.11729590,0.074,0.3390,-0.0604,177.9378,-30.0,0.3821,-30.000
28.75320380,77.11729590,0.074,0.3390,-0.0604,177.9378,-15.0,0.3590,-15.000
28.75320380,77.11729590,0.074,0.3390,-0.0604,177.9378,0.0,0.3500,0.000
28.75320380,77.11729590,0.074,0.3390,-0.0604,177.9378,15.0,0.3561,15.000
28.75320380,77.11729590,0.074,0.3390,-0.0604,177.9378,30.0,0.3644,30.000
28.75320380,77.11729590,0.080,0.2975,-0.0212,177.9577,-30.0,0.3821,-30.000
28.75320380,77.11729590,0.080,0.2975,-0.0212,177.9577,-15.0,0.3646,-15.000
28.75320380,77.11729590,0.080,0.2975,-0.0212,177.9577,0.0,0.3561,0.000
28.75320380,77.11729590,0.080,0.2975,-0.0212,177.9577,15.0,0.3500,15.000
28.75320380,77.11729590,0.080,0.2975,-0.0212,177.9577,30.0,0.3624,30.000
28.75320380,77.11729590,0.083,0.3525,-0.1357,177.9162,-30.0,,
28.75320380,77.11729590,0.083,0.3525,-0.1357,177.9162,-15.0,,
28.75320380,77.11729590,0.083,0.3525,-0.1357,177.9162,0.0,0.3500,0.000
28.75320380,77.11729590,0.083,0.3525,-0.1357,177.9162,15.0,0.3789,15.000
28.75320380,77.11729590,0.083,0.3525,-0.1357,177.9162,30.0,0.3933,30.000
28.75320380,77.11729590,0.087,0.3977,-0.0394,177.8751,-30.0,0.3884,-30.000
28.75320380,77.11729590,0.087,0.3977,-0.0394,177.8751,-15.0,0.3561,-15.000
28.75320380,77.11729590,0.087,0.3977,-0.0394,177.8751,0.0,,
28.75320380,77.11729590,0.087,0.3977,-0.0394,177.8751,15.0,,
28.75320380,77.11729590,0.087,0.3977,-0.0394,177.8751,30.0,,
28.75320380,77.11729590,0.089,0.3166,-0.0010,177.9067,-30.0,,
28.75320380,77.11729590,0.089,0.3166,-0.0010,177.9067,-15.0,0.3500,-15.000
28.75320380,77.11729590,0.089,0.3166,-0.0010,177.9067,0.0,0.3561,0.000
28.75320380,77.11729590,0.089,0.3166,-0.0010,177.9067,15.0,0.3688,15.000
28.75320380,77.11729590,0.089,0.3166,-0.0010,177.9067,30.0,0.3960,30.000
28.75320380,77.11729580,0.094,0.3224,-0.1116,177.9146,-30.0,0.3688,-30.000
28.75320380,77.11729580,0.094,0.3224,-0.1116,177.9146,-15.0,0.3561,-15.000
28.75320380,77.11729580,0.094,0.3224,-0.1116,177.9146,0.0,0.3500,0.000
28.75320380,77.11729580,0.094,0.3224,-0.1116,177.9146,15.0,0.3561,15.000
28.75320380,77.11729580,0.094,0.3224,-0.1116,177.9146,30.0,0.3754,30.000
28.75320370,77.11729580,0.103,0.3338,-0.0980,177.8930,-30.0,0.3890,-30.000
28.75320370,77.11729580,0.103,0.3338,-0.0980,177.8930,-15.0,0.3667,-15.000
28.75320370,77.11729580,0.103,0.3338,-0.0980,177.8930,0.0,0.3500,0.000
28.75320370,77.11729580,0.103,0.3338,-0.0980,177.8930,15.0,0.3540,15.000
28.75320370,77.11729580,0.103,0.3338,-0.0980,177.8930,30.0,,
28.75320370,77.11729580,0.101,0.3466,-0.0972,177.8741,-30.0,,
28.75320370,77.11729580,0.101,0.3466,-0.0972,177.8741,-15.0,,
28.75320370,77.11729580,0.101,0.3466,-0.0972,177.8741,0.0,,
28.75320370,77.11729580,0.101,0.3466,-0.0972,177.8741,15.0,0.3688,15.000
28.75320370,77.11729580,0.101,0.3466,-0.0972,177.8741,30.0,0.3890,30.000
28.75320370,77.11729580,0.108,0.3455,-0.1105,177.9001,-30.0,0.3890,-30.000
28.75320370,77.11729580,0.108,0.3455,-0.1105,177.9001,-15.0,0.3624,-15.000
28.75320370,77.11729580,0.108,0.3455,-0.1105,177.9001,0.0,0.3494,0.000
28.75320370,77.11729580,0.108,0.3455,-0.1105,177.9001,15.0,,
28.75320370,77.11729580,0.108,0.3455,-0.1105,177.9001,30.0,,
28.75320370,77.11729570,0.117,0.3743,-0.0998,177.8901,-30.0,0.3688,-30.000
28.75320370,77.11729570,0.117,0.3743,-0.0998,177.8901,-15.0,0.3525,-15.000
28.75320370,77.11729570,0.117,0.3743,-0.0998,177.8901,0.0,0.3500,0.000
28.75320370,77.11729570,0.117,0.3743,-0.0998,177.8901,15.0,0.3674,15.000
28.75320370,77.11729570,0.117,0.3743,-0.0998,177.8901,30.0,0.3890,30.000
28.75320370,77.11729570,0.122,0.3099,-0.0933,177.8826,-30.0,0.3659,-30.000
28.75320370,77.11729570,0.122,0.3099,-0.0933,177.8826,-15.0,0.3500,-15.000
28.75320370,77.11729570,0.122,0.3099,-0.0933,177.8826,0.0,0.3500,0.000
28.75320370,77.11729570,0.122,0.3099,-0.0933,177.8826,15.0,0.3624,15.000
28.75320370,77.11729570,0.122,0.3099,-0.0933,177.8826,30.0,0.3890,30.000
28.75320370,77.11729560,0.124,0.3062,-0.1001,177.8897,-30.0,0.3890,-30.000
28.75320370,77.11729560,0.124,0.3062,-0.1001,177.8897,-15.0,0.3624,-15.000
28.75320370,77.11729560,0.124,0.3062,-0.1001,177.8897,0.0,0.3500,0.000
28.75320370,77.11729560,0.124,0.3062,-0.1001,177.8897,15.0,,
28.75320370,77.11729560,0.124,0.3062,-0.1001,177.8897,30.0,,
28.75320370,77.11729560,0.129,0.3345,-0.1188,177.8826,-30.0,,
28.75320370,77.11729560,0.129,0.3345,-0.1188,177.8826,-15.0,,
28.75320370,77.11729560,0.129,0.3345,-0.1188,177.8826,0.0,,
28.75320370,77.11729560,0.129,0.3345,-0.1188,177.8826,15.0,0.3572,15.000
28.75320370,77.11729560,0.129,0.3345,-0.1188,177.8826,30.0,0.3861,30.000
28.75320370,77.11729560,0.135,0.2707,-0.1302,177.9120,-30.0,0.3867,-30.000
28.75320370,77.11729560,0.135,0.2707,-0.1302,177.9120,-15.0,0.3624,-15.000
28.75320370,77.11729560,0.135,0.2707,-0.1302,177.9120,0.0,0.3500,0.000
28.75320370,77.11729560,0.135,0.2707,-0.1302,177.9120,15.0,0.3542,15.000
28.75320370,77.11729560,0.135,0.2707,-0.1302,177.9120,30.0,,
28.75320370,77.11729560,0.137,0.3536,-0.1068,177.8787,-30.0,0.3626,-30.000
28.75320370,77.11729560,0.137,0.3536,-0.1068,177.8787,-15.0,0.3500,-15.000
28.75320370,77.11729560,0.137,0.3536,-0.1068,177.8787,0.0,0.3441,0.000
28.75320370,77.11729560,0.137,0.3536,-0.1068,177.8787,15.0,0.3578,15.000
28.75320370,77.11729560,0.137,0.3536,-0.1068,177.8787,30.0,0.3821,30.000
28.75320370,77.11729560,0.139,0.0007,-0.1488,178.0140,-30.0,,
28.75320370,77.11729560,0.139,0.0007,-0.1488,178.0140,-15.0,0.3561,-15.000
28.75320370,77.11729560,0.139,0.0007,-0.1488,178.0140,0.0,0.3608,0.000
28.75320370,77.11729560,0.139,0.0007,-0.1488,178.0140,15.0,0.3754,15.000
28.75320370,77.11729560,0.139,0.0007,-0.1488,178.0140,30.0,0.3890,30.000
28.75320380,77.11729570,0.163,-1.6054,-0.1062,178.3756,-30.0,0.3890,-30.000
28.75320380,77.11729570,0.163,-1.6054,-0.1062,178.3756,-15.0,0.3741,-15.000
28.75320380,77.11729570,0.163,-1.6054,-0.1062,178.3756,0.0,,
28.75320380,77.11729570,0.163,-1.6054,-0.1062,178.3756,15.0,,
28.75320380,77.11729570,0.163,-1.6054,-0.1062,178.3756,30.0,,
28.75320390,77.11729570,0.200,-1.5511,0.2724,178.9015,-30.0,,
28.75320390,77.11729570,0.200,-1.5511,0.2724,178.9015,-15.0,,
28.75320390,77.11729570,0.200,-1.5511,0.2724,178.9015,0.0,0.3561,0.000
28.75320390,77.11729570,0.200,-1.5511,0.2724,178.9015,15.0,0.4117,15.000
28.75320390,77.11729570,0.200,-1.5511,0.2724,178.9015,30.0,0.4177,30.000
28.75320403,77.11729600,0.274,-1.1393,0.9179,179.4394,-30.0,0.4801,-30.000
28.75320403,77.11729600,0.274,-1.1393,0.9179,179.4394,-15.0,0.4405,-15.000
28.75320403,77.11729600,0.274,-1.1393,0.9179,179.4394,0.0,0.4031,0.000
28.75320403,77.11729600,0.274,-1.1393,0.9179,179.4394,15.0,0.3960,15.000
28.75320403,77.11729600,0.274,-1.1393,0.9179,179.4394,30.0,,
28.75320430,77.11729620,0.375,-0.3145,0.9286,179.2501,-30.0,0.4816,-30.000
28.75320430,77.11729620,0.375,-0.3145,0.9286,179.2501,-15.0,0.4720,-15.000
28.75320430,77.11729620,0.375,-0.3145,0.9286,179.2501,0.0,0.4570,0.000
28.75320430,77.11729620,0.375,-0.3145,0.9286,179.2501,15.0,0.4729,15.000
28.75320430,77.11729620,0.375,-0.3145,0.9286,179.2501,30.0,0.5415,30.000
28.75320480,77.11729650,0.468,1.4201,1.1539,177.5752,-30.0,,
28.75320480,77.11729650,0.468,1.4201,1.1539,177.5752,-15.0,0.5595,-15.000
28.75320480,77.11729650,0.468,1.4201,1.1539,177.5752,0.0,0.5385,0.000
28.75320480,77.11729650,0.468,1.4201,1.1539,177.5752,15.0,0.5731,15.000
28.75320480,77.11729650,0.468,1.4201,1.1539,177.5752,30.0,0.6159,30.000
28.75320520,77.11729660,0.547,1.6608,0.3763,175.3512,-30.0,0.6939,-30.000
28.75320520,77.11729660,0.547,1.6608,0.3763,175.3512,-15.0,0.5902,-15.000
28.75320520,77.11729660,0.547,1.6608,0.3763,175.3512,0.0,,
28.75320520,77.11729660,0.547,1.6608,0.3763,175.3512,15.0,,
28.75320520,77.11729660,0.547,1.6608,0.3763,175.3512,30.0,,
28.75320580,77.11729659,0.571,1.6738,0.6932,173.7249,-30.0,,
28.75320580,77.11729659,0.571,1.6738,0.6932,173.7249,-15.0,,
28.75320580,77.11729659,0.571,1.6738,0.6932,173.7249,0.0,0.6440,0.000
28.75320580,77.11729659,0.571,1.6738,0.6932,173.7249,15.0,0.7769,15.000
28.75320580,77.11729659,0.571,1.6738,0.6932,173.7249,30.0,0.8426,30.000
28.75320636,77.11729630,0.544,0.9763,0.4758,172.6676,-30.0,0.7446,-30.000
28.75320636,77.11729630,0.544,0.9763,0.4758,172.6676,-15.0,0.6740,-15.000
28.75320636,77.11729630,0.544,0.9763,0.4758,172.6676,0.0,0.6376,0.000
28.75320636,77.11729630,0.544,0.9763,0.4758,172.6676,15.0,0.6595,15.000
28.75320636,77.11729630,0.544,0.9763,0.4758,172.6676,30.0,0.7553,30.000
28.75320690,77.11729610,0.468,0.3690,0.7495,172.0704,-30.0,0.7512,-30.000
28.75320690,77.11729610,0.468,0.3690,0.7495,172.0704,-15.0,0.6712,-15.000
28.75320690,77.11729610,0.468,0.3690,0.7495,172.0704,0.0,0.5906,0.000
28.75320690,77.11729610,0.468,0.3690,0.7495,172.0704,15.0,0.5854,15.000
28.75320690,77.11729610,0.468,0.3690,0.7495,172.0704,30.0,0.6261,30.000
28.75320750,77.11729570,0.347,0.2071,0.4054,171.8275,-30.0,,
28.75320750,77.11729570,0.347,0.2071,0.4054,171.8275,-15.0,,
28.75320750,77.11729570,0.347,0.2071,0.4054,171.8275,0.0,0.4883,0.000
28.75320750,77.11729570,0.347,0.2071,0.4054,171.8275,15.0,0.6546,15.000
28.75320750,77.11729570,0.347,0.2071,0.4054,171.8275,30.0,0.6479,30.000
28.75320817,77.11729533,0.183,0.4189,1.0497,172.1372,-30.0,0.4651,-30.000
28.75320817,77.11729533,0.183,0.4189,1.0497,172.1372,-15.0,0.4082,-15.000
28.75320817,77.11729533,0.183,0.4189,1.0497,172.1372,0.0,,
28.75320817,77.11729533,0.183,0.4189,1.0497,172.1372,15.0,,
28.75320817,77.11729533,0.183,0.4189,1.0497,172.1372,30.0,,
28.75320850,77.11729520,0.148,0.3660,0.7052,172.3316,-30.0,,
28.75320850,77.11729520,0.148,0.3660,0.7052,172.3316,-15.0,0.3500,-15.000
28.75320850,77.11729520,0.148,0.3660,0.7052,172.3316,0.0,0.3560,0.000
28.75320850,77.11729520,0.148,0.3660,0.7052,172.3316,15.0,0.3754,15.000
28.75320850,77.11729520,0.148,0.3660,0.7052,172.3316,30.0,0.3866,30.000
28.75320840,77.11729520,0.113,0.3332,0.4356,172.4211,-30.0,0.3637,-30.000
28.75320840,77.11729520,0.113,0.3332,0.4356,172.4211,-15.0,0.3561,-15.000
28.75320840,77.11729520,0.113,0.3332,0.4356,172.4211,0.0,0.3503,0.000
28.75320840,77.11729520,0.113,0.3332,0.4356,172.4211,15.0,0.3572,15.000
28.75320840,77.11729520,0.113,0.3332,0.4356,172.4211,30.0,0.3821,30.000
28.75320840,77.11729520,0.104,0.3498,0.4696,172.4112,-30.0,0.3707,-30.000
28.75320840,77.11729520,0.104,0.3498,0.4696,172.4112,-15.0,0.3624,-15.000
28.75320840,77.11729520,0.104,0.3498,0.4696,172.4112,0.0,0.3553,0.000
28.75320840,77.11729520,0.104,0.3498,0.4696,172.4112,15.0,0.3551,15.000
28.75320840,77.11729520,0.104,0.3498,0.4696,172.4112,30.0,,
28.75320830,77.11729520,0.088,0.3408,0.4455,172.3767,-30.0,,
28.75320830,77.11729520,0.088,0.3408,0.4455,172.3767,-15.0,,
28.75320830,77.11729520,0.088,0.3408,0.4455,172.3767,0.0,,
28.75320830,77.11729520,0.088,0.3408,0.4455,172.3767,15.0,0.3624,15.000
28.75320830,77.11729520,0.088,0.3408,0.4455,172.3767,30.0,0.3821,30.000
28.75320830,77.11729520,0.081,0.3309,0.4382,172.3707,-30.0,0.3657,-30.000
28.75320830,77.11729520,0.081,0.3309,0.4382,172.3707,-15.0,0.3688,-15.000
28.75320830,77.11729520,0.081,0.3309,0.4382,172.3707,0.0,0.3525,0.000
28.75320830,77.11729520,0.081,0.3309,0.4382,172.3707,15.0,,
28.75320830,77.11729520,0.081,0.3309,0.4382,172.3707,30.0,,
28.75320820,77.11729530,0.074,0.3352,0.4282,172.3368,-30.0,0.3614,-30.000
28.75320820,77.11729530,0.074,0.3352,0.4282,172.3368,-15.0,0.3500,-15.000
28.75320820,77.11729530,0.074,0.3352,0.4282,172.3368,0.0,0.3500,0.000
28.75320820,77.11729530,0.074,0.3352,0.4282,172.3368,15.0,0.3671,15.000
28.75320820,77.11729530,0.074,0.3352,0.4282,172.3368,30.0,0.3821,30.000
28.75320820,77.11729530,0.069,0.3423,0.4385,172.3347,-30.0,0.3621,-30.000
28.75320820,77.11729530,0.069,0.3423,0.4385,172.3347,-15.0,0.3500,-15.000
28.75320820,77.11729530,0.069,0.3423,0.4385,172.3347,0.0,0.3510,0.000
28.75320820,77.11729530,0.069,0.3423,0.4385,172.3347,15.0,0.3624,15.000
28.75320820,77.11729530,0.069,0.3423,0.4385,172.3347,30.0,0.3821,30.000
28.75320820,77.11729530,0.063,0.3430,0.4450,172.3258,-30.0,0.3624,-30.000
28.75320820,77.11729530,0.063,0.3430,0.4450,172.3258,-15.0,0.3672,-15.000
28.75320820,77.11729530,0.063,0.3430,0.4450,172.3258,0.0,0.3523,0.000
28.75320820,77.11729530,0.063,0.3430,0.4450,172.3258,15.0,,
28.75320820,77.11729530,0.063,0.3430,0.4450,172.3258,30.0,,
28.75320820,77.11729530,0.064,0.3374,0.4458,172.3242,-30.0,,
28.75320820,77.11729530,0.064,0.3374,0.4458,172.3242,-15.0,,
28.75320820,77.11729530,0.064,0.3374,0.4458,172.3242,0.0,,
28.75320820,77.11729530,0.064,0.3374,0.4458,172.3242,15.0,0.3572,15.000
28.75320820,77.11729530,0.064,0.3374,0.4458,172.3242,30.0,0.3821,30.000
28.75320820,77.11729540,0.061,0.3430,0.4478,172.3144,-30.0,0.3688,-30.000
28.75320820,77.11729540,0.061,0.3430,0.4478,172.3144,-15.0,0.3624,-15.000
28.75320820,77.11729540,0.061,0.3430,0.4478,172.3144,0.0,0.3500,0.000
28.75320820,77.11729540,0.061,0.3430,0.4478,172.3144,15.0,0.3561,15.000
28.75320820,77.11729540,0.061,0.3430,0.4478,172.3144,30.0,,
28.75320820,77.11729540,0.063,0.3393,0.4430,172.3075,-30.0,0.3632,-30.000
28.75320820,77.11729540,0.063,0.3393,0.4430,172.3075,-15.0,0.3561,-15.000
28.75320820,77.11729540,0.063,0.3393,0.4430,172.3075,0.0,0.3536,0.000
28.75320820,77.11729540,0.063,0.3393,0.4430,172.3075,15.0,0.3561,15.000
28.75320820,77.11729540,0.063,0.3393,0.4430,172.3075,30.0,0.3754,30.000
28.75320820,77.11729550,0.065,0.3377,0.4449,172.2987,-30.0,,
28.75320820,77.11729550,0.065,0.3377,0.4449,172.2987,-15.0,0.3500,-15.000
28.75320820,77.11729550,0.065,0.3377,0.4449,172.2987,0.0,0.3561,0.000
28.75320820,77.11729550,0.065,0.3377,0.4449,172.2987,15.0,0.3754,15.000
28.75320820,77.11729550,0.065,0.3377,0.4449,172.2987,30.0,0.3823,30.000
28.75320820,77.11729550,0.067,0.3403,0.4420,172.2962,-30.0,0.3561,-30.000
28.75320820,77.11729550,0.067,0.3403,0.4420,172.2962,-15.0,0.3561,-14.615
28.75320820,77.11729550,0.067,0.3403,0.4420,172.2962,0.0,,
28.75320820,77.11729550,0.067,0.3403,0.4420,172.2962,15.0,,
28.75320820,77.11729550,0.067,0.3403,0.4420,172.2962,30.0,,
28.75320820,77.11729550,0.067,0.3486,0.4446,172.2868,-30.0,,
28.75320820,77.11729550,0.067,0.3486,0.4446,172.2868,-15.0,,
28.75320820,77.11729550,0.067,0.3486,0.4446,172.2868,0.0,0.3549,0.000
28.75320820,77.11729550,0.067,0.3486,0.4446,172.2868,15.0,0.3696,15.000
28.75320820,77.11729550,0.067,0.3486,0.4446,172.2868,30.0,0.3825,30.000
28.75320820,77.11729550,0.067,0.3541,0.4461,172.2777,-30.0,0.3561,-30.000
28.75320820,77.11729550,0.067,0.3541,0.4461,172.2777,-15.0,0.3561,-15.000
28.75320820,77.11729550,0.067,0.3541,0.4461,172.2777,0.0,0.3500,0.000
28.75320820,77.11729550,0.067,0.3541,0.4461,172.2777,15.0,0.3561,15.000
28.75320820,77.11729550,0.067,0.3541,0.4461,172.2777,30.0,0.3667,30.000
28.75320820,77.11729550,0.070,0.3516,0.4435,172.2739,-30.0,0.3624,-30.000
28.75320820,77.11729550,0.070,0.3516,0.4435,172.2739,-15.0,0.3500,-15.000
28.75320820,77.11729550,0.070,0.3516,0.4435,172.2739,0.0,0.3500,0.000
28.75320820,77.11729550,0.070,0.3516,0.4435,172.2739,15.0,0.3561,15.000
28.75320820,77.11729550,0.070,0.3516,0.4435,172.2739,30.0,0.3688,30.000
28.75320820,77.11729560,0.069,0.3512,0.4376,172.2667,-30.0,,
28.75320820,77.11729560,0.069,0.3512,0.4376,172.2667,-15.0,,
28.75320820,77.11729560,0.069,0.3512,0.4376,172.2667,0.0,0.3527,0.000
28.75320820,77.11729560,0.069,0.3512,0.4376,172.2667,15.0,0.3754,15.000
28.75320820,77.11729560,0.069,0.3512,0.4376,172.2667,30.0,0.3890,30.000
28.75320820,77.11729560,0.067,0.3524,0.4420,172.2634,-30.0,0.3684,-30.000
28.75320820,77.11729560,0.067,0.3524,0.4420,172.2634,-15.0,0.3554,-15.000
28.75320820,77.11729560,0.067,0.3524,0.4420,172.2634,0.0,,
28.75320820,77.11729560,0.067,0.3524,0.4420,172.2634,15.0,,
28.75320820,77.11729560,0.067,0.3524,0.4420,172.2634,30.0,,
28.75320820,77.11729560,0.065,0.3523,0.4364,172.2608,-30.0,,
28.75320820,77.11729560,0.065,0.3523,0.4364,172.2608,-15.0,0.3561,-15.000
28.75320820,77.11729560,0.065,0.3523,0.4364,172.2608,0.0,0.3561,0.000
28.75320820,77.11729560,0.065,0.3523,0.4364,172.2608,15.0,0.3754,15.000
28.75320820,77.11729560,0.065,0.3523,0.4364,172.2608,30.0,0.3890,30.000
28.75320820,77.11729560,0.060,0.3562,0.4334,172.2575,-30.0,0.3666,-30.000
28.75320820,77.11729560,0.060,0.3562,0.4334,172.2575,-15.0,0.3500,-15.000
28.75320820,77.11729560,0.060,0.3562,0.4334,172.2575,0.0,0.3500,0.000
28.75320820,77.11729560,0.060,0.3562,0.4334,172.2575,15.0,0.3561,15.000
28.75320820,77.11729560,0.060,0.3562,0.4334,172.2575,30.0,0.3688,30.000
28.75320820,77.11729570,0.055,0.3555,0.4335,172.2502,-30.0,0.3626,-30.000
28.75320820,77.11729570,0.055,0.3555,0.4335,172.2502,-15.0,0.3628,-15.000
28.75320820,77.11729570,0.055,0.3555,0.4335,172.2502,0.0,0.3507,0.000
28.75320820,77.11729570,0.055,0.3555,0.4335,172.2502,15.0,0.3552,15.000
28.75320820,77.11729570,0.055,0.3555,0.4335,172.2502,30.0,,
28.75320820,77.11729570,0.051,0.3525,0.4323,172.2446,-30.0,,
28.75320820,77.11729570,0.051,0.3525,0.4323,172.2446,-15.0,,
28.75320820,77.11729570,0.051,0.3525,0.4323,172.2446,0.0,0.3517,0.000
28.75320820,77.11729570,0.051,0.3525,0.4323,172.2446,15.0,0.3678,15.000
28.75320820,77.11729570,0.051,0.3525,0.4323,172.2446,30.0,0.3821,30.000
28.75320820,77.11729570,0.054,0.3552,0.4328,172.2402,-30.0,0.3561,-30.000
28.75320820,77.11729570,0.054,0.3552,0.4328,172.2402,-15.0,0.3561,-15.000
28.75320820,77.11729570,0.054,0.3552,0.4328,172.2402,0.0,,
28.75320820,77.11729570,0.054,0.3552,0.4328,172.2402,15.0,,
28.75320820,77.11729570,0.054,0.3552,0.4328,172.2402,30.0,,
28.75320820,77.11729570,0.057,0.3581,0.4333,172.2320,-30.0,,
28.75320820,77.11729570,0.057,0.3581,0.4333,172.2320,-15.0,0.3500,-15.000
28.75320820,77.11729570,0.057,0.3581,0.4333,172.2320,0.0,0.3500,0.000
28.75320820,77.11729570,0.057,0.3581,0.4333,172.2320,15.0,0.3688,15.000
28.75320820,77.11729570,0.057,0.3581,0.4333,172.2320,30.0,0.3890,30.000
28.75320820,77.11729570,0.053,0.3604,0.4353,172.2272,-30.0,0.3688,-30.000
28.75320820,77.11729570,0.053,0.3604,0.4353,172.2272,-15.0,0.3561,-15.000
28.75320820,77.11729570,0.053,0.3604,0.4353,172.2272,0.0,0.3520,0.000
28.75320820,77.11729570,0.053,0.3604,0.4353,172.2272,15.0,0.3561,15.000
28.75320820,77.11729570,0.053,0.3604,0.4353,172.2272,30.0,0.3754,30.000
28.75320820,77.11729580,0.048,0.3573,0.4352,172.2231,-30.0,0.3686,-30.000
28.75320820,77.11729580,0.048,0.3573,0.4352,172.2231,-15.0,0.3628,-15.000
28.75320820,77.11729580,0.048,0.3573,0.4352,172.2231,0.0,0.3500,0.000
28.75320820,77.11729580,0.048,0.3573,0.4352,172.2231,15.0,0.3561,15.000
28.75320820,77.11729580,0.048,0.3573,0.4352,172.2231,30.0,,
28.75320820,77.11729570,0.028,0.3666,0.4332,172.2181,-30.0,,
28.75320820,77.11729570,0.028,0.3666,0.4332,172.2181,-15.0,,
28.75320820,77.11729570,0.028,0.3666,0.4332,172.2181,0.0,,
28.75320820,77.11729570,0.028,0.3666,0.4332,172.2181,15.0,0.3561,15.000
28.75320820,77.11729570,0.028,0.3666,0.4332,172.2181,30.0,0.3795,30.000
28.75320820,77.11729570,0.013,0.3726,0.4302,172.2109,-30.0,0.3688,-30.000
28.75320820,77.11729570,0.013,0.3726,0.4302,172.2109,-15.0,0.3624,-15.000
28.75320820,77.11729570,0.013,0.3726,0.4302,172.2109,0.0,0.3518,0.000
28.75320820,77.11729570,0.013,0.3726,0.4302,172.2109,15.0,,
28.75320820,77.11729570,0.013,0.3726,0.4302,172.2109,30.0,,
28.75320820,77.11729570,-0.001,0.3807,0.4329,172.2037,-30.0,0.3561,-30.000
28.75320820,77.11729570,-0.001,0.3807,0.4329,172.2037,-15.0,0.3534,-15.000
28.75320820,77.11729570,-0.001,0.3807,0.4329,172.2037,0.0,0.3500,0.000
28.75320820,77.11729570,-0.001,0.3807,0.4329,172.2037,15.0,0.3624,15.000
28.75320820,77.11729570,-0.001,0.3807,0.4329,172.2037,30.0,0.3821,30.000
28.75320820,77.11729560,-0.013,0.3838,0.4317,172.1965,-30.0,0.3540,-30.000
28.75320820,77.11729560,-0.013,0.3838,0.4317,172.1965,-15.0,0.3500,-15.000
28.75320820,77.11729560,-0.013,0.3838,0.4317,172.1965,0.0,0.3512,0.000
28.75320820,77.11729560,-0.013,0.3838,0.4317,172.1965,15.0,0.3632,15.000
28.75320820,77.11729560,-0.013,0.3838,0.4317,172.1965,30.0,0.3890,30.000
28.75320820,77.11729560,-0.022,0.3868,0.4334,172.1933,-30.0,0.3612,-30.000
28.75320820,77.11729560,-0.022,0.3868,0.4334,172.1933,-15.0,0.3624,-15.000
28.75320820,77.11729560,-0.022,0.3868,0.4334,172.1933,0.0,0.3500,0.000
28.75320820,77.11729560,-0.022,0.3868,0.4334,172.1933,15.0,,
28.75320820,77.11729560,-0.022,0.3868,0.4334,172.1933,30.0,,
28.75320820,77.11729560,-0.025,0.3862,0.4335,172.1881,-30.0,,
28.75320820,77.11729560,-0.025,0.3862,0.4335,172.1881,-15.0,,
28.75320820,77.11729560,-0.025,0.3862,0.4335,172.1881,0.0,,
28.75320820,77.11729560,-0.025,0.3862,0.4335,172.1881,15.0,0.3624,15.000
28.75320820,77.11729560,-0.025,0.3862,0.4335,172.1881,30.0,0.3821,30.000
28.75320820,77.11729560,-0.035,0.3893,0.4302,172.1818,-30.0,0.3681,-30.000
28.75320820,77.11729560,-0.035,0.3893,0.4302,172.1818,-15.0,0.3624,-15.000
28.75320820,77.11729560,-0.035,0.3893,0.4302,172.1818,0.0,0.3500,0.000
28.75320820,77.11729560,-0.035,0.3893,0.4302,172.1818,15.0,0.3561,15.000
28.75320820,77.11729560,-0.035,0.3893,0.4302,172.1818,30.0,,
28.75320820,77.11729560,-0.043,0.3964,0.4229,172.1752,-30.0,0.3624,-30.000
28.75320820,77.11729560,-0.043,0.3964,0.4229,172.1752,-15.0,0.3561,-15.000
28.75320820,77.11729560,-0.043,0.3964,0.4229,172.1752,0.0,0.3497,0.000
28.75320820,77.11729560,-0.043,0.3964,0.4229,172.1752,15.0,0.3561,15.000
28.75320820,77.11729560,-0.043,0.3964,0.4229,172.1752,30.0,0.3754,30.000
28.75320820,77.11729560,-0.050,0.3977,0.4182,172.1829,-30.0,,
28.75320820,77.11729560,-0.050,0.3977,0.4182,172.1829,-15.0,0.3500,-15.000
28.75320820,77.11729560,-0.050,0.3977,0.4182,172.1829,0.0,0.3561,0.000
28.75320820,77.11729560,-0.050,0.3977,0.4182,172.1829,15.0,0.3754,15.000
28.75320820,77.11729560,-0.050,0.3977,0.4182,172.1829,30.0,0.3890,30.000
28.75320820,77.11729560,-0.058,0.4046,0.4193,172.1571,-30.0,0.3566,-30.000
28.75320820,77.11729560,-0.058,0.4046,0.4193,172.1571,-15.0,0.3500,-15.000
28.75320820,77.11729560,-0.058,0.4046,0.4193,172.1571,0.0,,
28.75320820,77.11729560,-0.058,0.4046,0.4193,172.1571,15.0,,
28.75320820,77.11729560,-0.058,0.4046,0.4193,172.1571,30.0,,
28.75320820,77.11729560,-0.062,0.4120,0.4224,172.1538,-30.0,,
28.75320820,77.11729560,-0.062,0.4120,0.4224,172.1538,-15.0,,
28.75320820,77.11729560,-0.062,0.4120,0.4224,172.1538,0.0,0.3500,0.000
28.75320820,77.11729560,-0.062,0.4120,0.4224,172.1538,15.0,0.3754,15.000
28.75320820,77.11729560,-0.062,0.4120,0.4224,172.1538,30.0,0.3890,30.000
28.75320820,77.11729550,-0.068,0.4190,0.4271,172.1517,-30.0,0.3561,-30.000
28.75320820,77.11729550,-0.068,0.4190,0.4271,172.1517,-15.0,0.3500,-15.288
28.75320820,77.11729550,-0.068,0.4190,0.4271,172.1517,0.0,0.3500,0.000
28.75320820,77.11729550,-0.068,0.4190,0.4271,172.1517,15.0,0.3543,15.000
28.75320820,77.11729550,-0.068,0.4190,0.4271,172.1517,30.0,0.3649,30.000
28.75320820,77.11729550,-0.079,0.4241,0.4311,172.1461,-30.0,0.3592,-30.000
28.75320820,77.11729550,-0.079,0.4241,0.4311,172.1461,-15.0,0.3441,-15.000
28.75320820,77.11729550,-0.079,0.4241,0.4311,172.1461,0.0,0.3531,0.000
28.75320820,77.11729550,-0.079,0.4241,0.4311,172.1461,15.0,0.3561,15.000
28.75320820,77.11729550,-0.079,0.4241,0.4311,172.1461,30.0,0.3688,30.000
28.75320820,77.11729550,-0.094,0.4273,0.4306,172.1325,-30.0,,
28.75320820,77.11729550,-0.094,0.4273,0.4306,172.1325,-15.0,,
28.75320820,77.11729550,-0.094,0.4273,0.4306,172.1325,0.0,0.3537,0.000
28.75320820,77.11729550,-0.094,0.4273,0.4306,172.1325,15.0,0.3754,15.000
28.75320820,77.11729550,-0.094,0.4273,0.4306,172.1325,30.0,0.3890,30.000
28.75320820,77.11729550,-0.113,0.4213,0.4316,172.1195,-30.0,0.3564,-30.000
28.75320820,77.11729550,-0.113,0.4213,0.4316,172.1195,-15.0,0.3500,-15.000
28.75320820,77.11729550,-0.113,0.4213,0.4316,172.1195,0.0,,
28.75320820,77.11729550,-0.113,0.4213,0.4316,172.1195,15.0,,
28.75320820,77.11729550,-0.113,0.4213,0.4316,172.1195,30.0,,
28.75320820,77.11729560,-0.129,0.4120,0.4308,172.1054,-30.0,,
28.75320820,77.11729560,-0.129,0.4120,0.4308,172.1054,-15.0,0.3529,-15.000
28.75320820,77.11729560,-0.129,0.4120,0.4308,172.1054,0.0,0.3537,0.000
28.75320820,77.11729560,-0.129,0.4120,0.4308,172.1054,15.0,0.3736,15.000
28.75320820,77.11729560,-0.129,0.4120,0.4308,172.1054,30.0,0.3890,30.000
28.75320820,77.11729560,-0.145,0.4110,0.4282,172.0852,-30.0,0.3688,-30.000
28.75320820,77.11729560,-0.145,0.4110,0.4282,172.0852,-15.0,0.3500,-15.000
28.75320820,77.11729560,-0.145,0.4110,0.4282,172.0852,0.0,0.3500,0.000
28.75320820,77.11729560,-0.145,0.4110,0.4282,172.0852,15.0,0.3549,15.000
28.75320820,77.11729560,-0.145,0.4110,0.4282,172.0852,30.0,0.3754,30.000
28.75320820,77.11729570,-0.160,0.4055,0.4228,172.0733,-30.0,0.3624,-30.000
28.75320820,77.11729570,-0.160,0.4055,0.4228,172.0733,-15.0,0.3627,-15.000
28.75320820,77.11729570,-0.160,0.4055,0.4228,172.0733,0.0,0.3561,0.000
28.75320820,77.11729570,-0.160,0.4055,0.4228,172.0733,15.0,0.3555,15.000
28.75320820,77.11729570,-0.160,0.4055,0.4228,172.0733,30.0,,
28.75320820,77.11729570,-0.164,0.4096,0.4218,172.0569,-30.0,,
28.75320820,77.11729570,-0.164,0.4096,0.4218,172.0569,-15.0,,
28.75320820,77.11729570,-0.164,0.4096,0.4218,172.0569,0.0,,
28.75320820,77.11729570,-0.164,0.4096,0.4218,172.0569,15.0,0.3626,15.000
28.75320820,77.11729570,-0.164,0.4096,0.4218,172.0569,30.0,0.3821,30.000
28.75320820,77.11729560,-0.166,0.4202,0.4273,172.0332,-30.0,0.3561,-30.000
28.75320820,77.11729560,-0.166,0.4202,0.4273,172.0332,-15.0,0.3624,-15.000
28.75320820,77.11729560,-0.166,0.4202,0.4273,172.0332,0.0,0.3500,0.000
28.75320820,77.11729560,-0.166,0.4202,0.4273,172.0332,15.0,,
28.75320820,77.11729560,-0.166,0.4202,0.4273,172.0332,30.0,,
28.75320810,77.11729560,-0.174,0.4484,0.4708,171.9926,-30.0,0.3603,-30.000
28.75320810,77.11729560,-0.174,0.4484,0.4708,171.9926,-15.0,0.3500,-15.000
28.75320810,77.11729560,-0.174,0.4484,0.4708,171.9926,0.0,0.3500,0.000
28.75320810,77.11729560,-0.174,0.4484,0.4708,171.9926,15.0,0.3624,15.000
28.75320810,77.11729560,-0.174,0.4484,0.4708,171.9926,30.0,0.3866,30.000
28.75320800,77.11729560,-0.176,0.4402,0.4624,171.9756,-30.0,0.3624,-30.000
28.75320800,77.11729560,-0.176,0.4402,0.4624,171.9756,-15.0,0.3561,-15.000
28.75320800,77.11729560,-0.176,0.4402,0.4624,171.9756,0.0,0.3457,0.000
28.75320800,77.11729560,-0.176,0.4402,0.4624,171.9756,15.0,0.3599,15.000
28.75320800,77.11729560,-0.176,0.4402,0.4624,171.9756,30.0,0.3818,30.000
28.75320790,77.11729570,-0.178,0.4361,0.4505,171.9612,-30.0,0.3654,-30.000
28.75320790,77.11729570,-0.178,0.4361,0.4505,171.9612,-15.0,0.3624,-15.000
28.75320790,77.11729570,-0.178,0.4361,0.4505,171.9612,0.0,0.3500,0.000
28.75320790,77.11729570,-0.178,0.4361,0.4505,171.9612,15.0,,
28.75320790,77.11729570,-0.178,0.4361,0.4505,171.9612,30.0,,
28.75320790,77.11729570,-0.178,0.4376,0.4674,171.9305,-30.0,,
28.75320790,77.11729570,-0.178,0.4376,0.4674,171.9305,-15.0,,
28.75320790,77.11729570,-0.178,0.4376,0.4674,171.9305,0.0,,
28.75320790,77.11729570,-0.178,0.4376,0.4674,171.9305,15.0,0.3507,15.000
28.75320790,77.11729570,-0.178,0.4376,0.4674,171.9305,30.0,0.3754,30.000
28.75320790,77.11729570,-0.175,0.4441,0.4410,171.9491,-30.0,0.3624,-30.000
28.75320790,77.11729570,-0.175,0.4441,0.4410,171.9491,-15.0,0.3632,-15.000
28.75320790,77.11729570,-0.175,0.4441,0.4410,171.9491,0.0,0.3500,0.000
28.75320790,77.11729570,-0.175,0.4441,0.4410,171.9491,15.0,,
28.75320790,77.11729570,-0.175,0.4441,0.4410,171.9491,30.0,,
28.75320790,77.11729560,-0.181,0.4555,0.4630,171.9156,-30.0,0.3623,-30.000
28.75320790,77.11729560,-0.181,0.4555,0.4630,171.9156,-15.0,0.3540,-15.000
28.75320790,77.11729560,-0.181,0.4555,0.4630,171.9156,0.0,0.3441,0.000
28.75320790,77.11729560,-0.181,0.4555,0.4630,171.9156,15.0,0.3624,15.000
28.75320790,77.11729560,-0.181,0.4555,0.4630,171.9156,30.0,0.3754,30.000
28.75320790,77.11729550,-0.187,0.4472,0.4585,171.8985,-30.0,0.3502,-30.000
28.75320790,77.11729550,-0.187,0.4472,0.4585,171.8985,-15.0,0.3500,-15.000
28.75320790,77.11729550,-0.187,0.4472,0.4585,171.8985,0.0,0.3561,0.000
28.75320790,77.11729550,-0.187,0.4472,0.4585,171.8985,15.0,0.3688,15.000
28.75320790,77.11729550,-0.187,0.4472,0.4585,171.8985,30.0,0.3848,30.000
28.75320790,77.11729520,-0.185,0.4589,0.4372,171.8844,-30.0,0.3561,-30.000
28.75320790,77.11729520,-0.185,0.4589,0.4372,171.8844,-15.0,0.3614,-15.000
28.75320790,77.11729520,-0.185,0.4589,0.4372,171.8844,0.0,0.3483,0.000
28.75320790,77.11729520,-0.185,0.4589,0.4372,171.8844,15.0,,
28.75320790,77.11729520,-0.185,0.4589,0.4372,171.8844,30.0,,
28.75320790,77.11729468,-0.181,0.5002,0.4500,171.8668,-30.0,,
28.75320790,77.11729468,-0.181,0.5002,0.4500,171.8668,-15.0,,
28.75320790,77.11729468,-0.181,0.5002,0.4500,171.8668,0.0,,
28.75320790,77.11729468,-0.181,0.5002,0.4500,171.8668,15.0,0.3640,15.000
28.75320790,77.11729468,-0.181,0.5002,0.4500,171.8668,30.0,0.3821,30.000
28.75320800,77.11729412,-0.172,0.5418,0.4541,171.8939,-30.0,0.3624,-30.000
28.75320800,77.11729412,-0.172,0.5418,0.4541,171.8939,-15.0,0.3561,-15.000
28.75320800,77.11729412,-0.172,0.5418,0.4541,171.8939,0.0,0.3500,0.000
28.75320800,77.11729412,-0.172,0.5418,0.4541,171.8939,15.0,0.3500,15.000
28.75320800,77.11729412,-0.172,0.5418,0.4541,171.8939,30.0,,
28.75320800,77.11729360,-0.164,0.5513,0.4658,171.8523,-30.0,0.3688,-30.000
28.75320800,77.11729360,-0.164,0.5513,0.4658,171.8523,-15.0,0.3500,-15.000
28.75320800,77.11729360,-0.164,0.5513,0.4658,171.8523,0.0,0.3480,0.000
28.75320800,77.11729360,-0.164,0.5513,0.4658,171.8523,15.0,0.3561,15.000
28.75320800,77.11729360,-0.164,0.5513,0.4658,171.8523,30.0,0.3754,30.000
28.75320810,77.11729296,-0.162,0.5592,0.4615,171.8329,-30.0,,
28.75320810,77.11729296,-0.162,0.5592,0.4615,171.8329,-15.0,0.3504,-15.000
28.75320810,77.11729296,-0.162,0.5592,0.4615,171.8329,0.0,0.3561,0.000
28.75320810,77.11729296,-0.162,0.5592,0.4615,171.8329,15.0,0.3754,15.000
28.75320810,77.11729296,-0.162,0.5592,0.4615,171.8329,30.0,0.3890,30.000
28.75320820,77.11729220,-0.169,0.5810,0.4736,171.8187,-30.0,0.3624,-30.000
28.75320820,77.11729220,-0.169,0.5810,0.4736,171.8187,-15.0,0.3559,-15.000
28.75320820,77.11729220,-0.169,0.5810,0.4736,171.8187,0.0,,
28.75320820,77.11729220,-0.169,0.5810,0.4736,171.8187,15.0,,
28.75320820,77.11729220,-0.169,0.5810,0.4736,171.8187,30.0,,
28.75320836,77.11729124,-0.177,0.6105,0.4775,171.8024,-30.0,,
28.75320836,77.11729124,-0.177,0.6105,0.4775,171.8024,-15.0,,
28.75320836,77.11729124,-0.177,0.6105,0.4775,171.8024,0.0,0.3500,0.000
28.75320836,77.11729124,-0.177,0.6105,0.4775,171.8024,15.0,0.3754,15.000
28.75320836,77.11729124,-0.177,0.6105,0.4775,171.8024,30.0,0.3821,30.000
28.75320850,77.11729022,-0.193,0.6448,0.4931,171.7867,-30.0,0.3592,-30.000
28.75320850,77.11729022,-0.193,0.6448,0.4931,171.7867,-15.0,0.3441,-15.000
28.75320850,77.11729022,-0.193,0.6448,0.4931,171.7867,0.0,0.3535,0.000
28.75320850,77.11729022,-0.193,0.6448,0.4931,171.7867,15.0,0.3561,15.000
28.75320850,77.11729022,-0.193,0.6448,0.4931,171.7867,30.0,0.3688,30.000
28.75320870,77.11728918,-0.212,0.6715,0.5062,171.7714,-30.0,0.3561,-30.000
28.75320870,77.11728918,-0.212,0.6715,0.5062,171.7714,-15.0,0.3561,-15.000
28.75320870,77.11728918,-0.212,0.6715,0.5062,171.7714,0.0,0.3500,0.000
28.75320870,77.11728918,-0.212,0.6715,0.5062,171.7714,15.0,0.3500,15.000
28.75320870,77.11728918,-0.212,0.6715,0.5062,171.7714,30.0,0.3624,30.000
28.75320890,77.11728831,-0.229,0.6867,0.5155,171.7565,-30.0,,
28.75320890,77.11728831,-0.229,0.6867,0.5155,171.7565,-15.0,,
28.75320890,77.11728831,-0.229,0.6867,0.5155,171.7565,0.0,0.3441,0.000
28.75320890,77.11728831,-0.229,0.6867,0.5155,171.7565,15.0,0.3704,15.000
28.75320890,77.11728831,-0.229,0.6867,0.5155,171.7565,30.0,0.3821,30.000
28.75320900,77.11728757,-0.236,0.6928,0.5170,171.7399,-30.0,0.3593,-30.000
28.75320900,77.11728757,-0.236,0.6928,0.5170,171.7399,-15.0,0.3441,-15.000
28.75320900,77.11728757,-0.236,0.6928,0.5170,171.7399,0.0,,
28.75320900,77.11728757,-0.236,0.6928,0.5170,171.7399,15.0,,
28.75320900,77.11728757,-0.236,0.6928,0.5170,171.7399,30.0,,
28.75320910,77.11728700,-0.237,0.6910,0.5148,171.7242,-30.0,,
28.75320910,77.11728700,-0.237,0.6910,0.5148,171.7242,-15.0,0.3502,-15.000
28.75320910,77.11728700,-0.237,0.6910,0.5148,171.7242,0.0,0.3544,0.000
28.75320910,77.11728700,-0.237,0.6910,0.5148,171.7242,15.0,0.3719,15.000
28.75320910,77.11728700,-0.237,0.6910,0.5148,171.7242,30.0,0.3890,30.000
28.75320922,77.11728660,-0.234,0.6814,0.5157,171.7078,-30.0,0.3624,-30.000
28.75320922,77.11728660,-0.234,0.6814,0.5157,171.7078,-15.0,0.3561,-15.000
28.75320922,77.11728660,-0.234,0.6814,0.5157,171.7078,0.0,0.3500,0.000
28.75320922,77.11728660,-0.234,0.6814,0.5157,171.7078,15.0,0.3561,15.000
28.75320922,77.11728660,-0.234,0.6814,0.5157,171.7078,30.0,0.3754,30.000
28.75320940,77.11728630,-0.225,0.6662,0.5176,171.6919,-30.0,0.3624,-30.000
28.75320940,77.11728630,-0.225,0.6662,0.5176,171.6919,-15.0,0.3655,-15.000
28.75320940,77.11728630,-0.225,0.6662,0.5176,171.6919,0.0,0.3515,0.000
28.75320940,77.11728630,-0.225,0.6662,0.5176,171.6919,15.0,0.3500,15.000
28.75320940,77.11728630,-0.225,0.6662,0.5176,171.6919,30.0,,
28.75320950,77.11728620,-0.213,0.6458,0.5113,171.6753,-30.0,,
28.75320950,77.11728620,-0.213,0.6458,0.5113,171.6753,-15.0,,
28.75320950,77.11728620,-0.213,0.6458,0.5113,171.6753,0.0,,
28.75320950,77.11728620,-0.213,0.6458,0.5113,171.6753,15.0,0.3624,15.000
28.75320950,77.11728620,-0.213,0.6458,0.5113,171.6753,30.0,0.3821,30.000
28.75320950,77.11728610,-0.208,0.6255,0.5030,171.6562,-30.0,0.3624,-30.000
28.75320950,77.11728610,-0.208,0.6255,0.5030,171.6562,-15.0,0.3661,-15.000
28.75320950,77.11728610,-0.208,0.6255,0.5030,171.6562,0.0,0.3500,0.000
28.75320950,77.11728610,-0.208,0.6255,0.5030,171.6562,15.0,,
28.75320950,77.11728610,-0.208,0.6255,0.5030,171.6562,30.0,,
28.75320950,77.11728610,-0.202,0.6062,0.5017,171.6152,-30.0,0.3553,-30.000
28.75320950,77.11728610,-0.202,0.6062,0.5017,171.6152,-15.0,0.3500,-15.000
28.75320950,77.11728610,-0.202,0.6062,0.5017,171.6152,0.0,0.3517,0.000
28.75320950,77.11728610,-0.202,0.6062,0.5017,171.6152,15.0,0.3624,15.000
28.75320950,77.11728610,-0.202,0.6062,0.5017,171.6152,30.0,0.3821,30.000
28.75320950,77.11728614,-0.195,0.5719,0.4772,171.6156,-30.0,0.3561,-30.000
28.75320950,77.11728614,-0.195,0.5719,0.4772,171.6156,-15.0,0.3500,-15.000
28.75320950,77.11728614,-0.195,0.5719,0.4772,171.6156,0.0,0.3500,0.000
28.75320950,77.11728614,-0.195,0.5719,0.4772,171.6156,15.0,0.3624,15.000
28.75320950,77.11728614,-0.195,0.5719,0.4772,171.6156,30.0,0.3821,30.000
28.75320950,77.11728610,-0.188,0.5485,0.4733,171.6386,-30.0,0.3596,-30.000
28.75320950,77.11728610,-0.188,0.5485,0.4733,171.6386,-15.0,0.3624,-15.000
28.75320950,77.11728610,-0.188,0.5485,0.4733,171.6386,0.0,0.3500,0.000
28.75320950,77.11728610,-0.188,0.5485,0.4733,171.6386,15.0,,
28.75320950,77.11728610,-0.188,0.5485,0.4733,171.6386,30.0,,
28.75320950,77.11728610,-0.175,0.5486,0.4730,171.6120,-30.0,,
28.75320950,77.11728610,-0.175,0.5486,0.4730,171.6120,-15.0,,
28.75320950,77.11728610,-0.175,0.5486,0.4730,171.6120,0.0,,
28.75320950,77.11728610,-0.175,0.5486,0.4730,171.6120,15.0,0.3561,15.000
28.75320950,77.11728610,-0.175,0.5486,0.4730,171.6120,30.0,0.3821,30.000
28.75320950,77.11728620,-0.160,0.5298,0.4655,171.5887,-30.0,0.3624,-30.000
28.75320950,77.11728620,-0.160,0.5298,0.4655,171.5887,-15.0,0.3624,-15.000
28.75320950,77.11728620,-0.160,0.5298,0.4655,171.5887,0.0,0.3500,0.000
28.75320950,77.11728620,-0.160,0.5298,0.4655,171.5887,15.0,0.3561,15.000
28.75320950,77.11728620,-0.160,0.5298,0.4655,171.5887,30.0,,
28.75320940,77.11728630,-0.142,0.5050,0.4532,171.5758,-30.0,0.3651,-30.000
28.75320940,77.11728630,-0.142,0.5050,0.4532,171.5758,-15.0,0.3561,-15.000
28.75320940,77.11728630,-0.142,0.5050,0.4532,171.5758,0.0,0.3500,0.000
28.75320940,77.11728630,-0.142,0.5050,0.4532,171.5758,15.0,0.3561,15.000
28.75320940,77.11728630,-0.142,0.5050,0.4532,171.5758,30.0,0.3721,30.000
28.75320930,77.11728650,-0.120,0.4821,0.4407,171.5641,-30.0,,
28.75320930,77.11728650,-0.120,0.4821,0.4407,171.5641,-15.0,0.3500,-15.000
28.75320930,77.11728650,-0.120,0.4821,0.4407,171.5641,0.0,0.3561,0.000
28.75320930,77.11728650,-0.120,0.4821,0.4407,171.5641,15.0,0.3726,15.000
28.75320930,77.11728650,-0.120,0.4821,0.4407,171.5641,30.0,0.3890,30.000
28.75320930,77.11728670,-0.095,0.4576,0.4275,171.5504,-30.0,0.3561,-30.000
28.75320930,77.11728670,-0.095,0.4576,0.4275,171.5504,-15.0,0.3517,-15.000
28.75320930,77.11728670,-0.095,0.4576,0.4275,171.5504,0.0,,
28.75320930,77.11728670,-0.095,0.4576,0.4275,171.5504,15.0,,
28.75320930,77.11728670,-0.095,0.4576,0.4275,171.5504,30.0,,
28.75320920,77.11728690,-0.068,0.4436,0.4173,171.5378,-30.0,,
28.75320920,77.11728690,-0.068,0.4436,0.4173,171.5378,-15.0,,
28.75320920,77.11728690,-0.068,0.4436,0.4173,171.5378,0.0,0.3500,0.000
28.75320920,77.11728690,-0.068,0.4436,0.4173,171.5378,15.0,0.3688,15.000
28.75320920,77.11728690,-0.068,0.4436,0.4173,171.5378,30.0,0.3821,30.000
28.75320910,77.11728710,-0.050,0.4254,0.4065,171.5266,-30.0,0.3581,-30.000
28.75320910,77.11728710,-0.050,0.4254,0.4065,171.5266,-15.0,0.3561,-15.000
28.75320910,77.11728710,-0.050,0.4254,0.4065,171.5266,0.0,0.3500,0.000
28.75320910,77.11728710,-0.050,0.4254,0.4065,171.5266,15.0,0.3500,15.000
28.75320910,77.11728710,-0.050,0.4254,0.4065,171.5266,30.0,0.3688,30.000
28.75320890,77.11728720,-0.036,0.4125,0.3970,171.5163,-30.0,0.3624,-30.000
28.75320890,77.11728720,-0.036,0.4125,0.3970,171.5163,-15.0,0.3500,-15.000
28.75320890,77.11728720,-0.036,0.4125,0.3970,171.5163,0.0,0.3500,0.000
28.75320890,77.11728720,-0.036,0.4125,0.3970,171.5163,15.0,0.3561,15.000
28.75320890,77.11728720,-0.036,0.4125,0.3970,171.5163,30.0,0.3688,30.000
28.75320870,77.11728750,-0.027,0.3939,0.3874,171.5080,-30.0,,
28.75320870,77.11728750,-0.027,0.3939,0.3874,171.5080,-15.0,,
28.75320870,77.11728750,-0.027,0.3939,0.3874,171.5080,0.0,0.3561,0.000
28.75320870,77.11728750,-0.027,0.3939,0.3874,171.5080,15.0,0.3754,15.000
28.75320870,77.11728750,-0.027,0.3939,0.3874,171.5080,30.0,0.3890,30.000
28.75320860,77.11728762,-0.016,0.3737,0.3808,171.4990,-30.0,0.3671,-30.000
28.75320860,77.11728762,-0.016,0.3737,0.3808,171.4990,-15.0,,
28.75320860,77.11728762,-0.016,0.3737,0.3808,171.4990,0.0,,
28.75320860,77.11728762,-0.016,0.3737,0.3808,171.4990,15.0,,
28.75320860,77.11728762,-0.016,0.3737,0.3808,171.4990,30.0,,
28.75320850,77.11728790,-0.010,0.3543,0.3772,171.4891,-30.0,,
28.75320850,77.11728790,-0.010,0.3543,0.3772,171.4891,-15.0,,
28.75320850,77.11728790,-0.010,0.3543,0.3772,171.4891,0.0,0.3512,0.000
28.75320850,77.11728790,-0.010,0.3543,0.3772,171.4891,15.0,0.3745,15.000
28.75320850,77.11728790,-0.010,0.3543,0.3772,171.4891,30.0,0.3885,30.000
28.75320840,77.11728810,-0.002,0.3436,0.3688,171.4781,-30.0,0.3624,-30.000
28.75320840,77.11728810,-0.002,0.3436,0.3688,171.4781,-15.0,0.3473,-15.000
28.75320840,77.11728810,-0.002,0.3436,0.3688,171.4781,0.0,0.3500,0.000
28.75320840,77.11728810,-0.002,0.3436,0.3688,171.4781,15.0,0.3561,15.000
28.75320840,77.11728810,-0.002,0.3436,0.3688,171.4781,30.0,0.3688,30.000
28.75320820,77.11728830,0.004,0.3378,0.3628,171.4687,-30.0,0.3624,-30.000
28.75320820,77.11728830,0.004,0.3378,0.3628,171.4687,-15.0,0.3548,-15.000
28.75320820,77.11728830,0.004,0.3378,0.3628,171.4687,0.0,0.3511,0.000
28.75320820,77.11728830,0.004,0.3378,0.3628,171.4687,15.0,0.3526,15.000
28.75320820,77.11728830,0.004,0.3378,0.3628,171.4687,30.0,0.3624,30.000
28.75320810,77.11728850,0.009,0.3331,0.3594,171.4611,-30.0,,
28.75320810,77.11728850,0.009,0.3331,0.3594,171.4611,-15.0,,
28.75320810,77.11728850,0.009,0.3331,0.3594,171.4611,0.0,0.3500,0.000
28.75320810,77.11728850,0.009,0.3331,0.3594,171.4611,15.0,0.3688,15.000
28.75320810,77.11728850,0.009,0.3331,0.3594,171.4611,30.0,0.3867,30.000
28.75320800,77.11728860,0.014,0.3289,0.3601,171.4526,-30.0,0.3561,-30.000
28.75320800,77.11728860,0.014,0.3289,0.3601,171.4526,-15.0,0.3534,-15.000
28.75320800,77.11728860,0.014,0.3289,0.3601,171.4526,0.0,,
28.75320800,77.11728860,0.014,0.3289,0.3601,171.4526,15.0,,
28.75320800,77.11728860,0.014,0.3289,0.3601,171.4526,30.0,,
28.75320800,77.11728870,0.016,0.3261,0.3632,171.4426,-30.0,,
28.75320800,77.11728870,0.016,0.3261,0.3632,171.4426,-15.0,0.3500,-15.000
28.75320800,77.11728870,0.016,0.3261,0.3632,171.4426,0.0,0.3500,0.000
28.75320800,77.11728870,0.016,0.3261,0.3632,171.4426,15.0,0.3688,15.000
28.75320800,77.11728870,0.016,0.3261,0.3632,171.4426,30.0,0.3844,30.000
28.75320790,77.11728883,0.027,0.3248,0.3636,171.4368,-30.0,0.3624,-30.000
28.75320790,77.11728883,0.027,0.3248,0.3636,171.4368,-15.0,0.3561,-15.000
28.75320790,77.11728883,0.027,0.3248,0.3636,171.4368,0.0,0.3548,0.000
28.75320790,77.11728883,0.027,0.3248,0.3636,171.4368,15.0,0.3561,15.000
28.75320790,77.11728883,0.027,0.3248,0.3636,171.4368,30.0,0.3754,30.000
28.75320780,77.11728900,0.033,0.3215,0.3609,171.4278,-30.0,0.3624,-30.000
28.75320780,77.11728900,0.033,0.3215,0.3609,171.4278,-15.0,0.3625,-15.000
28.75320780,77.11728900,0.033,0.3215,0.3609,171.4278,0.0,0.3527,0.000
28.75320780,77.11728900,0.033,0.3215,0.3609,171.4278,15.0,0.3561,15.000
28.75320780,77.11728900,0.033,0.3215,0.3609,171.4278,30.0,,
28.75320780,77.11728910,0.035,0.3172,0.3587,171.4179,-30.0,,
28.75320780,77.11728910,0.035,0.3172,0.3587,171.4179,-15.0,,
28.75320780,77.11728910,0.035,0.3172,0.3587,171.4179,0.0,,
28.75320780,77.11728910,0.035,0.3172,0.3587,171.4179,15.0,0.3561,15.000
28.75320780,77.11728910,0.035,0.3172,0.3587,171.4179,30.0,0.3821,30.000
28.75320773,77.11728920,0.039,0.3159,0.3627,171.4104,-30.0,0.3587,-30.000
28.75320773,77.11728920,0.039,0.3159,0.3627,171.4104,-15.0,0.3634,-15.000
28.75320773,77.11728920,0.039,0.3159,0.3627,171.4104,0.0,0.3500,0.000
28.75320773,77.11728920,0.039,0.3159,0.3627,171.4104,15.0,,
28.75320773,77.11728920,0.039,0.3159,0.3627,171.4104,30.0,,
28.75320770,77.11728930,0.041,0.3218,0.3693,171.4003,-30.0,0.3561,-30.000
28.75320770,77.11728930,0.041,0.3218,0.3693,171.4003,-15.0,0.3507,-15.000
28.75320770,77.11728930,0.041,0.3218,0.3693,171.4003,0.0,0.3500,0.000
28.75320770,77.11728930,0.041,0.3218,0.3693,171.4003,15.0,0.3624,15.000
28.75320770,77.11728930,0.041,0.3218,0.3693,171.4003,30.0,0.3821,30.000
28.75320770,77.11728930,0.051,0.3268,0.3739,171.3919,-30.0,0.3561,-30.000
28.75320770,77.11728930,0.051,0.3268,0.3739,171.3919,-15.0,0.3500,-15.000
28.75320770,77.11728930,0.051,0.3268,0.3739,171.3919,0.0,0.3500,0.000
28.75320770,77.11728930,0.051,0.3268,0.3739,171.3919,15.0,0.3665,15.000
28.75320770,77.11728930,0.051,0.3268,0.3739,171.3919,30.0,0.3821,30.000
28.75320770,77.11728930,0.065,0.3374,0.3760,171.3844,-30.0,0.3624,-30.000
28.75320770,77.11728930,0.065,0.3374,0.3760,171.3844,-15.0,0.3624,-15.000
28.75320770,77.11728930,0.065,0.3374,0.3760,171.3844,0.0,0.3500,0.000
28.75320770,77.11728930,0.065,0.3374,0.3760,171.3844,15.0,,
28.75320770,77.11728930,0.065,0.3374,0.3760,171.3844,30.0,,
28.75320770,77.11728930,0.014,0.3483,0.3783,171.3779,-30.0,,
28.75320770,77.11728930,0.014,0.3483,0.3783,171.3779,-15.0,,
28.75320770,77.11728930,0.014,0.3483,0.3783,171.3779,0.0,,
28.75320770,77.11728930,0.014,0.3483,0.3783,171.3779,15.0,0.3624,15.000
28.75320770,77.11728930,0.014,0.3483,0.3783,171.3779,30.0,0.3821,30.000
28.75320770,77.11728930,0.030,0.3573,0.3858,171.3708,-30.0,0.3624,-30.000
28.75320770,77.11728930,0.030,0.3573,0.3858,171.3708,-15.0,0.3643,-15.000
28.75320770,77.11728930,0.030,0.3573,0.3858,171.3708,0.0,0.3500,0.000
28.75320770,77.11728930,0.030,0.3573,0.3858,171.3708,15.0,0.3524,15.000
28.75320770,77.11728930,0.030,0.3573,0.3858,171.3708,30.0,,
28.75320770,77.11728930,0.044,0.3593,0.3901,171.3622,-30.0,0.3678,-30.000
28.75320770,77.11728930,0.044,0.3593,0.3901,171.3622,-15.0,0.3561,-15.000
28.75320770,77.11728930,0.044,0.3593,0.3901,171.3622,0.0,0.3500,0.000
28.75320770,77.11728930,0.044,0.3593,0.3901,171.3622,15.0,0.3561,15.000
28.75320770,77.11728930,0.044,0.3593,0.3901,171.3622,30.0,0.3754,30.000
28.75320780,77.11728930,0.056,0.3628,0.4021,171.3557,-30.0,,
28.75320780,77.11728930,0.056,0.3628,0.4021,171.3557,-15.0,0.3500,-15.000
28.75320780,77.11728930,0.056,0.3628,0.4021,171.3557,0.0,0.3561,0.000
28.75320780,77.11728930,0.056,0.3628,0.4021,171.3557,15.0,0.3709,15.000
28.75320780,77.11728930,0.056,0.3628,0.4021,171.3557,30.0,0.3821,30.000
28.75320780,77.11728930,0.068,0.3687,0.4102,171.3473,-30.0,0.3561,-30.000
28.75320780,77.11728930,0.068,0.3687,0.4102,171.3473,-15.0,0.3441,-14.776
28.75320780,77.11728930,0.068,0.3687,0.4102,171.3473,0.0,,
28.75320780,77.11728930,0.068,0.3687,0.4102,171.3473,15.0,,
28.75320780,77.11728930,0.068,0.3687,0.4102,171.3473,30.0,,
28.75320790,77.11728938,0.082,0.3733,0.4172,171.3391,-30.0,,
28.75320790,77.11728938,0.082,0.3733,0.4172,171.3391,-15.0,,
28.75320790,77.11728938,0.082,0.3733,0.4172,171.3391,0.0,0.3441,0.000
28.75320790,77.11728938,0.082,0.3733,0.4172,171.3391,15.0,0.3688,15.000
28.75320790,77.11728938,0.082,0.3733,0.4172,171.3391,30.0,0.3852,30.000
28.75320790,77.11728940,0.091,0.3781,0.4283,171.3305,-30.0,0.3561,-30.000
28.75320790,77.11728940,0.091,0.3781,0.4283,171.3305,-15.0,0.3513,-15.000
28.75320790,77.11728940,0.091,0.3781,0.4283,171.3305,0.0,0.3500,0.000
28.75320790,77.11728940,0.091,0.3781,0.4283,171.3305,15.0,0.3500,15.000
28.75320790,77.11728940,0.091,0.3781,0.4283,171.3305,30.0,0.3654,30.000
28.75320800,77.11728940,0.096,0.3822,0.4352,171.3221,-30.0,0.3561,-30.000
28.75320800,77.11728940,0.096,0.3822,0.4352,171.3221,-15.0,0.3441,-15.000
28.75320800,77.11728940,0.096,0.3822,0.4352,171.3221,0.0,0.3553,0.000
28.75320800,77.11728940,0.096,0.3822,0.4352,171.3221,15.0,0.3534,15.000
28.75320800,77.11728940,0.096,0.3822,0.4352,171.3221,30.0,0.3688,30.000
28.75320800,77.11728940,0.101,0.3870,0.4428,171.3129,-30.0,,
28.75320800,77.11728940,0.101,0.3870,0.4428,171.3129,-15.0,,
28.75320800,77.11728940,0.101,0.3870,0.4428,171.3129,0.0,0.3500,0.000
28.75320800,77.11728940,0.101,0.3870,0.4428,171.3129,15.0,0.3693,15.000
28.75320800,77.11728940,0.101,0.3870,0.4428,171.3129,30.0,0.3821,30.000
28.75320810,77.11728940,0.106,0.3958,0.4509,171.3077,-30.0,0.3612,-30.000
28.75320810,77.11728940,0.106,0.3958,0.4509,171.3077,-15.0,0.3561,-15.000
28.75320810,77.11728940,0.106,0.3958,0.4509,171.3077,0.0,,
28.75320810,77.11728940,0.106,0.3958,0.4509,171.3077,15.0,,
28.75320810,77.11728940,0.106,0.3958,0.4509,171.3077,30.0,,
28.75320820,77.11728930,0.108,0.4053,0.4531,171.2988,-30.0,,
28.75320820,77.11728930,0.108,0.4053,0.4531,171.2988,-15.0,0.3561,-15.000
28.75320820,77.11728930,0.108,0.4053,0.4531,171.2988,0.0,0.3500,0.000
28.75320820,77.11728930,0.108,0.4053,0.4531,171.2988,15.0,0.3754,15.000
28.75320820,77.11728930,0.108,0.4053,0.4531,171.2988,30.0,0.3890,30.000
28.75320820,77.11728930,0.112,0.4103,0.4512,171.3182,-30.0,0.3624,-30.000
28.75320820,77.11728930,0.112,0.4103,0.4512,171.3182,-15.0,0.3500,-15.000
28.75320820,77.11728930,0.112,0.4103,0.4512,171.3182,0.0,0.3500,0.000
28.75320820,77.11728930,0.112,0.4103,0.4512,171.3182,15.0,0.3554,15.000
28.75320820,77.11728930,0.112,0.4103,0.4512,171.3182,30.0,0.3754,30.000
28.75320820,77.11728930,0.115,0.4165,0.4502,171.2956,-30.0,0.3658,-30.000
28.75320820,77.11728930,0.115,0.4165,0.4502,171.2956,-15.0,0.3624,-15.000
28.75320820,77.11728930,0.115,0.4165,0.4502,171.2956,0.0,0.3538,0.000
28.75320820,77.11728930,0.115,0.4165,0.4502,171.2956,15.0,0.3500,15.000
28.75320820,77.11728930,0.115,0.4165,0.4502,171.2956,30.0,,
28.75320820,77.11728930,0.115,0.4182,0.4431,171.2839,-30.0,,
28.75320820,77.11728930,0.115,0.4182,0.4431,171.2839,-15.0,,
28.75320820,77.11728930,0.115,0.4182,0.4431,171.2839,0.0,,
28.75320820,77.11728930,0.115,0.4182,0.4431,171.2839,15.0,0.3636,15.000
28.75320820,77.11728930,0.115,0.4182,0.4431,171.2839,30.0,0.3821,30.000
28.75320830,77.11728930,0.121,0.4079,0.4581,171.2764,-30.0,0.3547,-30.000
28.75320830,77.11728930,0.121,0.4079,0.4581,171.2764,-15.0,0.3561,-15.000
28.75320830,77.11728930,0.121,0.4079,0.4581,171.2764,0.0,0.3500,0.000
28.75320830,77.11728930,0.121,0.4079,0.4581,171.2764,15.0,,
28.75320830,77.11728930,0.121,0.4079,0.4581,171.2764,30.0,,
28.75320830,77.11728930,0.126,0.4186,0.4482,171.2921,-30.0,0.3561,-30.000
28.75320830,77.11728930,0.126,0.4186,0.4482,171.2921,-15.0,0.3500,-15.000
28.75320830,77.11728930,0.126,0.4186,0.4482,171.2921,0.0,0.3561,0.000
28.75320830,77.11728930,0.126,0.4186,0.4482,171.2921,15.0,0.3688,15.000
28.75320830,77.11728930,0.126,0.4186,0.4482,171.2921,30.0,0.3835,30.000
28.75320840,77.11728930,0.127,0.4157,0.4414,171.2652,-30.0,0.3624,-30.000
28.75320840,77.11728930,0.127,0.4157,0.4414,171.2652,-15.0,0.3507,-15.000
28.75320840,77.11728930,0.127,0.4157,0.4414,171.2652,0.0,0.3500,0.000
28.75320840,77.11728930,0.127,0.4157,0.4414,171.2652,15.0,0.3583,15.000
28.75320840,77.11728930,0.127,0.4157,0.4414,171.2652,30.0,0.3793,30.000
28.75320840,77.11728930,0.128,0.3969,0.4600,171.2703,-30.0,0.3632,-30.000
28.75320840,77.11728930,0.128,0.3969,0.4600,171.2703,-15.0,0.3624,-15.000
28.75320840,77.11728930,0.128,0.3969,0.4600,171.2703,0.0,0.3452,0.000
28.75320840,77.11728930,0.128,0.3969,0.4600,171.2703,15.0,,
28.75320840,77.11728930,0.128,0.3969,0.4600,171.2703,30.0,,
28.75320850,77.11728930,0.130,0.3907,0.4412,171.2721,-30.0,,
28.75320850,77.11728930,0.130,0.3907,0.4412,171.2721,-15.0,,
28.75320850,77.11728930,0.130,0.3907,0.4412,171.2721,0.0,,
28.75320850,77.11728930,0.130,0.3907,0.4412,171.2721,15.0,0.3500,15.000
28.75320850,77.11728930,0.130,0.3907,0.4412,171.2721,30.0,0.3754,30.000
28.75320850,77.11728930,0.133,0.4132,0.4620,171.2567,-30.0,0.3441,-30.379
28.75320850,77.11728930,0.133,0.4132,0.4620,171.2567,-15.0,0.3624,-15.000
28.75320850,77.11728930,0.133,0.4132,0.4620,171.2567,0.0,0.3500,0.000
28.75320850,77.11728930,0.133,0.4132,0.4620,171.2567,15.0,,
28.75320850,77.11728930,0.133,0.4132,0.4620,171.2567,30.0,,
28.75320860,77.11728930,0.137,0.4335,0.4339,171.2499,-30.0,0.3595,-30.000
28.75320860,77.11728930,0.137,0.4335,0.4339,171.2499,-15.0,0.3561,-15.000
28.75320860,77.11728930,0.137,0.4335,0.4339,171.2499,0.0,0.3500,0.000
28.75320860,77.11728930,0.137,0.4335,0.4339,171.2499,15.0,0.3624,15.000
28.75320860,77.11728930,0.137,0.4335,0.4339,171.2499,30.0,0.3754,30.000
28.75320860,77.11728959,0.135,0.3293,0.4870,171.2635,-30.0,0.3441,-30.000
28.75320860,77.11728959,0.135,0.3293,0.4870,171.2635,-15.0,0.3500,-15.000
28.75320860,77.11728959,0.135,0.3293,0.4870,171.2635,0.0,0.3500,0.000
28.75320860,77.11728959,0.135,0.3293,0.4870,171.2635,15.0,0.3688,15.000
28.75320860,77.11728959,0.135,0.3293,0.4870,171.2635,30.0,0.3821,30.000
28.75320860,77.11729023,0.137,0.3180,0.5169,171.2540,-30.0,0.3730,-30.000
28.75320860,77.11729023,0.137,0.3180,0.5169,171.2540,-15.0,0.3624,-15.000
28.75320860,77.11729023,0.137,0.3180,0.5169,171.2540,0.0,0.3441,0.000
28.75320860,77.11729023,0.137,0.3180,0.5169,171.2540,15.0,,
28.75320860,77.11729023,0.137,0.3180,0.5169,171.2540,30.0,,
28.75320860,77.11729118,0.140,0.3268,0.5030,171.2069,-30.0,,
28.75320860,77.11729118,0.140,0.3268,0.5030,171.2069,-15.0,,
28.75320860,77.11729118,0.140,0.3268,0.5030,171.2069,0.0,,
28.75320860,77.11729118,0.140,0.3268,0.5030,171.2069,15.0,0.3624,15.000
28.75320860,77.11729118,0.140,0.3268,0.5030,171.2069,30.0,0.3821,30.000
28.75320860,77.11729192,0.149,0.2893,0.4173,171.2063,-30.0,0.3754,-30.000
28.75320860,77.11729192,0.149,0.2893,0.4173,171.2063,-15.0,0.3624,-15.000
28.75320860,77.11729192,0.149,0.2893,0.4173,171.2063,0.0,0.3500,0.000
28.75320860,77.11729192,0.149,0.2893,0.4173,171.2063,15.0,0.3561,15.000
28.75320860,77.11729192,0.149,0.2893,0.4173,171.2063,30.0,,
28.75320850,77.11729266,0.161,0.2792,0.4056,171.1960,-30.0,0.3754,-30.000
28.75320850,77.11729266,0.161,0.2792,0.4056,171.1960,-15.0,0.3561,-15.000
28.75320850,77.11729266,0.161,0.2792,0.4056,171.1960,0.0,0.3453,0.000
28.75320850,77.11729266,0.161,0.2792,0.4056,171.1960,15.0,0.3561,15.000
28.75320850,77.11729266,0.161,0.2792,0.4056,171.1960,30.0,0.3754,30.000
28.75320850,77.11729340,0.160,0.2305,0.4395,171.2024,-30.0,,
28.75320850,77.11729340,0.160,0.2305,0.4395,171.2024,-15.0,0.3441,-15.000
28.75320850,77.11729340,0.160,0.2305,0.4395,171.2024,0.0,0.3500,0.000
28.75320850,77.11729340,0.160,0.2305,0.4395,171.2024,15.0,0.3754,15.000
28.75320850,77.11729340,0.160,0.2305,0.4395,171.2024,30.0,0.3890,30.000
28.75320850,77.11729400,0.150,0.2288,0.4554,171.2017,-30.0,0.3709,-30.000
28.75320850,77.11729400,0.150,0.2288,0.4554,171.2017,-15.0,0.3561,-15.121
28.75320850,77.11729400,0.150,0.2288,0.4554,171.2017,0.0,,
28.75320850,77.11729400,0.150,0.2288,0.4554,171.2017,15.0,,
28.75320850,77.11729400,0.150,0.2288,0.4554,171.2017,30.0,,
28.75320850,77.11729457,0.153,0.1693,0.4226,171.2138,-30.0,,
28.75320850,77.11729457,0.153,0.1693,0.4226,171.2138,-15.0,,
28.75320850,77.11729457,0.153,0.1693,0.4226,171.2138,0.0,0.3500,0.000
28.75320850,77.11729457,0.153,0.1693,0.4226,171.2138,15.0,0.3754,15.000
28.75320850,77.11729457,0.153,0.1693,0.4226,171.2138,30.0,0.3821,30.000
28.75320850,77.11729500,0.162,0.2307,0.3310,171.2026,-30.0,0.3600,-30.000
28.75320850,77.11729500,0.162,0.2307,0.3310,171.2026,-15.0,0.3561,-15.000
28.75320850,77.11729500,0.162,0.2307,0.3310,171.2026,0.0,0.3500,0.000
28.75320850,77.11729500,0.162,0.2307,0.3310,171.2026,15.0,0.3561,15.000
28.75320850,77.11729500,0.162,0.2307,0.3310,171.2026,30.0,0.3688,30.000
28.75320850,77.11729530,0.168,0.2601,0.4065,171.1769,-30.0,0.3624,-30.000
28.75320850,77.11729530,0.168,0.2601,0.4065,171.1769,-15.0,0.3596,-15.000
28.75320850,77.11729530,0.168,0.2601,0.4065,171.1769,0.0,0.3500,0.000
28.75320850,77.11729530,0.168,0.2601,0.4065,171.1769,15.0,0.3561,15.000
28.75320850,77.11729530,0.168,0.2601,0.4065,171.1769,30.0,0.3661,30.000
28.75320840,77.11729563,0.179,0.2017,0.4360,171.1873,-30.0,,
28.75320840,77.11729563,0.179,0.2017,0.4360,171.1873,-15.0,,
28.75320840,77.11729563,0.179,0.2017,0.4360,171.1873,0.0,0.3538,0.000
28.75320840,77.11729563,0.179,0.2017,0.4360,171.1873,15.0,0.3754,15.000
28.75320840,77.11729563,0.179,0.2017,0.4360,171.1873,30.0,0.3872,30.000
28.75320840,77.11729590,0.191,0.1868,0.4210,171.1967,-30.0,0.3688,-30.000
28.75320840,77.11729590,0.191,0.1868,0.4210,171.1967,-15.0,0.3601,-15.000
28.75320840,77.11729590,0.191,0.1868,0.4210,171.1967,0.0,,
28.75320840,77.11729590,0.191,0.1868,0.4210,171.1967,15.0,,
28.75320840,77.11729590,0.191,0.1868,0.4210,171.1967,30.0,,
28.75320840,77.11729612,0.198,-0.0093,0.3819,171.2654,-30.0,,
28.75320840,77.11729612,0.198,-0.0093,0.3819,171.2654,-15.0,0.3561,-15.000
28.75320840,77.11729612,0.198,-0.0093,0.3819,171.2654,0.0,0.3561,0.000
28.75320840,77.11729612,0.198,-0.0093,0.3819,171.2654,15.0,0.3688,15.000
28.75320840,77.11729612,0.198,-0.0093,0.3819,171.2654,30.0,0.3890,30.000
28.75320840,77.11729630,0.204,-0.2996,0.2966,171.2767,-30.0,0.3754,-30.000
28.75320840,77.11729630,0.204,-0.2996,0.2966,171.2767,-15.0,0.3500,-15.139
28.75320840,77.11729630,0.204,-0.2996,0.2966,171.2767,0.0,0.3500,0.000
28.75320840,77.11729630,0.204,-0.2996,0.2966,171.2767,15.0,0.3561,15.000
28.75320840,77.11729630,0.204,-0.2996,0.2966,171.2767,30.0,0.3745,30.000
28.75320840,77.11729650,0.236,-1.5250,-0.2879,171.1269,-30.0,0.3890,-30.000
28.75320840,77.11729650,0.236,-1.5250,-0.2879,171.1269,-15.0,0.3775,-15.000
28.75320840,77.11729650,0.236,-1.5250,-0.2879,171.1269,0.0,0.3562,0.000
28.75320840,77.11729650,0.236,-1.5250,-0.2879,171.1269,15.0,0.3602,15.000
28.75320840,77.11729650,0.236,-1.5250,-0.2879,171.1269,30.0,,
28.75320840,77.11729680,0.292,-1.4563,-0.7237,169.8933,-30.0,,
28.75320840,77.11729680,0.292,-1.4563,-0.7237,169.8933,-15.0,,
28.75320840,77.11729680,0.292,-1.4563,-0.7237,169.8933,0.0,,
28.75320840,77.11729680,0.292,-1.4563,-0.7237,169.8933,15.0,0.4005,15.000
28.75320840,77.11729680,0.292,-1.4563,-0.7237,169.8933,30.0,0.4099,30.000
28.75320840,77.11729720,0.376,-1.6681,-0.2683,168.8470,-30.0,0.4854,-30.000
28.75320840,77.11729720,0.376,-1.6681,-0.2683,168.8470,-15.0,0.4305,-15.000
28.75320840,77.11729720,0.376,-1.6681,-0.2683,168.8470,0.0,0.3960,0.000
28.75320840,77.11729720,0.376,-1.6681,-0.2683,168.8470,15.0,,
28.75320840,77.11729720,0.376,-1.6681,-0.2683,168.8470,30.0,,
28.75320850,77.11729770,0.483,-1.2646,-0.1809,169.0407,-30.0,0.4479,-30.000
28.75320850,77.11729770,0.483,-1.2646,-0.1809,169.0407,-15.0,0.4482,-15.000
28.75320850,77.11729770,0.483,-1.2646,-0.1809,169.0407,0.0,0.4561,0.000
28.75320850,77.11729770,0.483,-1.2646,-0.1809,169.0407,15.0,0.5114,15.000
28.75320850,77.11729770,0.483,-1.2646,-0.1809,169.0407,30.0,0.5653,30.000
28.75320868,77.11729828,0.611,0.9499,-0.0351,169.5100,-30.0,0.6261,-30.000
28.75320868,77.11729828,0.611,0.9499,-0.0351,169.5100,-15.0,0.5644,-15.000
28.75320868,77.11729828,0.611,0.9499,-0.0351,169.5100,0.0,0.5385,0.000
28.75320868,77.11729828,0.611,0.9499,-0.0351,169.5100,15.0,0.5562,15.000
28.75320868,77.11729828,0.611,0.9499,-0.0351,169.5100,30.0,0.6083,30.000
28.75320880,77.11729872,0.750,2.5050,-0.2292,170.2165,-30.0,0.7262,-30.000
28.75320880,77.11729872,0.750,2.5050,-0.2292,170.2165,-15.0,0.7262,-15.000
28.75320880,77.11729872,0.750,2.5050,-0.2292,170.2165,0.0,0.6712,0.000
28.75320880,77.11729872,0.750,2.5050,-0.2292,170.2165,15.0,,
28.75320880,77.11729872,0.750,2.5050,-0.2292,170.2165,30.0,,
28.75320890,77.11729910,0.903,4.1066,-2.5890,171.0266,-30.0,,
28.75320890,77.11729910,0.903,4.1066,-2.5890,171.0266,-15.0,,
28.75320890,77.11729910,0.903,4.1066,-2.5890,171.0266,0.0,,
28.75320890,77.11729910,0.903,4.1066,-2.5890,171.0266,15.0,0.8293,15.000
28.75320890,77.11729910,0.903,4.1066,-2.5890,171.0266,30.0,0.9743,30.000
28.75320888,77.11729920,1.069,3.1959,-2.6341,171.7233,-30.0,1.1454,-30.000
28.75320888,77.11729920,1.069,3.1959,-2.6341,171.7233,-15.0,1.0096,-15.000
28.75320888,77.11729920,1.069,3.1959,-2.6341,171.7233,0.0,0.8570,0.568
28.75320888,77.11729920,1.069,3.1959,-2.6341,171.7233,15.0,0.8760,15.000
28.75320888,77.11729920,1.069,3.1959,-2.6341,171.7233,30.0,,
28.75320873,77.11729900,1.252,2.6969,-3.2957,172.0302,-30.0,1.1060,-30.000
28.75320873,77.11729900,1.252,2.6969,-3.2957,172.0302,-15.0,1.0288,-15.000
28.75320873,77.11729900,1.252,2.6969,-3.2957,172.0302,0.0,1.0481,0.000
28.75320873,77.11729900,1.252,2.6969,-3.2957,172.0302,15.0,1.1891,15.000
28.75320873,77.11729900,1.252,2.6969,-3.2957,172.0302,30.0,1.4319,30.000
28.75320820,77.11729870,1.470,2.9677,-5.6012,172.3546,-30.0,1.4277,-30.000
28.75320820,77.11729870,1.470,2.9677,-5.6012,172.3546,-15.0,1.2907,-15.000
28.75320820,77.11729870,1.470,2.9677,-5.6012,172.3546,0.0,1.2959,0.000
28.75320820,77.11729870,1.470,2.9677,-5.6012,172.3546,15.0,1.5063,15.000
28.75320820,77.11729870,1.470,2.9677,-5.6012,172.3546,30.0,1.6591,30.000
28.75320733,77.11729850,1.720,-0.3316,-3.8820,172.6318,-30.0,1.6702,-30.000
28.75320733,77.11729850,1.720,-0.3316,-3.8820,172.6318,-15.0,1.5765,-15.000
28.75320733,77.11729850,1.720,-0.3316,-3.8820,172.6318,0.0,,
28.75320733,77.11729850,1.720,-0.3316,-3.8820,172.6318,15.0,,
28.75320733,77.11729850,1.720,-0.3316,-3.8820,172.6318,30.0,,
28.75320629,77.11729820,2.004,-0.4633,-0.9232,173.1665,-30.0,,
28.75320629,77.11729820,2.004,-0.4633,-0.9232,173.1665,-15.0,,
28.75320629,77.11729820,2.004,-0.4633,-0.9232,173.1665,0.0,,
28.75320629,77.11729820,2.004,-0.4633,-0.9232,173.1665,15.0,1.8892,15.000
28.75320629,77.11729820,2.004,-0.4633,-0.9232,173.1665,30.0,2.1941,30.000
28.75320515,77.11729810,2.343,-0.4671,0.1574,173.5727,-30.0,2.5592,-30.000
28.75320515,77.11729810,2.343,-0.4671,0.1574,173.5727,-15.0,2.2261,-15.000
28.75320515,77.11729810,2.343,-0.4671,0.1574,173.5727,0.0,1.8847,0.000
28.75320515,77.11729810,2.343,-0.4671,0.1574,173.5727,15.0,1.8414,15.000
28.75320515,77.11729810,2.343,-0.4671,0.1574,173.5727,30.0,,
28.75320411,77.11729810,2.753,-0.2705,0.4826,173.5408,-30.0,2.6051,-30.000
28.75320411,77.11729810,2.753,-0.2705,0.4826,173.5408,-15.0,2.3269,-15.000
28.75320411,77.11729810,2.753,-0.2705,0.4826,173.5408,0.0,2.2475,0.000
28.75320411,77.11729810,2.753,-0.2705,0.4826,173.5408,15.0,2.4275,15.000
28.75320411,77.11729810,2.753,-0.2705,0.4826,173.5408,30.0,2.9454,30.000
28.75320327,77.11729820,3.220,-0.1285,0.2029,173.2425,-30.0,,
28.75320327,77.11729820,3.220,-0.1285,0.2029,173.2425,-15.0,2.8911,-15.000
28.75320327,77.11729820,3.220,-0.1285,0.2029,173.2425,0.0,2.8233,0.000
28.75320327,77.11729820,3.220,-0.1285,0.2029,173.2425,15.0,3.2745,15.000
28.75320327,77.11729820,3.220,-0.1285,0.2029,173.2425,30.0,3.4433,30.000
28.75320250,77.11729830,3.732,0.3179,0.3181,173.1123,-30.0,3.8333,-30.000
28.75320250,77.11729830,3.732,0.3179,0.3181,173.1123,-15.0,3.0082,-15.000
28.75320250,77.11729830,3.732,0.3179,0.3181,173.1123,0.0,,
28.75320250,77.11729830,3.732,0.3179,0.3181,173.1123,15.0,,
28.75320250,77.11729830,3.732,0.3179,0.3181,173.1123,30.0,,
28.75320180,77.11729841,4.262,0.5720,0.2111,172.9296,-30.0,,
28.75320180,77.11729841,4.262,0.5720,0.2111,172.9296,-15.0,,
28.75320180,77.11729841,4.262,0.5720,0.2111,172.9296,0.0,3.5071,0.000
28.75320180,77.11729841,4.262,0.5720,0.2111,172.9296,15.0,4.4999,15.000
28.75320180,77.11729841,4.262,0.5720,0.2111,172.9296,30.0,5.1153,30.000
28.75320130,77.11729860,4.818,0.4565,0.1566,172.3147,-30.0,5.3392,-30.000
28.75320130,77.11729860,4.818,0.4565,0.1566,172.3147,-15.0,4.5948,-15.000
28.75320130,77.11729860,4.818,0.4565,0.1566,172.3147,0.0,4.1267,0.000
28.75320130,77.11729860,4.818,0.4565,0.1566,172.3147,15.0,4.1224,15.000
28.75320130,77.11729860,4.818,0.4565,0.1566,172.3147,30.0,4.6874,30.000
28.75320080,77.11729870,5.397,0.2737,-0.0244,171.7260,-30.0,5.6957,-30.000
28.75320080,77.11729870,5.397,0.2737,-0.0244,171.7260,-15.0,5.2529,-15.000
28.75320080,77.11729870,5.397,0.2737,-0.0244,171.7260,0.0,4.7771,0.000
28.75320080,77.11729870,5.397,0.2737,-0.0244,171.7260,15.0,4.9210,15.000
28.75320080,77.11729870,5.397,0.2737,-0.0244,171.7260,30.0,5.7783,30.000
28.75320043,77.11729890,5.999,0.0465,0.0230,171.3398,-30.0,,
28.75320043,77.11729890,5.999,0.0465,0.0230,171.3398,-15.0,,
28.75320043,77.11729890,5.999,0.0465,0.0230,171.3398,0.0,5.5577,0.000
28.75320043,77.11729890,5.999,0.0465,0.0230,171.3398,15.0,6.5299,15.000
28.75320043,77.11729890,5.999,0.0465,0.0230,171.3398,30.0,7.0637,30.000
28.75320010,77.11729910,6.637,0.0401,-0.0704,171.0498,-30.0,7.3669,-30.000
28.75320010,77.11729910,6.637,0.0401,-0.0704,171.0498,-15.0,6.3539,-15.000
28.75320010,77.11729910,6.637,0.0401,-0.0704,171.0498,0.0,,
28.75320010,77.11729910,6.637,0.0401,-0.0704,171.0498,15.0,,
28.75320010,77.11729910,6.637,0.0401,-0.0704,171.0498,30.0,,
28.75319984,77.11729930,7.295,0.9114,-1.1536,170.7610,-30.0,,
28.75319984,77.11729930,7.295,0.9114,-1.1536,170.7610,-15.0,6.3754,-15.000
28.75319984,77.11729930,7.295,0.9114,-1.1536,170.7610,0.0,6.6120,0.000
28.75319984,77.11729930,7.295,0.9114,-1.1536,170.7610,15.0,8.1993,15.000
28.75319984,77.11729930,7.295,0.9114,-1.1536,170.7610,30.0,9.5810,30.000
28.75319940,77.11729940,7.965,3.1836,-4.6204,169.9352,-30.0,8.6875,-30.000
28.75319940,77.11729940,7.965,3.1836,-4.6204,169.9352,-15.0,7.6018,-15.000
28.75319940,77.11729940,7.965,3.1836,-4.6204,169.9352,0.0,7.2586,0.000
28.75319940,77.11729940,7.965,3.1836,-4.6204,169.9352,15.0,7.7579,15.000
28.75319940,77.11729940,7.965,3.1836,-4.6204,169.9352,30.0,9.0511,30.000
28.75319866,77.11729940,8.657,3.2526,-6.4572,169.1766,-30.0,9.6018,-30.000
28.75319866,77.11729940,8.657,3.2526,-6.4572,169.1766,-15.0,9.0699,-15.000
28.75319866,77.11729940,8.657,3.2526,-6.4572,169.1766,0.0,8.1582,0.000
28.75319866,77.11729940,8.657,3.2526,-6.4572,169.1766,15.0,8.6477,15.000
28.75319866,77.11729940,8.657,3.2526,-6.4572,169.1766,30.0,,
28.75319736,77.11729930,9.374,1.3779,-6.7784,168.6164,-30.0,,
28.75319736,77.11729930,9.374,1.3779,-6.7784,168.6164,-15.0,,
28.75319736,77.11729930,9.374,1.3779,-6.7784,168.6164,0.0,,
28.75319736,77.11729930,9.374,1.3779,-6.7784,168.6164,15.0,10.2958,15.000
28.75319736,77.11729930,9.374,1.3779,-6.7784,168.6164,30.0,12.1952,30.000
28.75319553,77.11729920,10.111,0.3945,-8.7168,168.5829,-30.0,12.2740,-30.000
28.75319553,77.11729920,10.111,0.3945,-8.7168,168.5829,-15.0,11.0994,-15.000
28.75319553,77.11729920,10.111,0.3945,-8.7168,168.5829,0.0,9.2072,0.000
28.75319553,77.11729920,10.111,0.3945,-8.7168,168.5829,15.0,,
28.75319553,77.11729920,10.111,0.3945,-8.7168,168.5829,30.0,,
28.75319306,77.11729940,10.889,0.0478,-8.6308,168.2854,-30.0,11.2286,-30.000
28.75319306,77.11729940,10.889,0.0478,-8.6308,168.2854,-15.0,10.2214,-15.000
28.75319306,77.11729940,10.889,0.0478,-8.6308,168.2854,0.0,10.4473,0.000
28.75319306,77.11729940,10.889,0.0478,-8.6308,168.2854,15.0,12.1398,15.000
28.75319306,77.11729940,10.889,0.0478,-8.6308,168.2854,30.0,14.3504,30.000
28.75319002,77.11729970,11.705,0.2438,-7.1324,168.3629,-30.0,12.9563,-30.000
28.75319002,77.11729970,11.705,0.2438,-7.1324,168.3629,-15.0,11.4142,-15.000
28.75319002,77.11729970,11.705,0.2438,-7.1324,168.3629,0.0,11.3229,0.000
28.75319002,77.11729970,11.705,0.2438,-7.1324,168.3629,15.0,12.6119,15.000
28.75319002,77.11729970,11.705,0.2438,-7.1324,168.3629,30.0,14.6676,30.000
28.75318658,77.11730010,12.535,0.4259,-5.4835,169.0640,-30.0,14.8988,-30.000
28.75318658,77.11730010,12.535,0.4259,-5.4835,169.0640,-15.0,13.8119,-15.000
28.75318658,77.11730010,12.535,0.4259,-5.4835,169.0640,0.0,12.2240,0.000
28.75318658,77.11730010,12.535,0.4259,-5.4835,169.0640,15.0,,
28.75318658,77.11730010,12.535,0.4259,-5.4835,169.0640,30.0,,
28.75318293,77.11730059,13.377,0.7528,-0.9238,169.2552,-30.0,,
28.75318293,77.11730059,13.377,0.7528,-0.9238,169.2552,-15.0,,
28.75318293,77.11730059,13.377,0.7528,-0.9238,169.2552,0.0,,
28.75318293,77.11730059,13.377,0.7528,-0.9238,169.2552,15.0,13.6479,15.000
28.75318293,77.11730059,13.377,0.7528,-0.9238,169.2552,30.0,17.0479,30.000
28.75317941,77.11730110,14.205,0.4956,1.1015,169.5000,-30.0,17.8775,-30.000
28.75317941,77.11730110,14.205,0.4956,1.1015,169.5000,-15.0,15.9795,-15.000
28.75317941,77.11730110,14.205,0.4956,1.1015,169.5000,0.0,13.4888,0.000
28.75317941,77.11730110,14.205,0.4956,1.1015,169.5000,15.0,13.7334,15.000
28.75317941,77.11730110,14.205,0.4956,1.1015,169.5000,30.0,,
28.75317621,77.11730140,15.015,0.7284,0.9880,169.6348,-30.0,16.6633,-30.000
28.75317621,77.11730140,15.015,0.7284,0.9880,169.6348,-15.0,14.7236,-15.000
28.75317621,77.11730140,15.015,0.7284,0.9880,169.6348,0.0,14.5006,0.000
28.75317621,77.11730140,15.015,0.7284,0.9880,169.6348,15.0,15.9806,15.000
28.75317621,77.11730140,15.015,0.7284,0.9880,169.6348,30.0,19.0806,30.000
28.75317309,77.11730150,15.847,1.1497,-0.0670,170.3273,-30.0,,
28.75317309,77.11730150,15.847,1.1497,-0.0670,170.3273,-15.0,15.7094,-15.000
28.75317309,77.11730150,15.847,1.1497,-0.0670,170.3273,0.0,16.0955,0.000
28.75317309,77.11730150,15.847,1.1497,-0.0670,170.3273,15.0,19.2876,15.000
28.75317309,77.11730150,15.847,1.1497,-0.0670,170.3273,30.0,21.4411,30.000
28.75317007,77.11730150,16.701,1.5516,-0.6712,170.3052,-30.0,19.9972,-30.000
28.75317007,77.11730150,16.701,1.5516,-0.6712,170.3052,-15.0,17.5305,-15.000
28.75317007,77.11730150,16.701,1.5516,-0.6712,170.3052,0.0,,
28.75317007,77.11730150,16.701,1.5516,-0.6712,170.3052,15.0,,
28.75317007,77.11730150,16.701,1.5516,-0.6712,170.3052,30.0,,
28.75316703,77.11730130,17.577,1.6430,-0.4368,169.5883,-30.0,,
28.75316703,77.11730130,17.577,1.6430,-0.4368,169.5883,-15.0,,
28.75316703,77.11730130,17.577,1.6430,-0.4368,169.5883,0.0,16.9248,0.000
28.75316703,77.11730130,17.577,1.6430,-0.4368,169.5883,15.0,22.2035,15.000
28.75316703,77.11730130,17.577,1.6430,-0.4368,169.5883,30.0,24.1346,30.000
28.75316389,77.11730085,18.460,1.8648,-0.3639,168.6675,-30.0,22.7483,-30.000
28.75316389,77.11730085,18.460,1.8648,-0.3639,168.6675,-15.0,20.3343,-15.000
28.75316389,77.11730085,18.460,1.8648,-0.3639,168.6675,0.0,18.1218,0.000
28.75316389,77.11730085,18.460,1.8648,-0.3639,168.6675,15.0,18.4396,15.000
28.75316389,77.11730085,18.460,1.8648,-0.3639,168.6675,30.0,21.4857,30.000
28.75316068,77.11729999,19.337,0.5543,0.2609,168.4423,-30.0,22.8655,-30.000
28.75316068,77.11729999,19.337,0.5543,0.2609,168.4423,-15.0,20.2206,-15.000
28.75316068,77.11729999,19.337,0.5543,0.2609,168.4423,0.0,19.1293,0.000
28.75316068,77.11729999,19.337,0.5543,0.2609,168.4423,15.0,20.1411,15.000
28.75316068,77.11729999,19.337,0.5543,0.2609,168.4423,30.0,23.9050,30.000
28.75315745,77.11729886,20.192,-0.8795,0.0402,169.1018,-30.0,,
28.75315745,77.11729886,20.192,-0.8795,0.0402,169.1018,-15.0,,
28.75315745,77.11729886,20.192,-0.8795,0.0402,169.1018,0.0,20.7705,0.000
28.75315745,77.11729886,20.192,-0.8795,0.0402,169.1018,15.0,25.0916,14.667
28.75315745,77.11729886,20.192,-0.8795,0.0402,169.1018,30.0,27.4271,30.000
28.75315429,77.11729764,21.012,-1.3940,0.4019,169.8692,-30.0,26.1668,-30.000
28.75315429,77.11729764,21.012,-1.3940,0.4019,169.8692,-15.0,22.1186,-15.000
28.75315429,77.11729764,21.012,-1.3940,0.4019,169.8692,0.0,,
28.75315429,77.11729764,21.012,-1.3940,0.4019,169.8692,15.0,,
28.75315429,77.11729764,21.012,-1.3940,0.4019,169.8692,30.0,,
28.75315120,77.11729637,21.717,-0.2109,1.3179,170.0682,-30.0,,
28.75315120,77.11729637,21.717,-0.2109,1.3179,170.0682,-15.0,22.0231,-15.000
28.75315120,77.11729637,21.717,-0.2109,1.3179,170.0682,0.0,22.0728,0.000
28.75315120,77.11729637,21.717,-0.2109,1.3179,170.0682,15.0,27.1598,15.000
28.75315120,77.11729637,21.717,-0.2109,1.3179,170.0682,30.0,30.4313,30.202
28.75314816,77.11729506,22.204,-1.2200,2.5660,170.1544,-30.0,28.2073,-30.000
28.75314816,77.11729506,22.204,-1.2200,2.5660,170.1544,-15.0,24.3235,-15.000
28.75314816,77.11729506,22.204,-1.2200,2.5660,170.1544,0.0,22.5585,0.000
28.75314816,77.11729506,22.204,-1.2200,2.5660,170.1544,15.0,23.3912,15.000
28.75314816,77.11729506,22.204,-1.2200,2.5660,170.1544,30.0,27.5712,30.000
28.75314524,77.11729376,22.432,-4.2951,4.5391,170.4457,-30.0,30.6551,-30.000
28.75314524,77.11729376,22.432,-4.2951,4.5391,170.4457,-15.0,27.8539,-15.000
28.75314524,77.11729376,22.432,-4.2951,4.5391,170.4457,0.0,23.8282,0.000
28.75314524,77.11729376,22.432,-4.2951,4.5391,170.4457,15.0,23.3430,15.000
28.75314524,77.11729376,22.432,-4.2951,4.5391,170.4457,30.0,,
28.75314245,77.11729235,22.476,-5.5678,6.7964,170.4519,-30.0,,
28.75314245,77.11729235,22.476,-5.5678,6.7964,170.4519,-15.0,,
28.75314245,77.11729235,22.476,-5.5678,6.7964,170.4519,0.0,,
28.75314245,77.11729235,22.476,-5.5678,6.7964,170.4519,15.0,26.4730,15.000
28.75314245,77.11729235,22.476,-5.5678,6.7964,170.4519,30.0,29.2188,30.000
28.75313993,77.11729111,22.405,-6.7101,8.8103,170.5780,-30.0,33.1313,-30.000
28.75313993,77.11729111,22.405,-6.7101,8.8103,170.5780,-15.0,29.1129,-15.000
28.75313993,77.11729111,22.405,-6.7101,8.8103,170.5780,0.0,,
28.75313993,77.11729111,22.405,-6.7101,8.8103,170.5780,15.0,,
28.75313993,77.11729111,22.405,-6.7101,8.8103,170.5780,30.0,,
28.75313805,77.11729007,22.317,-6.6218,9.2875,170.7682,-30.0,,
28.75313805,77.11729007,22.317,-6.6218,9.2875,170.7682,-15.0,24.7010,-15.000
28.75313805,77.11729007,22.317,-6.6218,9.2875,170.7682,0.0,23.8356,0.000
28.75313805,77.11729007,22.317,-6.6218,9.2875,170.7682,15.0,26.5020,15.000
28.75313805,77.11729007,22.317,-6.6218,9.2875,170.7682,30.0,29.1173,30.000
28.75313673,77.11728913,22.283,-5.6724,7.5600,170.9205,-30.0,30.1222,-30.000
28.75313673,77.11728913,22.283,-5.6724,7.5600,170.9205,-15.0,25.1320,-15.000
28.75313673,77.11728913,22.283,-5.6724,7.5600,170.9205,0.0,23.7368,0.000
28.75313673,77.11728913,22.283,-5.6724,7.5600,170.9205,15.0,25.0006,15.000
28.75313673,77.11728913,22.283,-5.6724,7.5600,170.9205,30.0,28.4833,30.000
28.75313589,77.11728849,22.323,-5.3914,5.1700,170.8719,-30.0,33.2160,-30.000
28.75313589,77.11728849,22.323,-5.3914,5.1700,170.8719,-15.0,30.3440,-15.000
28.75313589,77.11728849,22.323,-5.3914,5.1700,170.8719,0.0,24.4816,-0.488
28.75313589,77.11728849,22.323,-5.3914,5.1700,170.8719,15.0,,
28.75313589,77.11728849,22.323,-5.3914,5.1700,170.8719,30.0,,
28.75313530,77.11728800,22.419,-5.2270,3.6701,171.0955,-30.0,,
28.75313530,77.11728800,22.419,-5.2270,3.6701,171.0955,-15.0,,
28.75313530,77.11728800,22.419,-5.2270,3.6701,171.0955,0.0,,
28.75313530,77.11728800,22.419,-5.2270,3.6701,171.0955,15.0,24.2513,15.000
28.75313530,77.11728800,22.419,-5.2270,3.6701,171.0955,30.0,28.5965,30.000
28.75313480,77.11728760,22.529,-4.0717,3.3998,171.2337,-30.0,32.3358,-30.000
28.75313480,77.11728760,22.529,-4.0717,3.3998,171.2337,-15.0,30.0141,-15.000
28.75313480,77.11728760,22.529,-4.0717,3.3998,171.2337,0.0,24.2216,0.033
28.75313480,77.11728760,22.529,-4.0717,3.3998,171.2337,15.0,,
28.75313480,77.11728760,22.529,-4.0717,3.3998,171.2337,30.0,,
28.75313446,77.11728730,22.622,-3.5297,3.1156,171.2790,-30.0,28.9950,-30.000
28.75313446,77.11728730,22.622,-3.5297,3.1156,171.2790,-15.0,24.6372,-15.000
28.75313446,77.11728730,22.622,-3.5297,3.1156,171.2790,0.0,23.8514,0.000
28.75313446,77.11728730,22.622,-3.5297,3.1156,171.2790,15.0,25.9360,15.000
28.75313446,77.11728730,22.622,-3.5297,3.1156,171.2790,30.0,29.7477,30.000
28.75313410,77.11728690,22.689,-3.0558,2.4692,171.1582,-30.0,27.6049,-30.000
28.75313410,77.11728690,22.689,-3.0558,2.4692,171.1582,-15.0,24.2294,-15.000
28.75313410,77.11728690,22.689,-3.0558,2.4692,171.1582,0.0,24.3416,0.363
28.75313410,77.11728690,22.689,-3.0558,2.4692,171.1582,15.0,27.9647,15.000
28.75313410,77.11728690,22.689,-3.0558,2.4692,171.1582,30.0,31.2786,30.000
28.75313370,77.11728640,22.728,-3.1276,1.5410,171.3794,-30.0,31.5143,-30.000
28.75313370,77.11728640,22.728,-3.1276,1.5410,171.3794,-15.0,28.8492,-15.000
28.75313370,77.11728640,22.728,-3.1276,1.5410,171.3794,0.0,23.9111,0.000
28.75313370,77.11728640,22.728,-3.1276,1.5410,171.3794,15.0,,
28.75313370,77.11728640,22.728,-3.1276,1.5410,171.3794,30.0,,
28.75313330,77.11728590,22.761,-3.7873,1.7538,171.9360,-30.0,,
28.75313330,77.11728590,22.761,-3.7873,1.7538,171.9360,-15.0,,
28.75313330,77.11728590,22.761,-3.7873,1.7538,171.9360,0.0,,
28.75313330,77.11728590,22.761,-3.7873,1.7538,171.9360,15.0,27.3718,15.000
28.75313330,77.11728590,22.761,-3.7873,1.7538,171.9360,30.0,30.8231,30.000
28.75313288,77.11728548,22.785,-4.2406,2.3335,172.0228,-30.0,33.1895,-30.000
28.75313288,77.11728548,22.785,-4.2406,2.3335,172.0228,-15.0,29.2264,-15.000
28.75313288,77.11728548,22.785,-4.2406,2.3335,172.0228,0.0,24.5282,0.000
28.75313288,77.11728548,22.785,-4.2406,2.3335,172.0228,15.0,24.2651,15.000
28.75313288,77.11728548,22.785,-4.2406,2.3335,172.0228,30.0,,
28.75313244,77.11728514,22.805,-3.6852,2.4023,171.7833,-30.0,30.9580,-30.000
28.75313244,77.11728514,22.805,-3.6852,2.4023,171.7833,-15.0,26.2248,-15.000
28.75313244,77.11728514,22.805,-3.6852,2.4023,171.7833,0.0,24.0183,0.000
28.75313244,77.11728514,22.805,-3.6852,2.4023,171.7833,15.0,24.7939,15.000
28.75313244,77.11728514,22.805,-3.6852,2.4023,171.7833,30.0,28.6716,30.000
28.75313201,77.11728490,22.817,-2.7788,2.1658,171.3008,-30.0,,
28.75313201,77.11728490,22.817,-2.7788,2.1658,171.3008,-15.0,24.5390,-15.000
28.75313201,77.11728490,22.817,-2.7788,2.1658,171.3008,0.0,24.4888,0.000
28.75313201,77.11728490,22.817,-2.7788,2.1658,171.3008,15.0,28.9764,15.000
28.75313201,77.11728490,22.817,-2.7788,2.1658,171.3008,30.0,31.4841,30.000
28.75313156,77.11728466,22.817,-2.2505,-1.2775,170.8528,-30.0,30.0468,-30.000
28.75313156,77.11728466,22.817,-2.2505,-1.2775,170.8528,-15.0,25.4627,-15.000
28.75313156,77.11728466,22.817,-2.2505,-1.2775,170.8528,0.0,,
28.75313156,77.11728466,22.817,-2.2505,-1.2775,170.8528,15.0,,
28.75313156,77.11728466,22.817,-2.2505,-1.2775,170.8528,30.0,,
28.75313083,77.11728440,22.834,-2.4340,-3.6389,170.6758,-30.0,,
28.75313083,77.11728440,22.834,-2.4340,-3.6389,170.6758,-15.0,,
28.75313083,77.11728440,22.834,-2.4340,-3.6389,170.6758,0.0,24.2169,0.000
28.75313083,77.11728440,22.834,-2.4340,-3.6389,170.6758,15.0,29.4613,15.000
28.75313083,77.11728440,22.834,-2.4340,-3.6389,170.6758,30.0,31.9600,30.000
28.75312988,77.11728420,22.862,-2.4849,-0.7173,170.9089,-30.0,31.0163,-30.000
28.75312988,77.11728420,22.862,-2.4849,-0.7173,170.9089,-15.0,26.9255,-15.000
28.75312988,77.11728420,22.862,-2.4849,-0.7173,170.9089,0.0,24.1203,0.000
28.75312988,77.11728420,22.862,-2.4849,-0.7173,170.9089,15.0,24.4822,15.000
28.75312988,77.11728420,22.862,-2.4849,-0.7173,170.9089,30.0,28.2048,30.000
28.75312862,77.11728400,22.849,-3.5607,-3.1925,171.4082,-30.0,31.5344,-30.000
28.75312862,77.11728400,22.849,-3.5607,-3.1925,171.4082,-15.0,28.0331,-15.000
28.75312862,77.11728400,22.849,-3.5607,-3.1925,171.4082,0.0,24.4169,0.000
28.75312862,77.11728400,22.849,-3.5607,-3.1925,171.4082,15.0,24.1714,15.000
28.75312862,77.11728400,22.849,-3.5607,-3.1925,171.4082,30.0,27.1902,30.000
28.75312706,77.11728390,22.853,-3.4666,0.3337,171.5298,-30.0,,
28.75312706,77.11728390,22.853,-3.4666,0.3337,171.5298,-15.0,,
28.75312706,77.11728390,22.853,-3.4666,0.3337,171.5298,0.0,23.9293,0.000
28.75312706,77.11728390,22.853,-3.4666,0.3337,171.5298,15.0,28.7269,15.000
28.75312706,77.11728390,22.853,-3.4666,0.3337,171.5298,30.0,30.8045,30.000
28.75312529,77.11728370,22.843,-2.9709,3.1932,171.5269,-30.0,31.3490,-30.000
28.75312529,77.11728370,22.843,-2.9709,3.1932,171.5269,-15.0,27.2228,-15.000
28.75312529,77.11728370,22.843,-2.9709,3.1932,171.5269,0.0,,
28.75312529,77.11728370,22.843,-2.9709,3.1932,171.5269,15.0,,
28.75312529,77.11728370,22.843,-2.9709,3.1932,171.5269,30.0,,
28.75312372,77.11728350,22.808,-3.0858,4.8122,171.5546,-30.0,,
28.75312372,77.11728350,22.808,-3.0858,4.8122,171.5546,-15.0,24.4226,-15.000
28.75312372,77.11728350,22.808,-3.0858,4.8122,171.5546,0.0,24.3107,0.000
28.75312372,77.11728350,22.808,-3.0858,4.8122,171.5546,15.0,28.6214,15.473
28.75312372,77.11728350,22.808,-3.0858,4.8122,171.5546,30.0,31.6368,30.000
28.75312229,77.11728320,22.790,-2.6834,5.6816,171.7213,-30.0,29.6128,-30.000
28.75312229,77.11728320,22.790,-2.6834,5.6816,171.7213,-15.0,25.3490,-15.000
28.75312229,77.11728320,22.790,-2.6834,5.6816,171.7213,0.0,23.9026,0.000
28.75312229,77.11728320,22.790,-2.6834,5.6816,171.7213,15.0,25.3115,15.000
28.75312229,77.11728320,22.790,-2.6834,5.6816,171.7213,30.0,29.1471,30.000
28.75312120,77.11728280,22.791,-2.6539,5.5505,172.8644,-30.0,32.1357,-30.000
28.75312120,77.11728280,22.791,-2.6539,5.5505,172.8644,-15.0,29.3312,-15.000
28.75312120,77.11728280,22.791,-2.6539,5.5505,172.8644,0.0,24.5274,0.000
28.75312120,77.11728280,22.791,-2.6539,5.5505,172.8644,15.0,24.3238,15.000
28.75312120,77.11728280,22.791,-2.6539,5.5505,172.8644,30.0,,
28.75312028,77.11728248,22.800,-3.9657,5.2525,174.7635,-30.0,,
28.75312028,77.11728248,22.800,-3.9657,5.2525,174.7635,-15.0,,
28.75312028,77.11728248,22.800,-3.9657,5.2525,174.7635,0.0,,
28.75312028,77.11728248,22.800,-3.9657,5.2525,174.7635,15.0,25.8340,15.000
28.75312028,77.11728248,22.800,-3.9657,5.2525,174.7635,30.0,30.2020,30.000
28.75311960,77.11728224,22.810,-3.2897,4.6335,175.4216,-30.0,32.5883,-30.000
28.75311960,77.11728224,22.810,-3.2897,4.6335,175.4216,-15.0,29.7813,-15.000
28.75311960,77.11728224,22.810,-3.2897,4.6335,175.4216,0.0,24.1073,0.000
28.75311960,77.11728224,22.810,-3.2897,4.6335,175.4216,15.0,,
28.75311960,77.11728224,22.810,-3.2897,4.6335,175.4216,30.0,,
28.75311910,77.11728210,22.811,-2.2383,5.1011,174.9087,-30.0,28.2967,-30.000
28.75311910,77.11728210,22.811,-2.2383,5.1011,174.9087,-15.0,24.4403,-15.000
28.75311910,77.11728210,22.811,-2.2383,5.1011,174.9087,0.0,23.9651,0.000
28.75311910,77.11728210,22.811,-2.2383,5.1011,174.9087,15.0,26.4619,15.000
28.75311910,77.11728210,22.811,-2.2383,5.1011,174.9087,30.0,30.5548,30.000
28.75311870,77.11728180,22.810,-2.7166,5.4576,174.8218,-30.0,27.7759,-30.000
28.75311870,77.11728180,22.810,-2.7166,5.4576,174.8218,-15.0,24.2216,-14.305
28.75311870,77.11728180,22.810,-2.7166,5.4576,174.8218,0.0,24.1381,0.000
28.75311870,77.11728180,22.810,-2.7166,5.4576,174.8218,15.0,27.0626,15.000
28.75311870,77.11728180,22.810,-2.7166,5.4576,174.8218,30.0,30.9367,30.000
28.75311860,77.11728140,22.816,-3.5668,6.8012,175.8485,-30.0,31.8886,-30.000
28.75311860,77.11728140,22.816,-3.5668,6.8012,175.8485,-15.0,29.5278,-15.000
28.75311860,77.11728140,22.816,-3.5668,6.8012,175.8485,0.0,24.1110,0.000
28.75311860,77.11728140,22.816,-3.5668,6.8012,175.8485,15.0,,
28.75311860,77.11728140,22.816,-3.5668,6.8012,175.8485,30.0,,
28.75311880,77.11728090,22.794,-3.6404,8.1250,182.5233,-30.0,,
28.75311880,77.11728090,22.794,-3.6404,8.1250,182.5233,-15.0,,
28.75311880,77.11728090,22.794,-3.6404,8.1250,182.5233,0.0,,
28.75311880,77.11728090,22.794,-3.6404,8.1250,182.5233,15.0,25.9123,15.000
28.75311880,77.11728090,22.794,-3.6404,8.1250,182.5233,30.0,29.9786,30.000
28.75311920,77.11728050,22.724,-2.0367,8.7589,194.1539,-30.0,32.2662,-30.000
28.75311920,77.11728050,22.724,-2.0367,8.7589,194.1539,-15.0,29.3513,-15.000
28.75311920,77.11728050,22.724,-2.0367,8.7589,194.1539,0.0,24.4166,0.000
28.75311920,77.11728050,22.724,-2.0367,8.7589,194.1539,15.0,24.2616,15.000
28.75311920,77.11728050,22.724,-2.0367,8.7589,194.1539,30.0,,
28.75312013,77.11728010,22.608,0.7585,7.5062,208.7273,-30.0,29.2127,-30.000
28.75312013,77.11728010,22.608,0.7585,7.5062,208.7273,-15.0,25.0287,-15.000
28.75312013,77.11728010,22.608,0.7585,7.5062,208.7273,0.0,23.7517,0.000
28.75312013,77.11728010,22.608,0.7585,7.5062,208.7273,15.0,25.4121,15.000
28.75312013,77.11728010,22.608,0.7585,7.5062,208.7273,30.0,30.1171,30.000
28.75312126,77.11727984,22.457,2.6779,3.9632,224.3825,-30.0,,
28.75312126,77.11727984,22.457,2.6779,3.9632,224.3825,-15.0,23.4412,-15.000
28.75312126,77.11727984,22.457,2.6779,3.9632,224.3825,0.0,24.4728,0.000
28.75312126,77.11727984,22.457,2.6779,3.9632,224.3825,15.0,29.8389,15.000
28.75312126,77.11727984,22.457,2.6779,3.9632,224.3825,30.0,33.3719,30.000
28.75312259,77.11727960,22.305,3.4413,1.2834,239.5245,-30.0,28.0301,-30.000
28.75312259,77.11727960,22.305,3.4413,1.2834,239.5245,-15.0,24.9498,-15.000
28.75312259,77.11727960,22.305,3.4413,1.2834,239.5245,0.0,,
28.75312259,77.11727960,22.305,3.4413,1.2834,239.5245,15.0,,
28.75312259,77.11727960,22.305,3.4413,1.2834,239.5245,30.0,,
28.75312385,77.11727925,22.142,4.9557,-0.1643,252.2525,-30.0,,
28.75312385,77.11727925,22.142,4.9557,-0.1643,252.2525,-15.0,,
28.75312385,77.11727925,22.142,4.9557,-0.1643,252.2525,0.0,23.5321,0.000
28.75312385,77.11727925,22.142,4.9557,-0.1643,252.2525,15.0,30.6543,15.000
28.75312385,77.11727925,22.142,4.9557,-0.1643,252.2525,30.0,33.6213,30.000
28.75312520,77.11727870,21.949,6.2012,-0.5255,263.4194,-30.0,26.5193,-30.000
28.75312520,77.11727870,21.949,6.2012,-0.5255,263.4194,-15.0,24.3945,-15.000
28.75312520,77.11727870,21.949,6.2012,-0.5255,263.4194,0.0,22.7882,0.000
28.75312520,77.11727870,21.949,6.2012,-0.5255,263.4194,15.0,24.0187,15.000
28.75312520,77.11727870,21.949,6.2012,-0.5255,263.4194,30.0,28.6889,30.000
28.75312654,77.11727796,21.737,5.8622,0.1234,274.3487,-30.0,26.2063,-30.000
28.75312654,77.11727796,21.737,5.8622,0.1234,274.3487,-15.0,23.6510,-15.000
28.75312654,77.11727796,21.737,5.8622,0.1234,274.3487,0.0,22.5343,0.000
28.75312654,77.11727796,21.737,5.8622,0.1234,274.3487,15.0,24.0038,15.000
28.75312654,77.11727796,21.737,5.8622,0.1234,274.3487,30.0,29.0541,30.000
28.75312804,77.11727703,21.573,4.3505,0.0132,286.2902,-30.0,,
28.75312804,77.11727703,21.573,4.3505,0.0132,286.2902,-15.0,,
28.75312804,77.11727703,21.573,4.3505,0.0132,286.2902,0.0,23.2205,0.000
28.75312804,77.11727703,21.573,4.3505,0.0132,286.2902,15.0,30.3736,15.000
28.75312804,77.11727703,21.573,4.3505,0.0132,286.2902,30.0,33.2312,30.542
28.75312962,77.11727609,21.460,3.7802,-0.3149,299.4424,-30.0,25.5258,-30.000
28.75312962,77.11727609,21.460,3.7802,-0.3149,299.4424,-15.0,22.7839,-15.000
28.75312962,77.11727609,21.460,3.7802,-0.3149,299.4424,0.0,,
28.75312962,77.11727609,21.460,3.7802,-0.3149,299.4424,15.0,,
28.75312962,77.11727609,21.460,3.7802,-0.3149,299.4424,30.0,,
28.75313118,77.11727512,21.352,3.9099,-0.6844,313.0864,-30.0,,
28.75313118,77.11727512,21.352,3.9099,-0.6844,313.0864,-15.0,22.0706,-15.000
28.75313118,77.11727512,21.352,3.9099,-0.6844,313.0864,0.0,22.8882,0.000
28.75313118,77.11727512,21.352,3.9099,-0.6844,313.0864,15.0,28.9678,15.000
28.75313118,77.11727512,21.352,3.9099,-0.6844,313.0864,30.0,32.8094,30.000
28.75313260,77.11727420,21.199,2.7894,-0.8214,326.1164,-30.0,25.0566,-30.000
28.75313260,77.11727420,21.199,2.7894,-0.8214,326.1164,-15.0,22.3538,-15.000
28.75313260,77.11727420,21.199,2.7894,-0.8214,326.1164,0.0,21.6035,0.000
28.75313260,77.11727420,21.199,2.7894,-0.8214,326.1164,15.0,23.3893,15.000
28.75313260,77.11727420,21.199,2.7894,-0.8214,326.1164,30.0,28.7734,30.000
28.75313390,77.11727335,20.961,1.4926,-0.4312,337.7853,-30.0,26.9976,-30.000
28.75313390,77.11727335,20.961,1.4926,-0.4312,337.7853,-15.0,24.4992,-15.000
28.75313390,77.11727335,20.961,1.4926,-0.4312,337.7853,0.0,21.4949,0.000
28.75313390,77.11727335,20.961,1.4926,-0.4312,337.7853,15.0,21.8116,15.000
28.75313390,77.11727335,20.961,1.4926,-0.4312,337.7853,30.0,,
28.75313491,77.11727239,20.742,2.1610,0.4478,343.6070,-30.0,,
28.75313491,77.11727239,20.742,2.1610,0.4478,343.6070,-15.0,,
28.75313491,77.11727239,20.742,2.1610,0.4478,343.6070,0.0,,
28.75313491,77.11727239,20.742,2.1610,0.4478,343.6070,15.0,25.7195,15.000
28.75313491,77.11727239,20.742,2.1610,0.4478,343.6070,30.0,28.9475,30.000
28.75313554,77.11727146,20.557,2.9994,1.4278,342.4181,-30.0,25.1333,-30.000
28.75313554,77.11727146,20.557,2.9994,1.4278,342.4181,-15.0,23.6985,-15.000
28.75313554,77.11727146,20.557,2.9994,1.4278,342.4181,0.0,20.9268,0.000
28.75313554,77.11727146,20.557,2.9994,1.4278,342.4181,15.0,,
28.75313554,77.11727146,20.557,2.9994,1.4278,342.4181,30.0,,
28.75313600,77.11727080,20.406,2.2505,2.5530,333.8837,-30.0,22.8248,-30.000
28.75313600,77.11727080,20.406,2.2505,2.5530,333.8837,-15.0,20.7060,-15.000
28.75313600,77.11727080,20.406,2.2505,2.5530,333.8837,0.0,21.3911,0.000
28.75313600,77.11727080,20.406,2.2505,2.5530,333.8837,15.0,25.3634,15.000
28.75313600,77.11727080,20.406,2.2505,2.5530,333.8837,30.0,29.0610,30.000
28.75313620,77.11727050,20.278,-0.8683,2.9549,321.1337,-30.0,23.7928,-30.000
28.75313620,77.11727050,20.278,-0.8683,2.9549,321.1337,-15.0,20.7784,-15.000
28.75313620,77.11727050,20.278,-0.8683,2.9549,321.1337,0.0,20.6017,0.000
28.75313620,77.11727050,20.278,-0.8683,2.9549,321.1337,15.0,23.1204,15.000
28.75313620,77.11727050,20.278,-0.8683,2.9549,321.1337,30.0,27.9644,30.000
28.75313600,77.11727060,20.175,-3.4457,1.1446,305.5669,-30.0,26.8455,-30.000
28.75313600,77.11727060,20.175,-3.4457,1.1446,305.5669,-15.0,24.9150,-15.000
28.75313600,77.11727060,20.175,-3.4457,1.1446,305.5669,0.0,20.5695,0.000
28.75313600,77.11727060,20.175,-3.4457,1.1446,305.5669,15.0,,
28.75313600,77.11727060,20.175,-3.4457,1.1446,305.5669,30.0,,
28.75313550,77.11727070,20.104,-3.8034,-0.5798,289.0635,-30.0,,
28.75313550,77.11727070,20.104,-3.8034,-0.5798,289.0635,-15.0,,
28.75313550,77.11727070,20.104,-3.8034,-0.5798,289.0635,0.0,,
28.75313550,77.11727070,20.104,-3.8034,-0.5798,289.0635,15.0,20.9402,15.000
28.75313550,77.11727070,20.104,-3.8034,-0.5798,289.0635,30.0,24.8870,30.000
28.75313496,77.11727080,20.054,-3.5608,-2.0775,271.9580,-30.0,26.7363,-30.000
28.75313496,77.11727080,20.054,-3.5608,-2.0775,271.9580,-15.0,24.4316,-14.621
28.75313496,77.11727080,20.054,-3.5608,-2.0775,271.9580,0.0,20.3887,0.000
28.75313496,77.11727080,20.054,-3.5608,-2.0775,271.9580,15.0,20.5871,15.000
28.75313496,77.11727080,20.054,-3.5608,-2.0775,271.9580,30.0,,
28.75313421,77.11727060,20.036,-2.8357,-3.5404,254.5768,-30.0,24.0916,-29.632
28.75313421,77.11727060,20.036,-2.8357,-3.5404,254.5768,-15.0,20.6736,-15.000
28.75313421,77.11727060,20.036,-2.8357,-3.5404,254.5768,0.0,19.9863,0.000
28.75313421,77.11727060,20.036,-2.8357,-3.5404,254.5768,15.0,21.6863,15.000
28.75313421,77.11727060,20.036,-2.8357,-3.5404,254.5768,30.0,25.0194,30.000
28.75313328,77.11727000,20.048,-2.3288,-4.1263,237.5503,-30.0,,
28.75313328,77.11727000,20.048,-2.3288,-4.1263,237.5503,-15.0,20.1459,-15.000
28.75313328,77.11727000,20.048,-2.3288,-4.1263,237.5503,0.0,20.4187,0.000
28.75313328,77.11727000,20.048,-2.3288,-4.1263,237.5503,15.0,23.9052,15.000
28.75313328,77.11727000,20.048,-2.3288,-4.1263,237.5503,30.0,27.0817,30.000
28.75313204,77.11726898,20.050,-3.2698,-3.4192,222.0789,-30.0,25.9256,-30.000
28.75313204,77.11726898,20.050,-3.2698,-3.4192,222.0789,-15.0,23.7745,-15.000
28.75313204,77.11726898,20.050,-3.2698,-3.4192,222.0789,0.0,,
28.75313204,77.11726898,20.050,-3.2698,-3.4192,222.0789,15.0,,
28.75313204,77.11726898,20.050,-3.2698,-3.4192,222.0789,30.0,,
28.75313047,77.11726767,20.007,-5.0776,-3.2826,208.6733,-30.0,,
28.75313047,77.11726767,20.007,-5.0776,-3.2826,208.6733,-15.0,,
28.75313047,77.11726767,20.007,-5.0776,-3.2826,208.6733,0.0,19.9020,0.000
28.75313047,77.11726767,20.007,-5.0776,-3.2826,208.6733,15.0,23.0199,15.000
28.75313047,77.11726767,20.007,-5.0776,-3.2826,208.6733,30.0,25.4712,30.000
28.75312855,77.11726622,19.937,-6.7588,-3.1157,196.6264,-30.0,28.1082,-30.000
28.75312855,77.11726622,19.937,-6.7588,-3.1157,196.6264,-15.0,24.5037,-15.000
28.75312855,77.11726622,19.937,-6.7588,-3.1157,196.6264,0.0,20.4872,0.000
28.75312855,77.11726622,19.937,-6.7588,-3.1157,196.6264,15.0,20.0879,15.000
28.75312855,77.11726622,19.937,-6.7588,-3.1157,196.6264,30.0,,
28.75312630,77.11726510,19.856,-7.1518,-3.2357,184.4154,-30.0,26.8570,-30.000
28.75312630,77.11726510,19.856,-7.1518,-3.2357,184.4154,-15.0,22.3979,-15.000
28.75312630,77.11726510,19.856,-7.1518,-3.2357,184.4154,0.0,20.0704,0.000
28.75312630,77.11726510,19.856,-7.1518,-3.2357,184.4154,15.0,20.2110,15.000
28.75312630,77.11726510,19.856,-7.1518,-3.2357,184.4154,30.0,22.8448,30.000
28.75312373,77.11726424,19.759,-7.2770,-3.5157,173.7899,-30.0,,
28.75312373,77.11726424,19.759,-7.2770,-3.5157,173.7899,-15.0,20.8891,-15.000
28.75312373,77.11726424,19.759,-7.2770,-3.5157,173.7899,0.0,20.0243,0.000
28.75312373,77.11726424,19.759,-7.2770,-3.5157,173.7899,15.0,23.1256,15.000
28.75312373,77.11726424,19.759,-7.2770,-3.5157,173.7899,30.0,24.8955,30.000
28.75312095,77.11726390,19.677,-7.9901,-3.6787,168.2413,-30.0,27.1056,-30.000
28.75312095,77.11726390,19.677,-7.9901,-3.6787,168.2413,-15.0,21.4512,-15.000
28.75312095,77.11726390,19.677,-7.9901,-3.6787,168.2413,0.0,,
28.75312095,77.11726390,19.677,-7.9901,-3.6787,168.2413,15.0,,
28.75312095,77.11726390,19.677,-7.9901,-3.6787,168.2413,30.0,,
28.75311810,77.11726390,19.627,-7.5760,-2.6466,166.9871,-30.0,,
28.75311810,77.11726390,19.627,-7.5760,-2.6466,166.9871,-15.0,,
28.75311810,77.11726390,19.627,-7.5760,-2.6466,166.9871,0.0,19.9265,0.000
28.75311810,77.11726390,19.627,-7.5760,-2.6466,166.9871,15.0,22.9581,15.000
28.75311810,77.11726390,19.627,-7.5760,-2.6466,166.9871,30.0,24.7588,30.000
28.75311524,77.11726438,19.602,-5.4410,-1.4529,168.3182,-30.0,26.9918,-30.000
28.75311524,77.11726438,19.602,-5.4410,-1.4529,168.3182,-15.0,22.9333,-15.000
28.75311524,77.11726438,19.602,-5.4410,-1.4529,168.3182,0.0,20.2919,-0.591
28.75311524,77.11726438,19.602,-5.4410,-1.4529,168.3182,15.0,20.1268,15.000
28.75311524,77.11726438,19.602,-5.4410,-1.4529,168.3182,30.0,22.5493,30.000
28.75311231,77.11726533,19.595,-2.7622,-0.9452,171.7696,-30.0,27.4574,-30.000
28.75311231,77.11726533,19.595,-2.7622,-0.9452,171.7696,-15.0,24.0285,-15.000
28.75311231,77.11726533,19.595,-2.7622,-0.9452,171.7696,0.0,20.4929,0.000
28.75311231,77.11726533,19.595,-2.7622,-0.9452,171.7696,15.0,20.1921,15.000
28.75311231,77.11726533,19.595,-2.7622,-0.9452,171.7696,30.0,22.8904,30.000
28.75310942,77.11726636,19.606,-1.0154,-0.4910,176.7535,-30.0,,
28.75310942,77.11726636,19.606,-1.0154,-0.4910,176.7535,-15.0,,
28.75310942,77.11726636,19.606,-1.0154,-0.4910,176.7535,0.0,20.1495,0.000
28.75310942,77.11726636,19.606,-1.0154,-0.4910,176.7535,15.0,24.4298,15.000
28.75310942,77.11726636,19.606,-1.0154,-0.4910,176.7535,30.0,26.4645,30.000
28.75310660,77.11726740,19.625,0.2433,0.3297,180.7842,-30.0,25.3729,-30.000
28.75310660,77.11726740,19.625,0.2433,0.3297,180.7842,-15.0,22.6804,-15.000
28.75310660,77.11726740,19.625,0.2433,0.3297,180.7842,0.0,,
28.75310660,77.11726740,19.625,0.2433,0.3297,180.7842,15.0,,
28.75310660,77.11726740,19.625,0.2433,0.3297,180.7842,30.0,,
28.75310388,77.11726824,19.640,0.7956,0.5705,182.7590,-30.0,,
28.75310388,77.11726824,19.640,0.7956,0.5705,182.7590,-15.0,20.3952,-15.000
28.75310388,77.11726824,19.640,0.7956,0.5705,182.7590,0.0,20.8828,0.000
28.75310388,77.11726824,19.640,0.7956,0.5705,182.7590,15.0,25.1634,15.000
28.75310388,77.11726824,19.640,0.7956,0.5705,182.7590,30.0,28.7060,30.000
28.75310125,77.11726897,19.649,0.4361,0.5326,183.0547,-30.0,24.1321,-30.000
28.75310125,77.11726897,19.649,0.4361,0.5326,183.0547,-15.0,21.0236,-15.000
28.75310125,77.11726897,19.649,0.4361,0.5326,183.0547,0.0,20.3973,0.000
28.75310125,77.11726897,19.649,0.4361,0.5326,183.0547,15.0,22.2918,15.000
28.75310125,77.11726897,19.649,0.4361,0.5326,183.0547,30.0,26.6615,30.632
28.75309867,77.11726933,19.660,-0.1945,0.2259,182.6264,-30.0,26.3061,-30.000
28.75309867,77.11726933,19.660,-0.1945,0.2259,182.6264,-15.0,24.1740,-15.000
28.75309867,77.11726933,19.660,-0.1945,0.2259,182.6264,0.0,20.7284,0.000
28.75309867,77.11726933,19.660,-0.1945,0.2259,182.6264,15.0,21.0888,15.000
28.75309867,77.11726933,19.660,-0.1945,0.2259,182.6264,30.0,,
28.75309612,77.11726960,19.663,-0.8451,0.1129,181.6498,-30.0,,
28.75309612,77.11726960,19.663,-0.8451,0.1129,181.6498,-15.0,,
28.75309612,77.11726960,19.663,-0.8451,0.1129,181.6498,0.0,,
28.75309612,77.11726960,19.663,-0.8451,0.1129,181.6498,15.0,22.5300,15.000
28.75309612,77.11726960,19.663,-0.8451,0.1129,181.6498,30.0,26.8991,30.000
28.75309369,77.11726970,19.680,-1.3612,-0.1703,180.4803,-30.0,27.1514,-30.316
28.75309369,77.11726970,19.680,-1.3612,-0.1703,180.4803,-15.0,24.8120,-15.000
28.75309369,77.11726970,19.680,-1.3612,-0.1703,180.4803,0.0,20.6795,0.000
28.75309369,77.11726970,19.680,-1.3612,-0.1703,180.4803,15.0,,
28.75309369,77.11726970,19.680,-1.3612,-0.1703,180.4803,30.0,,
28.75309119,77.11726970,19.702,-1.7824,-0.6201,179.4915,-30.0,23.9470,-30.000
28.75309119,77.11726970,19.702,-1.7824,-0.6201,179.4915,-15.0,21.0356,-15.000
28.75309119,77.11726970,19.702,-1.7824,-0.6201,179.4915,0.0,20.8341,0.000
28.75309119,77.11726970,19.702,-1.7824,-0.6201,179.4915,15.0,23.2548,15.000
28.75309119,77.11726970,19.702,-1.7824,-0.6201,179.4915,30.0,26.9236,30.000
28.75308868,77.11726960,19.733,-2.2733,-0.5344,179.2839,-30.0,23.8802,-30.000
28.75308868,77.11726960,19.733,-2.2733,-0.5344,179.2839,-15.0,21.0466,-15.000
28.75308868,77.11726960,19.733,-2.2733,-0.5344,179.2839,0.0,21.0598,0.000
28.75308868,77.11726960,19.733,-2.2733,-0.5344,179.2839,15.0,23.8085,15.000
28.75308868,77.11726960,19.733,-2.2733,-0.5344,179.2839,30.0,27.2067,30.000
28.75308615,77.11726950,19.760,-2.6300,-0.4968,179.6666,-30.0,27.2032,-30.000
28.75308615,77.11726950,19.760,-2.6300,-0.4968,179.6666,-15.0,25.3663,-15.000
28.75308615,77.11726950,19.760,-2.6300,-0.4968,179.6666,0.0,20.9736,0.000
28.75308615,77.11726950,19.760,-2.6300,-0.4968,179.6666,15.0,,
28.75308615,77.11726950,19.760,-2.6300,-0.4968,179.6666,30.0,,
28.75308359,77.11726940,19.780,-2.7330,0.0328,179.9691,-30.0,,
28.75308359,77.11726940,19.780,-2.7330,0.0328,179.9691,-15.0,,
28.75308359,77.11726940,19.780,-2.7330,0.0328,179.9691,0.0,,
28.75308359,77.11726940,19.780,-2.7330,0.0328,179.9691,15.0,23.1883,15.000
28.75308359,77.11726940,19.780,-2.7330,0.0328,179.9691,30.0,27.0910,30.000
28.75308112,77.11726930,19.798,-2.6397,0.2251,180.2157,-30.0,28.3814,-29.562
28.75308112,77.11726930,19.798,-2.6397,0.2251,180.2157,-15.0,25.4455,-15.000
28.75308112,77.11726930,19.798,-2.6397,0.2251,180.2157,0.0,20.9713,0.000
28.75308112,77.11726930,19.798,-2.6397,0.2251,180.2157,15.0,21.3814,15.000
28.75308112,77.11726930,19.798,-2.6397,0.2251,180.2157,30.0,,
28.75307866,77.11726930,19.820,-2.2006,-0.2825,180.4626,-30.0,25.7717,-30.000
28.75307866,77.11726930,19.820,-2.2006,-0.2825,180.4626,-15.0,22.1312,-15.000
28.75307866,77.11726930,19.820,-2.2006,-0.2825,180.4626,0.0,20.9750,0.000
28.75307866,77.11726930,19.820,-2.2006,-0.2825,180.4626,15.0,22.3618,15.000
28.75307866,77.11726930,19.820,-2.2006,-0.2825,180.4626,30.0,26.0734,30.000
28.75307627,77.11726920,19.837,-1.8506,-0.6103,180.9004,-30.0,,
28.75307627,77.11726920,19.837,-1.8506,-0.6103,180.9004,-15.0,21.3361,-15.000
28.75307627,77.11726920,19.837,-1.8506,-0.6103,180.9004,0.0,21.6518,0.000
28.75307627,77.11726920,19.837,-1.8506,-0.6103,180.9004,15.0,25.7349,15.000
28.75307627,77.11726920,19.837,-1.8506,-0.6103,180.9004,30.0,28.6423,30.000
28.75307382,77.11726920,19.838,-1.8826,-0.5316,181.5463,-30.0,26.9923,-30.000
28.75307382,77.11726920,19.838,-1.8826,-0.5316,181.5463,-15.0,23.2730,-15.000
28.75307382,77.11726920,19.838,-1.8826,-0.5316,181.5463,0.0,,
28.75307382,77.11726920,19.838,-1.8826,-0.5316,181.5463,15.0,,
28.75307382,77.11726920,19.838,-1.8826,-0.5316,181.5463,30.0,,
28.75307140,77.11726907,19.836,-1.9833,-0.5333,182.0396,-30.0,,
28.75307140,77.11726907,19.836,-1.9833,-0.5333,182.0396,-15.0,,
28.75307140,77.11726907,19.836,-1.9833,-0.5333,182.0396,0.0,21.2762,0.000
28.75307140,77.11726907,19.836,-1.9833,-0.5333,182.0396,15.0,26.0086,15.000
28.75307140,77.11726907,19.836,-1.9833,-0.5333,182.0396,30.0,28.0412,30.000
28.75306894,77.11726890,19.842,-2.3232,-0.9692,182.0990,-30.0,27.4957,-30.000
28.75306894,77.11726890,19.842,-2.3232,-0.9692,182.0990,-15.0,24.1860,-15.000
28.75306894,77.11726890,19.842,-2.3232,-0.9692,182.0990,0.0,21.4340,0.000
28.75306894,77.11726890,19.842,-2.3232,-0.9692,182.0990,15.0,21.5918,15.000
28.75306894,77.11726890,19.842,-2.3232,-0.9692,182.0990,30.0,24.6978,30.000
28.75306641,77.11726880,19.857,-2.6360,-1.1102,181.5476,-30.0,27.3711,-30.000
28.75306641,77.11726880,19.857,-2.6360,-1.1102,181.5476,-15.0,23.6894,-15.000
28.75306641,77.11726880,19.857,-2.6360,-1.1102,181.5476,0.0,21.4361,0.000
28.75306641,77.11726880,19.857,-2.6360,-1.1102,181.5476,15.0,21.6737,15.000
28.75306641,77.11726880,19.857,-2.6360,-1.1102,181.5476,30.0,24.7972,30.000
28.75306376,77.11726870,19.877,-2.9789,-1.0004,180.8952,-30.0,,
28.75306376,77.11726870,19.877,-2.9789,-1.0004,180.8952,-15.0,,
28.75306376,77.11726870,19.877,-2.9789,-1.0004,180.8952,0.0,21.5692,0.000
28.75306376,77.11726870,19.877,-2.9789,-1.0004,180.8952,15.0,26.0598,15.000
28.75306376,77.11726870,19.877,-2.9789,-1.0004,180.8952,30.0,27.9320,30.000
28.75306125,77.11726860,19.894,-2.7503,-1.0920,180.2164,-30.0,27.4220,-30.000
28.75306125,77.11726860,19.894,-2.7503,-1.0920,180.2164,-15.0,23.0188,-15.000
28.75306125,77.11726860,19.894,-2.7503,-1.0920,180.2164,0.0,,
28.75306125,77.11726860,19.894,-2.7503,-1.0920,180.2164,15.0,,
28.75306125,77.11726860,19.894,-2.7503,-1.0920,180.2164,30.0,,
28.75305863,77.11726860,19.903,-3.0159,-1.6108,179.7087,-30.0,,
28.75305863,77.11726860,19.903,-3.0159,-1.6108,179.7087,-15.0,21.9032,-15.000
28.75305863,77.11726860,19.903,-3.0159,-1.6108,179.7087,0.0,21.7343,0.000
28.75305863,77.11726860,19.903,-3.0159,-1.6108,179.7087,15.0,25.9118,15.000
28.75305863,77.11726860,19.903,-3.0159,-1.6108,179.7087,30.0,28.8124,30.000
28.75305595,77.11726850,19.908,-3.1787,-1.7103,179.0426,-30.0,26.8527,-30.000
28.75305595,77.11726850,19.908,-3.1787,-1.7103,179.0426,-15.0,23.1034,-15.000
28.75305595,77.11726850,19.908,-3.1787,-1.7103,179.0426,0.0,21.4334,0.000
28.75305595,77.11726850,19.908,-3.1787,-1.7103,179.0426,15.0,22.1632,15.000
28.75305595,77.11726850,19.908,-3.1787,-1.7103,179.0426,30.0,25.7889,30.000
28.75305331,77.11726850,19.905,-2.4351,-1.1786,178.3835,-30.0,29.3466,-30.000
28.75305331,77.11726850,19.905,-2.4351,-1.1786,178.3835,-15.0,25.9590,-15.000
28.75305331,77.11726850,19.905,-2.4351,-1.1786,178.3835,0.0,21.9450,0.000
28.75305331,77.11726850,19.905,-2.4351,-1.1786,178.3835,15.0,21.7342,15.000
28.75305331,77.11726850,19.905,-2.4351,-1.1786,178.3835,30.0,,
28.75305063,77.11726860,19.909,-1.3731,-0.9092,177.5768,-30.0,,
28.75305063,77.11726860,19.909,-1.3731,-0.9092,177.5768,-15.0,,
28.75305063,77.11726860,19.909,-1.3731,-0.9092,177.5768,0.0,,
28.75305063,77.11726860,19.909,-1.3731,-0.9092,177.5768,15.0,24.9801,15.000
28.75305063,77.11726860,19.909,-1.3731,-0.9092,177.5768,30.0,28.0057,30.000
28.75304811,77.11726860,19.909,-1.6768,-1.1649,176.9164,-30.0,27.7006,-30.000
28.75304811,77.11726860,19.909,-1.6768,-1.1649,176.9164,-15.0,25.4772,-15.000
28.75304811,77.11726860,19.909,-1.6768,-1.1649,176.9164,0.0,21.4679,0.000
28.75304811,77.11726860,19.909,-1.6768,-1.1649,176.9164,15.0,,
28.75304811,77.11726860,19.909,-1.6768,-1.1649,176.9164,30.0,,
28.75304552,77.11726860,19.914,-1.9410,-1.1955,176.3756,-30.0,24.6830,-30.000
28.75304552,77.11726860,19.914,-1.9410,-1.1955,176.3756,-15.0,21.8033,-15.000
28.75304552,77.11726860,19.914,-1.9410,-1.1955,176.3756,0.0,21.8649,0.000
28.75304552,77.11726860,19.914,-1.9410,-1.1955,176.3756,15.0,25.0865,15.000
28.75304552,77.11726860,19.914,-1.9410,-1.1955,176.3756,30.0,28.3425,30.000
28.75304299,77.11726840,19.942,-2.2226,-1.8778,175.8711,-30.0,25.5715,-30.045
28.75304299,77.11726840,19.942,-2.2226,-1.8778,175.8711,-15.0,22.1388,-15.000
28.75304299,77.11726840,19.942,-2.2226,-1.8778,175.8711,0.0,21.6309,0.000
28.75304299,77.11726840,19.942,-2.2226,-1.8778,175.8711,15.0,23.6829,15.000
28.75304299,77.11726840,19.942,-2.2226,-1.8778,175.8711,30.0,27.8971,30.000
28.75304051,77.11726840,19.998,-3.0872,-3.1808,175.7076,-30.0,28.4825,-30.000
28.75304051,77.11726840,19.998,-3.0872,-3.1808,175.7076,-15.0,26.5716,-15.000
28.75304051,77.11726840,19.998,-3.0872,-3.1808,175.7076,0.0,22.0344,0.000
28.75304051,77.11726840,19.998,-3.0872,-3.1808,175.7076,15.0,,
28.75304051,77.11726840,19.998,-3.0872,-3.1808,175.7076,30.0,,
28.75303794,77.11726840,20.052,-3.1385,-3.3967,176.3159,-30.0,,
28.75303794,77.11726840,20.052,-3.1385,-3.3967,176.3159,-15.0,,
28.75303794,77.11726840,20.052,-3.1385,-3.3967,176.3159,0.0,,
28.75303794,77.11726840,20.052,-3.1385,-3.3967,176.3159,15.0,22.6406,15.000
28.75303794,77.11726840,20.052,-3.1385,-3.3967,176.3159,30.0,27.1633,30.000
28.75303525,77.11726840,20.082,-2.4250,-2.8532,177.5116,-30.0,29.3306,-30.000
28.75303525,77.11726840,20.082,-2.4250,-2.8532,177.5116,-15.0,26.5502,-15.000
28.75303525,77.11726840,20.082,-2.4250,-2.8532,177.5116,0.0,22.0260,0.000
28.75303525,77.11726840,20.082,-2.4250,-2.8532,177.5116,15.0,22.3135,15.000
28.75303525,77.11726840,20.082,-2.4250,-2.8532,177.5116,30.0,,
28.75303254,77.11726840,20.099,-1.2824,-2.4082,179.1616,-30.0,25.9125,-30.000
28.75303254,77.11726840,20.099,-1.2824,-2.4082,179.1616,-15.0,22.4117,-15.723
28.75303254,77.11726840,20.099,-1.2824,-2.4082,179.1616,0.0,21.6948,0.000
28.75303254,77.11726840,20.099,-1.2824,-2.4082,179.1616,15.0,23.6937,15.000
28.75303254,77.11726840,20.099,-1.2824,-2.4082,179.1616,30.0,27.6534,30.000
28.75302974,77.11726850,20.096,-1.0461,-2.1159,180.5100,-30.0,,
28.75302974,77.11726850,20.096,-1.0461,-2.1159,180.5100,-15.0,21.7843,-15.000
28.75302974,77.11726850,20.096,-1.0461,-2.1159,180.5100,0.0,22.2585,0.000
28.75302974,77.11726850,20.096,-1.0461,-2.1159,180.5100,15.0,26.4815,15.695
28.75302974,77.11726850,20.096,-1.0461,-2.1159,180.5100,30.0,30.1283,30.000
28.75302691,77.11726850,20.059,-0.9837,-1.8990,180.7035,-30.0,27.5348,-30.000
28.75302691,77.11726850,20.059,-0.9837,-1.8990,180.7035,-15.0,24.9919,-15.000
28.75302691,77.11726850,20.059,-0.9837,-1.8990,180.7035,0.0,,
28.75302691,77.11726850,20.059,-0.9837,-1.8990,180.7035,15.0,,
28.75302691,77.11726850,20.059,-0.9837,-1.8990,180.7035,30.0,,
28.75302402,77.11726850,20.013,-1.6460,-2.4826,179.7604,-30.0,,
28.75302402,77.11726850,20.013,-1.6460,-2.4826,179.7604,-15.0,,
28.75302402,77.11726850,20.013,-1.6460,-2.4826,179.7604,0.0,21.5918,0.140
28.75302402,77.11726850,20.013,-1.6460,-2.4826,179.7604,15.0,25.6257,15.000
28.75302402,77.11726850,20.013,-1.6460,-2.4826,179.7604,30.0,28.7021,30.000
28.75302120,77.11726840,19.992,-2.2811,-2.4923,179.7376,-30.0,28.3254,-30.000
28.75302120,77.11726840,19.992,-2.2811,-2.4923,179.7376,-15.0,25.1016,-14.685
28.75302120,77.11726840,19.992,-2.2811,-2.4923,179.7376,0.0,21.8902,0.000
28.75302120,77.11726840,19.992,-2.2811,-2.4923,179.7376,15.0,22.0151,15.000
28.75302120,77.11726840,19.992,-2.2811,-2.4923,179.7376,30.0,,
28.75301827,77.11726830,19.988,-2.2909,-1.6949,180.3432,-30.0,27.2164,-30.000
28.75301827,77.11726830,19.988,-2.2909,-1.6949,180.3432,-15.0,23.3017,-15.000
28.75301827,77.11726830,19.988,-2.2909,-1.6949,180.3432,0.0,21.5801,0.000
28.75301827,77.11726830,19.988,-2.2909,-1.6949,180.3432,15.0,22.4017,15.000
28.75301827,77.11726830,19.988,-2.2909,-1.6949,180.3432,30.0,26.1815,30.000
28.75301535,77.11726820,19.984,-2.4042,-1.1952,180.7744,-30.0,,
28.75301535,77.11726820,19.984,-2.4042,-1.1952,180.7744,-15.0,22.1962,-15.000
28.75301535,77.11726820,19.984,-2.4042,-1.1952,180.7744,0.0,22.0126,0.000
28.75301535,77.11726820,19.984,-2.4042,-1.1952,180.7744,15.0,26.4085,15.000
28.75301535,77.11726820,19.984,-2.4042,-1.1952,180.7744,30.0,28.8343,30.000
28.75301247,77.11726803,19.978,-2.6657,-1.0646,180.6855,-30.0,27.1876,-30.000
28.75301247,77.11726803,19.978,-2.6657,-1.0646,180.6855,-15.0,22.4817,-15.172
28.75301247,77.11726803,19.978,-2.6657,-1.0646,180.6855,0.0,,
28.75301247,77.11726803,19.978,-2.6657,-1.0646,180.6855,15.0,,
28.75301247,77.11726803,19.978,-2.6657,-1.0646,180.6855,30.0,,
28.75300963,77.11726790,19.979,-2.4363,-1.4301,180.6032,-30.0,,
28.75300963,77.11726790,19.979,-2.4363,-1.4301,180.6032,-15.0,,
28.75300963,77.11726790,19.979,-2.4363,-1.4301,180.6032,0.0,21.8378,0.000
28.75300963,77.11726790,19.979,-2.4363,-1.4301,180.6032,15.0,26.3995,15.000
28.75300963,77.11726790,19.979,-2.4363,-1.4301,180.6032,30.0,28.7114,30.000
28.75300681,77.11726790,19.977,-2.1412,-1.4285,180.5262,-30.0,27.5947,-30.000
28.75300681,77.11726790,19.977,-2.1412,-1.4285,180.5262,-15.0,23.7225,-15.000
28.75300681,77.11726790,19.977,-2.1412,-1.4285,180.5262,0.0,21.6934,0.000
28.75300681,77.11726790,19.977,-2.1412,-1.4285,180.5262,15.0,22.1619,15.000
28.75300681,77.11726790,19.977,-2.1412,-1.4285,180.5262,30.0,25.7120,30.000
28.75300406,77.11726780,19.971,-1.6779,-0.8982,179.9604,-30.0,28.3836,-30.000
28.75300406,77.11726780,19.971,-1.6779,-0.8982,179.9604,-15.0,25.3154,-15.000
28.75300406,77.11726780,19.971,-1.6779,-0.8982,179.9604,0.0,21.9782,0.000
28.75300406,77.11726780,19.971,-1.6779,-0.8982,179.9604,15.0,21.8599,15.000
28.75300406,77.11726780,19.971,-1.6779,-0.8982,179.9604,30.0,24.9369,30.000
28.75300129,77.11726770,19.965,-2.0686,-1.0356,179.2337,-30.0,,
28.75300129,77.11726770,19.965,-2.0686,-1.0356,179.2337,-15.0,,
28.75300129,77.11726770,19.965,-2.0686,-1.0356,179.2337,0.0,21.6317,0.000
28.75300129,77.11726770,19.965,-2.0686,-1.0356,179.2337,15.0,26.1378,15.000
28.75300129,77.11726770,19.965,-2.0686,-1.0356,179.2337,30.0,28.7177,30.000
28.75299859,77.11726750,19.953,-3.1249,-1.5268,178.5059,-30.0,28.1041,-30.000
28.75299859,77.11726750,19.953,-3.1249,-1.5268,178.5059,-15.0,24.7116,-15.094
28.75299859,77.11726750,19.953,-3.1249,-1.5268,178.5059,0.0,,
28.75299859,77.11726750,19.953,-3.1249,-1.5268,178.5059,15.0,,
28.75299859,77.11726750,19.953,-3.1249,-1.5268,178.5059,30.0,,
28.75299580,77.11726740,19.946,-3.0668,-1.5910,178.3832,-30.0,,
28.75299580,77.11726740,19.946,-3.0668,-1.5910,178.3832,-15.0,22.0572,-15.000
28.75299580,77.11726740,19.946,-3.0668,-1.5910,178.3832,0.0,21.9462,0.000
28.75299580,77.11726740,19.946,-3.0668,-1.5910,178.3832,15.0,25.4925,15.000
28.75299580,77.11726740,19.946,-3.0668,-1.5910,178.3832,30.0,28.5617,30.000
28.75299298,77.11726740,19.941,-3.1393,-2.0196,178.8650,-30.0,26.6569,-30.000
28.75299298,77.11726740,19.941,-3.1393,-2.0196,178.8650,-15.0,22.7341,-15.000
28.75299298,77.11726740,19.941,-3.1393,-2.0196,178.8650,0.0,21.6318,0.000
28.75299298,77.11726740,19.941,-3.1393,-2.0196,178.8650,15.0,23.1335,15.000
28.75299298,77.11726740,19.941,-3.1393,-2.0196,178.8650,30.0,26.8459,30.000
28.75299020,77.11726740,19.940,-2.5730,-1.1441,179.2475,-30.0,29.4278,-30.000
28.75299020,77.11726740,19.940,-2.5730,-1.1441,179.2475,-15.0,26.5876,-15.000
28.75299020,77.11726740,19.940,-2.5730,-1.1441,179.2475,0.0,22.1347,0.000
28.75299020,77.11726740,19.940,-2.5730,-1.1441,179.2475,15.0,22.1144,15.000
28.75299020,77.11726740,19.940,-2.5730,-1.1441,179.2475,30.0,,
28.75298728,77.11726740,19.942,-2.5462,0.1581,179.2558,-30.0,,
28.75298728,77.11726740,19.942,-2.5462,0.1581,179.2558,-15.0,,
28.75298728,77.11726740,19.942,-2.5462,0.1581,179.2558,0.0,,
28.75298728,77.11726740,19.942,-2.5462,0.1581,179.2558,15.0,23.1399,15.000
28.75298728,77.11726740,19.942,-2.5462,0.1581,179.2558,30.0,27.7783,30.000
28.75298456,77.11726760,19.947,-2.5736,-0.1776,178.3650,-30.0,28.9985,-30.000
28.75298456,77.11726760,19.947,-2.5736,-0.1776,178.3650,-15.0,26.5768,-15.000
28.75298456,77.11726760,19.947,-2.5736,-0.1776,178.3650,0.0,21.8707,0.000
28.75298456,77.11726760,19.947,-2.5736,-0.1776,178.3650,15.0,,
28.75298456,77.11726760,19.947,-2.5736,-0.1776,178.3650,30.0,,
28.75298183,77.11726790,19.959,-2.2731,-1.3921,176.2124,-30.0,25.5178,-30.000
28.75298183,77.11726790,19.959,-2.2731,-1.3921,176.2124,-15.0,22.1755,-15.000
28.75298183,77.11726790,19.959,-2.2731,-1.3921,176.2124,0.0,21.8704,0.000
28.75298183,77.11726790,19.959,-2.2731,-1.3921,176.2124,15.0,24.3253,15.000
28.75298183,77.11726790,19.959,-2.2731,-1.3921,176.2124,30.0,28.0665,30.000
28.75297908,77.11726820,20.003,-1.9014,-1.6030,174.3409,-30.0,24.8132,-30.000
28.75297908,77.11726820,20.003,-1.9014,-1.6030,174.3409,-15.0,21.9427,-15.000
28.75297908,77.11726820,20.003,-1.9014,-1.6030,174.3409,0.0,22.1023,0.000
28.75297908,77.11726820,20.003,-1.9014,-1.6030,174.3409,15.0,25.2535,15.000
28.75297908,77.11726820,20.003,-1.9014,-1.6030,174.3409,30.0,28.5650,30.000
28.75297628,77.11726840,20.055,-1.3653,-1.4911,173.4465,-30.0,28.5028,-30.000
28.75297628,77.11726840,20.055,-1.3653,-1.4911,173.4465,-15.0,26.2843,-15.000
28.75297628,77.11726840,20.055,-1.3653,-1.4911,173.4465,0.0,21.7670,0.000
28.75297628,77.11726840,20.055,-1.3653,-1.4911,173.4465,15.0,,
28.75297628,77.11726840,20.055,-1.3653,-1.4911,173.4465,30.0,,
28.75297348,77.11726866,20.108,-0.9975,-1.4019,173.9970,-30.0,,
28.75297348,77.11726866,20.108,-0.9975,-1.4019,173.9970,-15.0,,
28.75297348,77.11726866,20.108,-0.9975,-1.4019,173.9970,0.0,,
28.75297348,77.11726866,20.108,-0.9975,-1.4019,173.9970,15.0,24.7647,15.000
28.75297348,77.11726866,20.108,-0.9975,-1.4019,173.9970,30.0,28.6199,30.000
28.75297076,77.11726880,20.132,-0.6408,-1.4623,175.5740,-30.0,28.6372,-30.000
28.75297076,77.11726880,20.132,-0.6408,-1.4623,175.5740,-15.0,25.6402,-15.000
28.75297076,77.11726880,20.132,-0.6408,-1.4623,175.5740,0.0,22.0093,0.000
28.75297076,77.11726880,20.132,-0.6408,-1.4623,175.5740,15.0,22.3345,15.000
28.75297076,77.11726880,20.132,-0.6408,-1.4623,175.5740,30.0,,
28.75296801,77.11726900,20.121,-0.5649,-1.4881,177.3033,-30.0,26.1515,-29.809
28.75296801,77.11726900,20.121,-0.5649,-1.4881,177.3033,-15.0,22.8117,-15.000
28.75296801,77.11726900,20.121,-0.5649,-1.4881,177.3033,0.0,21.6995,0.000
28.75296801,77.11726900,20.121,-0.5649,-1.4881,177.3033,15.0,23.1913,15.000
28.75296801,77.11726900,20.121,-0.5649,-1.4881,177.3033,30.0,27.3780,30.000
28.75296528,77.11726910,20.094,-0.3795,-1.8600,179.0759,-30.0,,
28.75296528,77.11726910,20.094,-0.3795,-1.8600,179.0759,-15.0,21.9111,-15.000
28.75296528,77.11726910,20.094,-0.3795,-1.8600,179.0759,0.0,22.3762,0.000
28.75296528,77.11726910,20.094,-0.3795,-1.8600,179.0759,15.0,26.9879,15.000
28.75296528,77.11726910,20.094,-0.3795,-1.8600,179.0759,30.0,30.0842,30.000
28.75296257,77.11726922,20.064,0.2092,-1.8627,179.9341,-30.0,27.2424,-30.000
28.75296257,77.11726922,20.064,0.2092,-1.8627,179.9341,-15.0,23.2974,-15.000
28.75296257,77.11726922,20.064,0.2092,-1.8627,179.9341,0.0,,
28.75296257,77.11726922,20.064,0.2092,-1.8627,179.9341,15.0,,
28.75296257,77.11726922,20.064,0.2092,-1.8627,179.9341,30.0,,
28.75295985,77.11726930,20.042,0.5715,-2.0428,179.7965,-30.0,,
28.75295985,77.11726930,20.042,0.5715,-2.0428,179.7965,-15.0,,
28.75295985,77.11726930,20.042,0.5715,-2.0428,179.7965,0.0,21.9289,0.000
28.75295985,77.11726930,20.042,0.5715,-2.0428,179.7965,15.0,27.4771,15.000
28.75295985,77.11726930,20.042,0.5715,-2.0428,179.7965,30.0,29.8256,30.000
28.75295705,77.11726930,20.018,-0.5663,-1.8532,178.5595,-30.0,27.2132,-30.000
28.75295705,77.11726930,20.018,-0.5663,-1.8532,178.5595,-15.0,23.9430,-15.000
28.75295705,77.11726930,20.018,-0.5663,-1.8532,178.5595,0.0,21.6772,0.000
28.75295705,77.11726930,20.018,-0.5663,-1.8532,178.5595,15.0,22.2434,15.000
28.75295705,77.11726930,20.018,-0.5663,-1.8532,178.5595,30.0,25.9013,30.000
28.75295418,77.11726920,19.996,-1.6520,-1.7145,177.0535,-30.0,27.3597,-30.000
28.75295418,77.11726920,19.996,-1.6520,-1.7145,177.0535,-15.0,24.2071,-15.000
28.75295418,77.11726920,19.996,-1.6520,-1.7145,177.0535,0.0,21.7728,0.000
28.75295418,77.11726920,19.996,-1.6520,-1.7145,177.0535,15.0,21.9899,15.000
28.75295418,77.11726920,19.996,-1.6520,-1.7145,177.0535,30.0,25.1902,30.000
28.75295124,77.11726910,19.986,-1.9767,-1.5087,175.7004,-30.0,,
28.75295124,77.11726910,19.986,-1.9767,-1.5087,175.7004,-15.0,,
28.75295124,77.11726910,19.986,-1.9767,-1.5087,175.7004,0.0,21.7855,0.000
28.75295124,77.11726910,19.986,-1.9767,-1.5087,175.7004,15.0,26.5390,15.000
28.75295124,77.11726910,19.986,-1.9767,-1.5087,175.7004,30.0,28.8626,30.000
28.75294841,77.11726917,19.978,-1.8311,-1.5319,175.6473,-30.0,27.7150,-30.000
28.75294841,77.11726917,19.978,-1.8311,-1.5319,175.6473,-15.0,23.2508,-15.000
28.75294841,77.11726917,19.978,-1.8311,-1.5319,175.6473,0.0,,
28.75294841,77.11726917,19.978,-1.8311,-1.5319,175.6473,15.0,,
28.75294841,77.11726917,19.978,-1.8311,-1.5319,175.6473,30.0,,
28.75294547,77.11726910,19.984,-0.9237,-0.7411,176.9596,-30.0,,
28.75294547,77.11726910,19.984,-0.9237,-0.7411,176.9596,-15.0,22.0118,-15.000
28.75294547,77.11726910,19.984,-0.9237,-0.7411,176.9596,0.0,21.9668,0.000
28.75294547,77.11726910,19.984,-0.9237,-0.7411,176.9596,15.0,26.3715,15.000
28.75294547,77.11726910,19.984,-0.9237,-0.7411,176.9596,30.0,29.7963,30.000
28.75294271,77.11726900,19.991,0.8197,0.8795,180.2394,-30.0,25.6868,-30.000
28.75294271,77.11726900,19.991,0.8197,0.8795,180.2394,-15.0,22.6115,-15.000
28.75294271,77.11726900,19.991,0.8197,0.8795,180.2394,0.0,21.5358,0.000
28.75294271,77.11726900,19.991,0.8197,0.8795,180.2394,15.0,22.8728,15.000
28.75294271,77.11726900,19.991,0.8197,0.8795,180.2394,30.0,26.9534,30.000
28.75294013,77.11726870,19.996,2.7736,2.2084,185.1891,-30.0,27.5300,-30.000
28.75294013,77.11726870,19.996,2.7736,2.2084,185.1891,-15.0,24.9729,-15.000
28.75294013,77.11726870,19.996,2.7736,2.2084,185.1891,0.0,21.7922,0.000
28.75294013,77.11726870,19.996,2.7736,2.2084,185.1891,15.0,22.2735,15.000
28.75294013,77.11726870,19.996,2.7736,2.2084,185.1891,30.0,,
28.75293782,77.11726827,19.995,4.7211,2.2762,192.0442,-30.0,,
28.75293782,77.11726827,19.995,4.7211,2.2762,192.0442,-15.0,,
28.75293782,77.11726827,19.995,4.7211,2.2762,192.0442,0.0,,
28.75293782,77.11726827,19.995,4.7211,2.2762,192.0442,15.0,25.8542,15.000
28.75293782,77.11726827,19.995,4.7211,2.2762,192.0442,30.0,30.5475,30.000
28.75293588,77.11726744,19.991,7.4190,1.1690,200.8510,-30.0,25.5196,-30.000
28.75293588,77.11726744,19.991,7.4190,1.1690,200.8510,-15.0,24.2416,-15.000
28.75293588,77.11726744,19.991,7.4190,1.1690,200.8510,0.0,21.5891,0.000
28.75293588,77.11726744,19.991,7.4190,1.1690,200.8510,15.0,,
28.75293588,77.11726744,19.991,7.4190,1.1690,200.8510,30.0,,
28.75293432,77.11726611,19.986,10.3752,-0.0403,211.0959,-30.0,22.9573,-30.000
28.75293432,77.11726611,19.986,10.3752,-0.0403,211.0959,-15.0,21.5332,-15.000
28.75293432,77.11726611,19.986,10.3752,-0.0403,211.0959,0.0,22.9725,0.000
28.75293432,77.11726611,19.986,10.3752,-0.0403,211.0959,15.0,28.4972,15.000
28.75293432,77.11726611,19.986,10.3752,-0.0403,211.0959,30.0,34.8418,30.000
28.75293305,77.11726405,19.967,11.9705,-3.1990,220.4851,-30.0,22.4317,-29.595
28.75293305,77.11726405,19.967,11.9705,-3.1990,220.4851,-15.0,21.5134,-15.000
28.75293305,77.11726405,19.967,11.9705,-3.1990,220.4851,0.0,22.9535,0.000
28.75293305,77.11726405,19.967,11.9705,-3.1990,220.4851,15.0,27.5560,15.000
28.75293305,77.11726405,19.967,11.9705,-3.1990,220.4851,30.0,35.0837,30.000
28.75293220,77.11726119,19.966,8.9033,-3.7998,229.6684,-30.0,24.2801,-30.000
28.75293220,77.11726119,19.966,8.9033,-3.7998,229.6684,-15.0,23.2402,-15.000
28.75293220,77.11726119,19.966,8.9033,-3.7998,229.6684,0.0,21.5211,0.000
28.75293220,77.11726119,19.966,8.9033,-3.7998,229.6684,15.0,,
28.75293220,77.11726119,19.966,8.9033,-3.7998,229.6684,30.0,,
28.75293166,77.11725776,19.986,3.6680,-0.9629,239.3280,-30.0,,
28.75293166,77.11725776,19.986,3.6680,-0.9629,239.3280,-15.0,,
28.75293166,77.11725776,19.986,3.6680,-0.9629,239.3280,0.0,,
28.75293166,77.11725776,19.986,3.6680,-0.9629,239.3280,15.0,24.4566,15.000
28.75293166,77.11725776,19.986,3.6680,-0.9629,239.3280,30.0,31.3456,30.000
28.75293120,77.11725413,20.002,-0.3516,1.6843,247.4941,-30.0,27.9631,-30.000
28.75293120,77.11725413,20.002,-0.3516,1.6843,247.4941,-15.0,25.1660,-15.000
28.75293120,77.11725413,20.002,-0.3516,1.6843,247.4941,0.0,21.6221,0.000
28.75293120,77.11725413,20.002,-0.3516,1.6843,247.4941,15.0,22.8086,15.000
28.75293120,77.11725413,20.002,-0.3516,1.6843,247.4941,30.0,,
28.75293060,77.11725058,20.023,-1.4052,1.7777,254.6536,-30.0,25.6261,-30.000
28.75293060,77.11725058,20.023,-1.4052,1.7777,254.6536,-15.0,22.2412,-15.000
28.75293060,77.11725058,20.023,-1.4052,1.7777,254.6536,0.0,21.5533,0.000
28.75293060,77.11725058,20.023,-1.4052,1.7777,254.6536,15.0,23.2462,15.000
28.75293060,77.11725058,20.023,-1.4052,1.7777,254.6536,30.0,26.9774,30.000
28.75292990,77.11724718,20.045,0.2182,2.1080,260.5558,-30.0,,
28.75292990,77.11724718,20.045,0.2182,2.1080,260.5558,-15.0,21.6956,-15.000
28.75292990,77.11724718,20.045,0.2182,2.1080,260.5558,0.0,22.1711,0.000
28.75292990,77.11724718,20.045,0.2182,2.1080,260.5558,15.0,26.2781,15.000
28.75292990,77.11724718,20.045,0.2182,2.1080,260.5558,30.0,29.4353,30.000
28.75292922,77.11724395,20.065,2.8419,2.2836,265.5913,-30.0,26.7122,-30.000
28.75292922,77.11724395,20.065,2.8419,2.2836,265.5913,-15.0,24.1431,-15.000
28.75292922,77.11724395,20.065,2.8419,2.2836,265.5913,0.0,,
28.75292922,77.11724395,20.065,2.8419,2.2836,265.5913,15.0,,
28.75292922,77.11724395,20.065,2.8419,2.2836,265.5913,30.0,,
28.75292870,77.11724092,20.066,3.0373,1.5738,269.5042,-30.0,,
28.75292870,77.11724092,20.066,3.0373,1.5738,269.5042,-15.0,,
28.75292870,77.11724092,20.066,3.0373,1.5738,269.5042,0.0,21.6476,0.000
28.75292870,77.11724092,20.066,3.0373,1.5738,269.5042,15.0,27.5716,15.000
28.75292870,77.11724092,20.066,3.0373,1.5738,269.5042,30.0,30.4175,30.000
28.75292830,77.11723810,20.054,2.7151,0.8259,272.5732,-30.0,26.2460,-30.000
28.75292830,77.11723810,20.054,2.7151,0.8259,272.5732,-15.0,23.8462,-15.000
28.75292830,77.11723810,20.054,2.7151,0.8259,272.5732,0.0,21.5900,0.000
28.75292830,77.11723810,20.054,2.7151,0.8259,272.5732,15.0,22.3363,15.000
28.75292830,77.11723810,20.054,2.7151,0.8259,272.5732,30.0,26.7853,30.000
28.75292820,77.11723530,20.041,1.8189,0.0131,274.4441,-30.0,25.8655,-30.000
28.75292820,77.11723530,20.041,1.8189,0.0131,274.4441,-15.0,22.7457,-15.000
28.75292820,77.11723530,20.041,1.8189,0.0131,274.4441,0.0,21.4518,0.000
28.75292820,77.11723530,20.041,1.8189,0.0131,274.4441,15.0,22.5402,15.000
28.75292820,77.11723530,20.041,1.8189,0.0131,274.4441,30.0,26.8333,30.000
28.75292810,77.11723254,20.029,-0.1773,-0.7075,274.7938,-30.0,,
28.75292810,77.11723254,20.029,-0.1773,-0.7075,274.7938,-15.0,,
28.75292810,77.11723254,20.029,-0.1773,-0.7075,274.7938,0.0,22.0650,0.000
28.75292810,77.11723254,20.029,-0.1773,-0.7075,274.7938,15.0,27.3508,15.000
28.75292810,77.11723254,20.029,-0.1773,-0.7075,274.7938,30.0,30.6913,30.189
28.75292800,77.11722974,20.016,-0.8720,-0.9353,273.5664,-30.0,26.3462,-30.000
28.75292800,77.11722974,20.016,-0.8720,-0.9353,273.5664,-15.0,22.0890,-15.000
28.75292800,77.11722974,20.016,-0.8720,-0.9353,273.5664,0.0,,
28.75292800,77.11722974,20.016,-0.8720,-0.9353,273.5664,15.0,,
28.75292800,77.11722974,20.016,-0.8720,-0.9353,273.5664,30.0,,
28.75292800,77.11722705,20.006,-1.0441,-1.4851,270.7441,-30.0,,
28.75292800,77.11722705,20.006,-1.0441,-1.4851,270.7441,-15.0,21.9738,-15.000
28.75292800,77.11722705,20.006,-1.0441,-1.4851,270.7441,0.0,21.8352,0.000
28.75292800,77.11722705,20.006,-1.0441,-1.4851,270.7441,15.0,26.6000,15.000
28.75292800,77.11722705,20.006,-1.0441,-1.4851,270.7441,30.0,28.9750,30.000
28.75292780,77.11722420,19.995,-1.6011,-2.2705,267.6497,-30.0,26.8143,-30.000
28.75292780,77.11722420,19.995,-1.6011,-2.2705,267.6497,-15.0,23.2535,-15.000
28.75292780,77.11722420,19.995,-1.6011,-2.2705,267.6497,0.0,21.4653,0.000
28.75292780,77.11722420,19.995,-1.6011,-2.2705,267.6497,15.0,22.1114,15.000
28.75292780,77.11722420,19.995,-1.6011,-2.2705,267.6497,30.0,25.9512,30.000
28.75292760,77.11722129,19.988,-1.3087,-2.4274,264.3619,-30.0,28.4854,-30.000
28.75292760,77.11722129,19.988,-1.3087,-2.4274,264.3619,-15.0,25.2707,-15.000
28.75292760,77.11722129,19.988,-1.3087,-2.4274,264.3619,0.0,21.7996,0.000
28.75292760,77.11722129,19.988,-1.3087,-2.4274,264.3619,15.0,21.6678,15.000
28.75292760,77.11722129,19.988,-1.3087,-2.4274,264.3619,30.0,,
28.75292730,77.11721819,20.003,-0.3311,-1.7582,261.3740,-30.0,,
28.75292730,77.11721819,20.003,-0.3311,-1.7582,261.3740,-15.0,,
28.75292730,77.11721819,20.003,-0.3311,-1.7582,261.3740,0.0,21.3849,0.000
28.75292730,77.11721819,20.003,-0.3311,-1.7582,261.3740,15.0,25.4548,15.000
28.75292730,77.11721819,20.003,-0.3311,-1.7582,261.3740,30.0,28.2593,30.000
28.75292690,77.11721485,20.022,0.7153,-0.5120,258.8451,-30.0,26.6560,-30.000
28.75292690,77.11721485,20.022,0.7153,-0.5120,258.8451,-15.0,24.4356,-15.000
28.75292690,77.11721485,20.022,0.7153,-0.5120,258.8451,0.0,,
28.75292690,77.11721485,20.022,0.7153,-0.5120,258.8451,15.0,,
28.75292690,77.11721485,20.022,0.7153,-0.5120,258.8451,30.0,,
28.75292664,77.11721152,20.036,0.8233,-0.4901,256.7799,-30.0,,
28.75292664,77.11721152,20.036,0.8233,-0.4901,256.7799,-15.0,21.5444,-15.000
28.75292664,77.11721152,20.036,0.8233,-0.4901,256.7799,0.0,21.9880,0.000
28.75292664,77.11721152,20.036,0.8233,-0.4901,256.7799,15.0,26.0705,15.000
28.75292664,77.11721152,20.036,0.8233,-0.4901,256.7799,30.0,29.6538,30.000
28.75292640,77.11720811,20.043,0.4061,-0.1516,256.2662,-30.0,25.1828,-30.000
28.75292640,77.11720811,20.043,0.4061,-0.1516,256.2662,-15.0,21.9672,-15.000
28.75292640,77.11720811,20.043,0.4061,-0.1516,256.2662,0.0,21.4656,0.000
28.75292640,77.11720811,20.043,0.4061,-0.1516,256.2662,15.0,23.6414,15.000
28.75292640,77.11720811,20.043,0.4061,-0.1516,256.2662,30.0,28.2034,30.000
28.75292620,77.11720463,20.048,0.5145,0.8072,257.0985,-30.0,27.5570,-30.000
28.75292620,77.11720463,20.048,0.5145,0.8072,257.0985,-15.0,25.3655,-15.000
28.75292620,77.11720463,20.048,0.5145,0.8072,257.0985,0.0,21.6426,0.000
28.75292620,77.11720463,20.048,0.5145,0.8072,257.0985,15.0,22.2516,15.000
28.75292620,77.11720463,20.048,0.5145,0.8072,257.0985,30.0,,
28.75292590,77.11720115,20.051,0.8086,1.3918,258.9139,-30.0,,
28.75292590,77.11720115,20.051,0.8086,1.3918,258.9139,-15.0,,
28.75292590,77.11720115,20.051,0.8086,1.3918,258.9139,0.0,,
28.75292590,77.11720115,20.051,0.8086,1.3918,258.9139,15.0,23.0491,15.000
28.75292590,77.11720115,20.051,0.8086,1.3918,258.9139,30.0,28.1912,30.000
28.75292570,77.11719770,20.041,0.4881,1.5895,260.9196,-30.0,27.1937,-30.000
28.75292570,77.11719770,20.041,0.4881,1.5895,260.9196,-15.0,25.2281,-15.000
28.75292570,77.11719770,20.041,0.4881,1.5895,260.9196,0.0,21.4401,0.000
28.75292570,77.11719770,20.041,0.4881,1.5895,260.9196,15.0,,
28.75292570,77.11719770,20.041,0.4881,1.5895,260.9196,30.0,,
28.75292552,77.11719448,20.029,-0.2568,1.5532,262.2713,-30.0,24.6238,-30.000
28.75292552,77.11719448,20.029,-0.2568,1.5532,262.2713,-15.0,21.6838,-15.000
28.75292552,77.11719448,20.029,-0.2568,1.5532,262.2713,0.0,21.5554,0.000
28.75292552,77.11719448,20.029,-0.2568,1.5532,262.2713,15.0,24.0835,15.000
28.75292552,77.11719448,20.029,-0.2568,1.5532,262.2713,30.0,28.1016,30.000
28.75292540,77.11719135,20.014,-0.3181,1.2371,262.7942,-30.0,23.9433,-30.000
28.75292540,77.11719135,20.014,-0.3181,1.2371,262.7942,-15.0,21.4557,-15.000
28.75292540,77.11719135,20.014,-0.3181,1.2371,262.7942,0.0,21.8760,0.000
28.75292540,77.11719135,20.014,-0.3181,1.2371,262.7942,15.0,25.5092,15.000
28.75292540,77.11719135,20.014,-0.3181,1.2371,262.7942,30.0,29.0256,30.000
28.75292520,77.11718824,19.999,-1.1975,1.3985,263.5814,-30.0,27.1814,-30.020
28.75292520,77.11718824,19.999,-1.1975,1.3985,263.5814,-15.0,25.2524,-15.000
28.75292520,77.11718824,19.999,-1.1975,1.3985,263.5814,0.0,21.2755,0.000
28.75292520,77.11718824,19.999,-1.1975,1.3985,263.5814,15.0,,
28.75292520,77.11718824,19.999,-1.1975,1.3985,263.5814,30.0,,
28.75292500,77.11718515,19.986,-1.4014,0.8350,264.3632,-30.0,,
28.75292500,77.11718515,19.986,-1.4014,0.8350,264.3632,-15.0,,
28.75292500,77.11718515,19.986,-1.4014,0.8350,264.3632,0.0,,
28.75292500,77.11718515,19.986,-1.4014,0.8350,264.3632,15.0,24.7267,15.000
28.75292500,77.11718515,19.986,-1.4014,0.8350,264.3632,30.0,28.0390,30.000
28.75292475,77.11718209,19.984,-1.5886,0.6587,265.0042,-30.0,28.1614,-29.533
28.75292475,77.11718209,19.984,-1.5886,0.6587,265.0042,-15.0,25.2233,-15.000
28.75292475,77.11718209,19.984,-1.5886,0.6587,265.0042,0.0,21.5714,0.000
28.75292475,77.11718209,19.984,-1.5886,0.6587,265.0042,15.0,21.7659,15.000
28.75292475,77.11718209,19.984,-1.5886,0.6587,265.0042,30.0,,
28.75292441,77.11717902,19.985,-1.3311,0.6271,265.2533,-30.0,26.2586,-30.000
28.75292441,77.11717902,19.985,-1.3311,0.6271,265.2533,-15.0,22.6580,-15.000
28.75292441,77.11717902,19.985,-1.3311,0.6271,265.2533,0.0,21.2718,0.177
28.75292441,77.11717902,19.985,-1.3311,0.6271,265.2533,15.0,22.4243,15.000
28.75292441,77.11717902,19.985,-1.3311,0.6271,265.2533,30.0,26.4215,30.614
28.75292407,77.11717590,19.993,-0.6404,0.4976,265.0792,-30.0,,
28.75292407,77.11717590,19.993,-0.6404,0.4976,265.0792,-15.0,21.5306,-15.000
28.75292407,77.11717590,19.993,-0.6404,0.4976,265.0792,0.0,21.8853,0.000
28.75292407,77.11717590,19.993,-0.6404,0.4976,265.0792,15.0,26.2853,15.000
28.75292407,77.11717590,19.993,-0.6404,0.4976,265.0792,30.0,29.1736,30.000
28.75292362,77.11717277,19.997,-0.5876,0.6534,265.2625,-30.0,26.6147,-30.000
28.75292362,77.11717277,19.997,-0.5876,0.6534,265.2625,-15.0,22.8326,-15.000
28.75292362,77.11717277,19.997,-0.5876,0.6534,265.2625,0.0,,
28.75292362,77.11717277,19.997,-0.5876,0.6534,265.2625,15.0,,
28.75292362,77.11717277,19.997,-0.5876,0.6534,265.2625,30.0,,
28.75292320,77.11716965,19.998,-0.4302,0.7988,265.4865,-30.0,,
28.75292320,77.11716965,19.998,-0.4302,0.7988,265.4865,-15.0,,
28.75292320,77.11716965,19.998,-0.4302,0.7988,265.4865,0.0,21.5397,0.000
28.75292320,77.11716965,19.998,-0.4302,0.7988,265.4865,15.0,26.6402,15.000
28.75292320,77.11716965,19.998,-0.4302,0.7988,265.4865,30.0,28.8686,30.000
28.75292271,77.11716663,19.994,-0.2208,0.7226,265.9810,-30.0,26.7108,-30.000
28.75292271,77.11716663,19.994,-0.2208,0.7226,265.9810,-15.0,23.5064,-15.000
28.75292271,77.11716663,19.994,-0.2208,0.7226,265.9810,0.0,21.3764,0.000
28.75292271,77.11716663,19.994,-0.2208,0.7226,265.9810,15.0,21.8453,15.000
28.75292271,77.11716663,19.994,-0.2208,0.7226,265.9810,30.0,25.2699,30.000
28.75292230,77.11716350,19.985,0.0059,0.8234,266.9284,-30.0,26.8056,-30.000
28.75292230,77.11716350,19.985,0.0059,0.8234,266.9284,-15.0,23.7904,-15.000
28.75292230,77.11716350,19.985,0.0059,0.8234,266.9284,0.0,21.4089,0.000
28.75292230,77.11716350,19.985,0.0059,0.8234,266.9284,15.0,21.7342,15.000
28.75292230,77.11716350,19.985,0.0059,0.8234,266.9284,30.0,25.1016,29.906
28.75292190,77.11716046,19.970,0.1629,0.8676,268.1143,-30.0,,
28.75292190,77.11716046,19.970,0.1629,0.8676,268.1143,-15.0,,
28.75292190,77.11716046,19.970,0.1629,0.8676,268.1143,0.0,21.5134,0.000
28.75292190,77.11716046,19.970,0.1629,0.8676,268.1143,15.0,26.8302,15.000
28.75292190,77.11716046,19.970,0.1629,0.8676,268.1143,30.0,29.1606,30.000
28.75292140,77.11715741,19.950,0.1373,0.3501,269.4918,-30.0,26.4886,-30.000
28.75292140,77.11715741,19.950,0.1373,0.3501,269.4918,-15.0,22.8693,-15.000
28.75292140,77.11715741,19.950,0.1373,0.3501,269.4918,0.0,,
28.75292140,77.11715741,19.950,0.1373,0.3501,269.4918,15.0,,
28.75292140,77.11715741,19.950,0.1373,0.3501,269.4918,30.0,,
28.75292090,77.11715432,19.938,0.3965,-0.0012,270.4165,-30.0,,
28.75292090,77.11715432,19.938,0.3965,-0.0012,270.4165,-15.0,21.5034,-15.000
28.75292090,77.11715432,19.938,0.3965,-0.0012,270.4165,0.0,21.8126,0.000
28.75292090,77.11715432,19.938,0.3965,-0.0012,270.4165,15.0,26.5028,15.000
28.75292090,77.11715432,19.938,0.3965,-0.0012,270.4165,30.0,29.9168,30.000
28.75292030,77.11715121,19.938,0.4996,0.5429,270.5723,-30.0,25.2883,-30.000
28.75292030,77.11715121,19.938,0.4996,0.5429,270.5723,-15.0,22.2634,-15.000
28.75292030,77.11715121,19.938,0.4996,0.5429,270.5723,0.0,21.2204,0.000
28.75292030,77.11715121,19.938,0.4996,0.5429,270.5723,15.0,22.5979,15.000
28.75292030,77.11715121,19.938,0.4996,0.5429,270.5723,30.0,26.7896,30.000
28.75291980,77.11714826,19.936,1.0882,0.2261,269.7373,-30.0,27.5910,-30.000
28.75291980,77.11714826,19.936,1.0882,0.2261,269.7373,-15.0,24.8673,-15.000
28.75291980,77.11714826,19.936,1.0882,0.2261,269.7373,0.0,21.5276,0.000
28.75291980,77.11714826,19.936,1.0882,0.2261,269.7373,15.0,21.7732,15.000
28.75291980,77.11714826,19.936,1.0882,0.2261,269.7373,30.0,,
28.75291932,77.11714517,19.947,1.7669,-0.3404,267.9245,-30.0,,
28.75291932,77.11714517,19.947,1.7669,-0.3404,267.9245,-15.0,,
28.75291932,77.11714517,19.947,1.7669,-0.3404,267.9245,0.0,,
28.75291932,77.11714517,19.947,1.7669,-0.3404,267.9245,15.0,24.6504,15.000
28.75291932,77.11714517,19.947,1.7669,-0.3404,267.9245,30.0,29.0734,30.000
28.75291900,77.11714207,19.960,1.9389,0.0377,265.9970,-30.0,26.4376,-30.000
28.75291900,77.11714207,19.960,1.9389,0.0377,265.9970,-15.0,24.6677,-15.000
28.75291900,77.11714207,19.960,1.9389,0.0377,265.9970,0.0,21.2264,0.000
28.75291900,77.11714207,19.960,1.9389,0.0377,265.9970,15.0,,
28.75291900,77.11714207,19.960,1.9389,0.0377,265.9970,30.0,,
28.75291890,77.11713895,19.977,2.9218,1.4394,265.0095,-30.0,23.5407,-30.000
28.75291890,77.11713895,19.977,2.9218,1.4394,265.0095,-15.0,21.3677,-15.000
28.75291890,77.11713895,19.977,2.9218,1.4394,265.0095,0.0,21.8784,0.000
28.75291890,77.11713895,19.977,2.9218,1.4394,265.0095,15.0,25.5512,15.000
28.75291890,77.11713895,19.977,2.9218,1.4394,265.0095,30.0,29.9685,30.000
28.75291900,77.11713593,19.986,4.1259,3.1290,265.9443,-30.0,23.5330,-30.000
28.75291900,77.11713593,19.986,4.1259,3.1290,265.9443,-15.0,21.4059,-15.000
28.75291900,77.11713593,19.986,4.1259,3.1290,265.9443,0.0,21.8014,0.000
28.75291900,77.11713593,19.986,4.1259,3.1290,265.9443,15.0,24.8471,15.000
28.75291900,77.11713593,19.986,4.1259,3.1290,265.9443,30.0,29.8261,30.000
28.75291940,77.11713306,19.985,4.7502,4.6264,270.3410,-30.0,26.1629,-30.000
28.75291940,77.11713306,19.985,4.7502,4.6264,270.3410,-15.0,24.4115,-15.000
28.75291940,77.11713306,19.985,4.7502,4.6264,270.3410,0.0,21.3490,0.000
28.75291940,77.11713306,19.985,4.7502,4.6264,270.3410,15.0,,
28.75291940,77.11713306,19.985,4.7502,4.6264,270.3410,30.0,,
28.75292011,77.11713059,19.973,6.1422,5.0745,278.9020,-30.0,,
28.75292011,77.11713059,19.973,6.1422,5.0745,278.9020,-15.0,,
28.75292011,77.11713059,19.973,6.1422,5.0745,278.9020,0.0,,
28.75292011,77.11713059,19.973,6.1422,5.0745,278.9020,15.0,24.7020,15.000
28.75292011,77.11713059,19.973,6.1422,5.0745,278.9020,30.0,30.8787,30.000
28.75292104,77.11712861,19.960,8.6458,4.0235,291.0362,-30.0,25.3340,-30.000
28.75292104,77.11712861,19.960,8.6458,4.0235,291.0362,-15.0,23.6589,-15.000
28.75292104,77.11712861,19.960,8.6458,4.0235,291.0362,0.0,21.3743,0.000
28.75292104,77.11712861,19.960,8.6458,4.0235,291.0362,15.0,22.9924,15.000
28.75292104,77.11712861,19.960,8.6458,4.0235,291.0362,30.0,,
28.75292235,77.11712713,19.954,10.3334,1.0818,305.2655,-30.0,23.3020,-30.000
28.75292235,77.11712713,19.954,10.3334,1.0818,305.2655,-15.0,21.3836,-15.000
28.75292235,77.11712713,19.954,10.3334,1.0818,305.2655,0.0,21.9575,0.000
28.75292235,77.11712713,19.954,10.3334,1.0818,305.2655,15.0,25.5614,15.000
28.75292235,77.11712713,19.954,10.3334,1.0818,305.2655,30.0,32.3529,30.000
28.75292383,77.11712620,19.974,9.3278,-2.1524,320.4034,-30.0,,
28.75292383,77.11712620,19.974,9.3278,-2.1524,320.4034,-15.0,21.2780,-15.000
28.75292383,77.11712620,19.974,9.3278,-2.1524,320.4034,0.0,23.3417,-0.335
28.75292383,77.11712620,19.974,9.3278,-2.1524,320.4034,15.0,30.9342,15.000
28.75292383,77.11712620,19.974,9.3278,-2.1524,320.4034,30.0,,
28.75292572,77.11712560,20.005,6.6089,-4.6717,336.1007,-30.0,24.2513,-30.000
28.75292572,77.11712560,20.005,6.6089,-4.6717,336.1007,-15.0,22.4021,-15.000
28.75292572,77.11712560,20.005,6.6089,-4.6717,336.1007,0.0,,
28.75292572,77.11712560,20.005,6.6089,-4.6717,336.1007,15.0,,
28.75292572,77.11712560,20.005,6.6089,-4.6717,336.1007,30.0,,
28.75292782,77.11712519,20.031,4.1412,-5.6939,351.1865,-30.0,,
28.75292782,77.11712519,20.031,4.1412,-5.6939,351.1865,-15.0,,
28.75292782,77.11712519,20.031,4.1412,-5.6939,351.1865,0.0,21.7058,0.000
28.75292782,77.11712519,20.031,4.1412,-5.6939,351.1865,15.0,28.7063,15.000
28.75292782,77.11712519,20.031,4.1412,-5.6939,351.1865,30.0,31.7663,30.000
28.75293014,77.11712475,20.047,2.5542,-5.4462,3.8573,-30.0,26.0000,-30.000
28.75293014,77.11712475,20.047,2.5542,-5.4462,3.8573,-15.0,23.5927,-15.000
28.75293014,77.11712475,20.047,2.5542,-5.4462,3.8573,0.0,21.4518,0.000
28.75293014,77.11712475,20.047,2.5542,-5.4462,3.8573,15.0,22.3037,15.000
28.75293014,77.11712475,20.047,2.5542,-5.4462,3.8573,30.0,26.9162,30.000
28.75293256,77.11712420,20.063,2.3782,-4.1508,11.3831,-30.0,25.6653,-30.000
28.75293256,77.11712420,20.063,2.3782,-4.1508,11.3831,-15.0,22.6111,-15.000
28.75293256,77.11712420,20.063,2.3782,-4.1508,11.3831,0.0,21.3518,0.000
28.75293256,77.11712420,20.063,2.3782,-4.1508,11.3831,15.0,22.5553,15.000
28.75293256,77.11712420,20.063,2.3782,-4.1508,11.3831,30.0,27.0504,30.000
28.75293508,77.11712387,20.086,2.4720,-3.1364,13.3441,-30.0,,
28.75293508,77.11712387,20.086,2.4720,-3.1364,13.3441,-15.0,,
28.75293508,77.11712387,20.086,2.4720,-3.1364,13.3441,0.0,22.2071,0.000
28.75293508,77.11712387,20.086,2.4720,-3.1364,13.3441,15.0,28.0749,15.000
28.75293508,77.11712387,20.086,2.4720,-3.1364,13.3441,30.0,30.9035,30.000
28.75293761,77.11712360,20.127,1.9305,-3.9139,11.5395,-30.0,25.3274,-30.000
28.75293761,77.11712360,20.127,1.9305,-3.9139,11.5395,-15.0,21.8632,-15.000
28.75293761,77.11712360,20.127,1.9305,-3.9139,11.5395,0.0,,
28.75293761,77.11712360,20.127,1.9305,-3.9139,11.5395,15.0,,
28.75293761,77.11712360,20.127,1.9305,-3.9139,11.5395,30.0,,
28.75294004,77.11712352,20.183,1.8617,-5.6842,7.9420,-30.0,,
28.75294004,77.11712352,20.183,1.8617,-5.6842,7.9420,-15.0,21.6932,-15.000
28.75294004,77.11712352,20.183,1.8617,-5.6842,7.9420,0.0,22.0203,0.000
28.75294004,77.11712352,20.183,1.8617,-5.6842,7.9420,15.0,27.6893,15.000
28.75294004,77.11712352,20.183,1.8617,-5.6842,7.9420,30.0,30.7091,30.000
28.75294266,77.11712370,20.235,2.0339,-6.7686,4.7381,-30.0,25.4972,-30.000
28.75294266,77.11712370,20.235,2.0339,-6.7686,4.7381,-15.0,22.5931,-15.000
28.75294266,77.11712370,20.235,2.0339,-6.7686,4.7381,0.0,21.3686,0.000
28.75294266,77.11712370,20.235,2.0339,-6.7686,4.7381,15.0,22.5580,15.000
28.75294266,77.11712370,20.235,2.0339,-6.7686,4.7381,30.0,27.1711,30.000
28.75294527,77.11712400,20.276,1.3211,-6.0248,2.8832,-30.0,26.8301,-30.000
28.75294527,77.11712400,20.276,1.3211,-6.0248,2.8832,-15.0,24.3224,-15.000
28.75294527,77.11712400,20.276,1.3211,-6.0248,2.8832,0.0,21.5596,0.000
28.75294527,77.11712400,20.276,1.3211,-6.0248,2.8832,15.0,21.8845,15.000
28.75294527,77.11712400,20.276,1.3211,-6.0248,2.8832,30.0,,
28.75294803,77.11712450,20.293,0.1151,-4.4387,2.5239,-30.0,,
28.75294803,77.11712450,20.293,0.1151,-4.4387,2.5239,-15.0,,
28.75294803,77.11712450,20.293,0.1151,-4.4387,2.5239,0.0,21.2318,-0.140
28.75294803,77.11712450,20.293,0.1151,-4.4387,2.5239,15.0,26.1724,15.000
28.75294803,77.11712450,20.293,0.1151,-4.4387,2.5239,30.0,29.0430,30.000
28.75295088,77.11712509,20.323,-0.6302,-3.3499,3.0943,-30.0,26.7929,-30.000
28.75295088,77.11712509,20.323,-0.6302,-3.3499,3.0943,-15.0,24.3790,-15.000
28.75295088,77.11712509,20.323,-0.6302,-3.3499,3.0943,0.0,,
28.75295088,77.11712509,20.323,-0.6302,-3.3499,3.0943,15.0,,
28.75295088,77.11712509,20.323,-0.6302,-3.3499,3.0943,30.0,,
28.75295367,77.11712560,20.360,-0.7467,-3.5957,3.9223,-30.0,,
28.75295367,77.11712560,20.360,-0.7467,-3.5957,3.9223,-15.0,21.3709,-15.000
28.75295367,77.11712560,20.360,-0.7467,-3.5957,3.9223,0.0,21.6380,0.000
28.75295367,77.11712560,20.360,-0.7467,-3.5957,3.9223,15.0,25.4407,15.000
28.75295367,77.11712560,20.360,-0.7467,-3.5957,3.9223,30.0,28.6788,30.000
28.75295646,77.11712609,20.410,-0.9723,-4.5898,4.4724,-30.0,25.1057,-30.000
28.75295646,77.11712609,20.410,-0.9723,-4.5898,4.4724,-15.0,21.7564,-15.000
28.75295646,77.11712609,20.410,-0.9723,-4.5898,4.4724,0.0,21.0894,0.000
28.75295646,77.11712609,20.410,-0.9723,-4.5898,4.4724,15.0,23.0343,15.000
28.75295646,77.11712609,20.410,-0.9723,-4.5898,4.4724,30.0,27.2325,30.000
28.75295919,77.11712640,20.443,-1.9120,-5.8095,4.6175,-30.0,27.7653,-30.000
28.75295919,77.11712640,20.443,-1.9120,-5.8095,4.6175,-15.0,25.4086,-15.000
28.75295919,77.11712640,20.443,-1.9120,-5.8095,4.6175,0.0,21.3757,0.000
28.75295919,77.11712640,20.443,-1.9120,-5.8095,4.6175,15.0,21.6609,15.000
28.75295919,77.11712640,20.443,-1.9120,-5.8095,4.6175,30.0,,
28.75296209,77.11712650,20.445,-2.3760,-6.0104,4.6935,-30.0,,
28.75296209,77.11712650,20.445,-2.3760,-6.0104,4.6935,-15.0,,
28.75296209,77.11712650,20.445,-2.3760,-6.0104,4.6935,0.0,,
28.75296209,77.11712650,20.445,-2.3760,-6.0104,4.6935,15.0,22.2027,15.000
28.75296209,77.11712650,20.445,-2.3760,-6.0104,4.6935,30.0,26.7581,30.000
28.75296522,77.11712650,20.411,-1.7577,-4.7336,3.9947,-30.0,27.7038,-30.000
28.75296522,77.11712650,20.411,-1.7577,-4.7336,3.9947,-15.0,25.3645,-15.000
28.75296522,77.11712650,20.411,-1.7577,-4.7336,3.9947,0.0,21.0801,0.000
28.75296522,77.11712650,20.411,-1.7577,-4.7336,3.9947,15.0,,
28.75296522,77.11712650,20.411,-1.7577,-4.7336,3.9947,30.0,,
28.75296836,77.11712625,20.361,0.2879,-2.2438,3.9637,-30.0,24.2312,-30.000
28.75296836,77.11712625,20.361,0.2879,-2.2438,3.9637,-15.0,21.0732,-15.000
28.75296836,77.11712625,20.361,0.2879,-2.2438,3.9637,0.0,20.8210,0.000
28.75296836,77.11712625,20.361,0.2879,-2.2438,3.9637,15.0,23.2991,15.000
28.75296836,77.11712625,20.361,0.2879,-2.2438,3.9637,30.0,27.5214,30.695
28.75297149,77.11712610,20.270,0.6095,-3.0343,3.9908,-30.0,22.7758,-30.000
28.75297149,77.11712610,20.270,0.6095,-3.0343,3.9908,-15.0,20.5598,-15.000
28.75297149,77.11712610,20.270,0.6095,-3.0343,3.9908,0.0,21.1227,0.000
28.75297149,77.11712610,20.270,0.6095,-3.0343,3.9908,15.0,24.7873,15.000
28.75297149,77.11712610,20.270,0.6095,-3.0343,3.9908,30.0,28.3197,30.000
28.75297458,77.11712570,20.190,1.3062,-3.5318,3.8549,-30.0,25.2571,-30.000
28.75297458,77.11712570,20.190,1.3062,-3.5318,3.8549,-15.0,23.8836,-15.000
28.75297458,77.11712570,20.190,1.3062,-3.5318,3.8549,0.0,20.3207,0.000
28.75297458,77.11712570,20.190,1.3062,-3.5318,3.8549,15.0,,
28.75297458,77.11712570,20.190,1.3062,-3.5318,3.8549,30.0,,
28.75297762,77.11712520,20.138,1.8095,-2.8357,3.4104,-30.0,,
28.75297762,77.11712520,20.138,1.8095,-2.8357,3.4104,-15.0,,
28.75297762,77.11712520,20.138,1.8095,-2.8357,3.4104,0.0,,
28.75297762,77.11712520,20.138,1.8095,-2.8357,3.4104,15.0,24.0090,15.000
28.75297762,77.11712520,20.138,1.8095,-2.8357,3.4104,30.0,28.0742,30.000
28.75298055,77.11712480,20.093,2.8869,-2.1059,2.9480,-30.0,25.2311,-30.000
28.75298055,77.11712480,20.093,2.8869,-2.1059,2.9480,-15.0,22.9472,-15.000
28.75298055,77.11712480,20.093,2.8869,-2.1059,2.9480,0.0,20.3316,0.000
28.75298055,77.11712480,20.093,2.8869,-2.1059,2.9480,15.0,20.9932,15.000
28.75298055,77.11712480,20.093,2.8869,-2.1059,2.9480,30.0,,
28.75298331,77.11712450,20.066,3.5675,-1.9910,2.8921,-30.0,23.5071,-30.000
28.75298331,77.11712450,20.066,3.5675,-1.9910,2.8921,-15.0,20.8792,-15.000
28.75298331,77.11712450,20.066,3.5675,-1.9910,2.8921,0.0,20.1819,0.000
28.75298331,77.11712450,20.066,3.5675,-1.9910,2.8921,15.0,21.9645,15.000
28.75298331,77.11712450,20.066,3.5675,-1.9910,2.8921,30.0,26.7779,30.000
28.75298602,77.11712430,20.040,3.5749,-2.5833,2.7475,-30.0,,
28.75298602,77.11712430,20.040,3.5749,-2.5833,2.7475,-15.0,20.1507,-15.000
28.75298602,77.11712430,20.040,3.5749,-2.5833,2.7475,0.0,21.1677,0.000
28.75298602,77.11712430,20.040,3.5749,-2.5833,2.7475,15.0,26.5366,15.000
28.75298602,77.11712430,20.040,3.5749,-2.5833,2.7475,30.0,30.2441,30.000
28.75298862,77.11712430,20.001,3.5583,-3.0925,2.5265,-30.0,23.9989,-30.000
28.75298862,77.11712430,20.001,3.5583,-3.0925,2.5265,-15.0,21.0165,-15.000
28.75298862,77.11712430,20.001,3.5583,-3.0925,2.5265,0.0,,
28.75298862,77.11712430,20.001,3.5583,-3.0925,2.5265,15.0,,
28.75298862,77.11712430,20.001,3.5583,-3.0925,2.5265,30.0,,
28.75299113,77.11712441,19.965,2.8725,-2.9220,2.3689,-30.0,,
28.75299113,77.11712441,19.965,2.8725,-2.9220,2.3689,-15.0,,
28.75299113,77.11712441,19.965,2.8725,-2.9220,2.3689,0.0,20.6048,0.000
28.75299113,77.11712441,19.965,2.8725,-2.9220,2.3689,15.0,26.5670,15.000
28.75299113,77.11712441,19.965,2.8725,-2.9220,2.3689,30.0,28.7543,30.000
28.75299365,77.11712470,19.937,2.3370,-2.8474,2.2441,-30.0,24.2710,-30.000
28.75299365,77.11712470,19.937,2.3370,-2.8474,2.2441,-15.0,21.6135,-15.000
28.75299365,77.11712470,19.937,2.3370,-2.8474,2.2441,0.0,20.0309,0.000
28.75299365,77.11712470,19.937,2.3370,-2.8474,2.2441,15.0,20.9354,15.000
28.75299365,77.11712470,19.937,2.3370,-2.8474,2.2441,30.0,24.9654,30.000
28.75299607,77.11712488,19.918,1.6760,-3.4626,2.1502,-30.0,24.4075,-30.000
28.75299607,77.11712488,19.918,1.6760,-3.4626,2.1502,-15.0,21.9682,-15.000
28.75299607,77.11712488,19.918,1.6760,-3.4626,2.1502,0.0,20.0831,0.000
28.75299607,77.11712488,19.918,1.6760,-3.4626,2.1502,15.0,20.6714,15.000
28.75299607,77.11712488,19.918,1.6760,-3.4626,2.1502,30.0,24.2759,30.000
28.75299856,77.11712520,19.900,1.5339,-3.9826,2.0601,-30.0,,
28.75299856,77.11712520,19.900,1.5339,-3.9826,2.0601,-15.0,,
28.75299856,77.11712520,19.900,1.5339,-3.9826,2.0601,0.0,20.4135,0.000
28.75299856,77.11712520,19.900,1.5339,-3.9826,2.0601,15.0,26.0855,15.000
28.75299856,77.11712520,19.900,1.5339,-3.9826,2.0601,30.0,28.3406,30.000
28.75300108,77.11712540,19.885,1.8461,-4.0624,1.7359,-30.0,24.4336,-30.000
28.75300108,77.11712540,19.885,1.8461,-4.0624,1.7359,-15.0,21.3065,-15.000
28.75300108,77.11712540,19.885,1.8461,-4.0624,1.7359,0.0,,
28.75300108,77.11712540,19.885,1.8461,-4.0624,1.7359,15.0,,
28.75300108,77.11712540,19.885,1.8461,-4.0624,1.7359,30.0,,
28.75300373,77.11712570,19.858,1.5154,-3.6778,1.6085,-30.0,,
28.75300373,77.11712570,19.858,1.5154,-3.6778,1.6085,-15.0,20.2135,-15.000
28.75300373,77.11712570,19.858,1.5154,-3.6778,1.6085,0.0,20.7786,0.000
28.75300373,77.11712570,19.858,1.5154,-3.6778,1.6085,15.0,25.6231,15.000
28.75300373,77.11712570,19.858,1.5154,-3.6778,1.6085,30.0,29.0448,30.000
28.75300644,77.11712590,19.823,1.5590,-3.2343,1.5939,-30.0,23.5646,-30.000
28.75300644,77.11712590,19.823,1.5590,-3.2343,1.5939,-15.0,20.8397,-15.000
28.75300644,77.11712590,19.823,1.5590,-3.2343,1.5939,0.0,20.0491,0.000
28.75300644,77.11712590,19.823,1.5590,-3.2343,1.5939,15.0,21.5507,15.000
28.75300644,77.11712590,19.823,1.5590,-3.2343,1.5939,30.0,25.8731,30.000
28.75300915,77.11712610,19.796,1.6644,-3.0617,1.7653,-30.0,25.2589,-30.000
28.75300915,77.11712610,19.796,1.6644,-3.0617,1.7653,-15.0,23.2208,-15.000
28.75300915,77.11712610,19.796,1.6644,-3.0617,1.7653,0.0,20.2933,0.000
28.75300915,77.11712610,19.796,1.6644,-3.0617,1.7653,15.0,20.7119,15.124
28.75300915,77.11712610,19.796,1.6644,-3.0617,1.7653,30.0,,
28.75301176,77.11712620,19.779,1.5038,-3.0124,1.6996,-30.0,,
28.75301176,77.11712620,19.779,1.5038,-3.0124,1.6996,-15.0,,
28.75301176,77.11712620,19.779,1.5038,-3.0124,1.6996,0.0,,
28.75301176,77.11712620,19.779,1.5038,-3.0124,1.6996,15.0,23.4275,15.000
28.75301176,77.11712620,19.779,1.5038,-3.0124,1.6996,30.0,27.6634,30.000
28.75301426,77.11712630,19.768,1.2218,-3.0885,1.7276,-30.0,25.1377,-30.000
28.75301426,77.11712630,19.768,1.2218,-3.0885,1.7276,-15.0,23.4578,-15.000
28.75301426,77.11712630,19.768,1.2218,-3.0885,1.7276,0.0,20.0774,0.000
28.75301426,77.11712630,19.768,1.2218,-3.0885,1.7276,15.0,,
28.75301426,77.11712630,19.768,1.2218,-3.0885,1.7276,30.0,,
28.75301690,77.11712640,19.770,1.3554,-3.4054,1.7173,-30.0,22.3929,-30.000
28.75301690,77.11712640,19.770,1.3554,-3.4054,1.7173,-15.0,20.2850,-15.000
28.75301690,77.11712640,19.770,1.3554,-3.4054,1.7173,0.0,20.6889,0.000
28.75301690,77.11712640,19.770,1.3554,-3.4054,1.7173,15.0,24.0584,15.000
28.75301690,77.11712640,19.770,1.3554,-3.4054,1.7173,30.0,27.9278,30.000
28.75301957,77.11712640,19.784,1.1660,-3.6063,1.8415,-30.0,22.8830,-30.000
28.75301957,77.11712640,19.784,1.1660,-3.6063,1.8415,-15.0,20.4530,-15.000
28.75301957,77.11712640,19.784,1.1660,-3.6063,1.8415,0.0,20.5215,0.000
28.75301957,77.11712640,19.784,1.1660,-3.6063,1.8415,15.0,23.1618,15.000
28.75301957,77.11712640,19.784,1.1660,-3.6063,1.8415,30.0,27.6237,30.000
28.75302217,77.11712640,19.806,1.8198,-3.7104,2.4547,-30.0,25.5364,-30.000
28.75302217,77.11712640,19.806,1.8198,-3.7104,2.4547,-15.0,23.7427,-15.000
28.75302217,77.11712640,19.806,1.8198,-3.7104,2.4547,0.0,20.3737,0.000
28.75302217,77.11712640,19.806,1.8198,-3.7104,2.4547,15.0,,
28.75302217,77.11712640,19.806,1.8198,-3.7104,2.4547,30.0,,
28.75302478,77.11712650,19.822,1.6171,-3.5460,3.0362,-30.0,,
28.75302478,77.11712650,19.822,1.6171,-3.5460,3.0362,-15.0,,
28.75302478,77.11712650,19.822,1.6171,-3.5460,3.0362,0.0,,
28.75302478,77.11712650,19.822,1.6171,-3.5460,3.0362,15.0,22.7087,15.000
28.75302478,77.11712650,19.822,1.6171,-3.5460,3.0362,30.0,27.7636,30.000
28.75302750,77.11712650,19.819,1.3435,-3.5316,3.2456,-30.0,25.9587,-30.000
28.75302750,77.11712650,19.819,1.3435,-3.5316,3.2456,-15.0,23.6808,-15.000
28.75302750,77.11712650,19.819,1.3435,-3.5316,3.2456,0.0,20.4766,0.000
28.75302750,77.11712650,19.819,1.3435,-3.5316,3.2456,15.0,21.3878,15.000
28.75302750,77.11712650,19.819,1.3435,-3.5316,3.2456,30.0,,
28.75303032,77.11712650,19.817,1.4281,-3.3275,3.1430,-30.0,23.6476,-30.000
28.75303032,77.11712650,19.817,1.4281,-3.3275,3.1430,-15.0,20.8695,-15.000
28.75303032,77.11712650,19.817,1.4281,-3.3275,3.1430,0.0,20.5238,0.000
28.75303032,77.11712650,19.817,1.4281,-3.3275,3.1430,15.0,22.5808,15.000
28.75303032,77.11712650,19.817,1.4281,-3.3275,3.1430,30.0,26.8327,30.000
28.75303303,77.11712660,19.819,1.3654,-3.4161,2.5885,-30.0,,
28.75303303,77.11712660,19.819,1.3654,-3.4161,2.5885,-15.0,20.5457,-15.000
28.75303303,77.11712660,19.819,1.3654,-3.4161,2.5885,0.0,21.3718,0.097
28.75303303,77.11712660,19.819,1.3654,-3.4161,2.5885,15.0,25.9481,15.000
28.75303303,77.11712660,19.819,1.3654,-3.4161,2.5885,30.0,29.4012,30.000
28.75303566,77.11712670,19.825,1.2153,-3.6211,2.1838,-30.0,25.2766,-30.000
28.75303566,77.11712670,19.825,1.2153,-3.6211,2.1838,-15.0,22.9313,-15.000
28.75303566,77.11712670,19.825,1.2153,-3.6211,2.1838,0.0,,
28.75303566,77.11712670,19.825,1.2153,-3.6211,2.1838,15.0,,
28.75303566,77.11712670,19.825,1.2153,-3.6211,2.1838,30.0,,
28.75303849,77.11712680,19.837,0.9978,-3.8004,1.9173,-30.0,,
28.75303849,77.11712680,19.837,0.9978,-3.8004,1.9173,-15.0,,
28.75303849,77.11712680,19.837,0.9978,-3.8004,1.9173,0.0,20.6143,0.000
28.75303849,77.11712680,19.837,0.9978,-3.8004,1.9173,15.0,25.8564,15.000
28.75303849,77.11712680,19.837,0.9978,-3.8004,1.9173,30.0,28.5531,30.000
28.75304126,77.11712700,19.850,0.6137,-3.5472,1.1553,-30.0,25.6820,-30.000
28.75304126,77.11712700,19.850,0.6137,-3.5472,1.1553,-15.0,23.1937,-15.000
28.75304126,77.11712700,19.850,0.6137,-3.5472,1.1553,0.0,20.7114,0.000
28.75304126,77.11712700,19.850,0.6137,-3.5472,1.1553,15.0,21.1738,15.000
28.75304126,77.11712700,19.850,0.6137,-3.5472,1.1553,30.0,24.8739,30.000
28.75304417,77.11712710,19.861,0.5682,-3.1314,0.9717,-30.0,25.3274,-30.000
28.75304417,77.11712710,19.861,0.5682,-3.1314,0.9717,-15.0,22.0405,-15.000
28.75304417,77.11712710,19.861,0.5682,-3.1314,0.9717,0.0,20.6092,0.000
28.75304417,77.11712710,19.861,0.5682,-3.1314,0.9717,15.0,21.5710,15.000
28.75304417,77.11712710,19.861,0.5682,-3.1314,0.9717,30.0,25.5438,30.000
28.75304709,77.11712710,19.875,0.7448,-2.8907,1.2710,-30.0,,
28.75304709,77.11712710,19.875,0.7448,-2.8907,1.2710,-15.0,,
28.75304709,77.11712710,19.875,0.7448,-2.8907,1.2710,0.0,21.3617,0.000
28.75304709,77.11712710,19.875,0.7448,-2.8907,1.2710,15.0,26.4265,15.000
28.75304709,77.11712710,19.875,0.7448,-2.8907,1.2710,30.0,28.9636,30.000
28.75304995,77.11712700,19.890,1.4873,-2.8933,1.2211,-30.0,25.0164,-30.000
28.75304995,77.11712700,19.890,1.4873,-2.8933,1.2211,-15.0,21.2690,-15.000
28.75304995,77.11712700,19.890,1.4873,-2.8933,1.2211,0.0,,
28.75304995,77.11712700,19.890,1.4873,-2.8933,1.2211,15.0,,
28.75304995,77.11712700,19.890,1.4873,-2.8933,1.2211,30.0,,
28.75305284,77.11712690,19.897,1.9228,-3.0477,1.2281,-30.0,,
28.75305284,77.11712690,19.897,1.9228,-3.0477,1.2281,-15.0,21.1032,-15.000
28.75305284,77.11712690,19.897,1.9228,-3.0477,1.2281,0.0,21.3903,0.000
28.75305284,77.11712690,19.897,1.9228,-3.0477,1.2281,15.0,26.8692,15.000
28.75305284,77.11712690,19.897,1.9228,-3.0477,1.2281,30.0,29.7419,30.000
28.75305565,77.11712670,19.903,2.0282,-2.7848,1.0613,-30.0,24.8400,-30.000
28.75305565,77.11712670,19.903,2.0282,-2.7848,1.0613,-15.0,22.0031,-15.000
28.75305565,77.11712670,19.903,2.0282,-2.7848,1.0613,0.0,20.7721,0.000
28.75305565,77.11712670,19.903,2.0282,-2.7848,1.0613,15.0,21.8747,15.000
28.75305565,77.11712670,19.903,2.0282,-2.7848,1.0613,30.0,26.4412,30.000
28.75305842,77.11712660,19.908,2.0156,-2.7427,0.6120,-30.0,26.1801,-30.000
28.75305842,77.11712660,19.908,2.0156,-2.7427,0.6120,-15.0,23.7073,-15.000
28.75305842,77.11712660,19.908,2.0156,-2.7427,0.6120,0.0,20.9921,0.000
28.75305842,77.11712660,19.908,2.0156,-2.7427,0.6120,15.0,21.3643,15.000
28.75305842,77.11712660,19.908,2.0156,-2.7427,0.6120,30.0,,
28.75306122,77.11712660,19.920,2.1944,-2.6142,0.6376,-30.0,,
28.75306122,77.11712660,19.920,2.1944,-2.6142,0.6376,-15.0,,
28.75306122,77.11712660,19.920,2.1944,-2.6142,0.6376,0.0,,
28.75306122,77.11712660,19.920,2.1944,-2.6142,0.6376,15.0,25.9129,15.000
28.75306122,77.11712660,19.920,2.1944,-2.6142,0.6376,30.0,29.3348,30.000
28.75306396,77.11712670,19.933,2.0907,-2.7823,0.8130,-30.0,25.4695,-30.000
28.75306396,77.11712670,19.933,2.0907,-2.7823,0.8130,-15.0,23.4915,-15.000
28.75306396,77.11712670,19.933,2.0907,-2.7823,0.8130,0.0,,
28.75306396,77.11712670,19.933,2.0907,-2.7823,0.8130,15.0,,
28.75306396,77.11712670,19.933,2.0907,-2.7823,0.8130,30.0,,
28.75306664,77.11712680,19.950,2.0987,-3.2565,1.2972,-30.0,,
28.75306664,77.11712680,19.950,2.0987,-3.2565,1.2972,-15.0,20.9967,-15.000
28.75306664,77.11712680,19.950,2.0987,-3.2565,1.2972,0.0,21.6760,0.000
28.75306664,77.11712680,19.950,2.0987,-3.2565,1.2972,15.0,25.9732,15.000
28.75306664,77.11712680,19.950,2.0987,-3.2565,1.2972,30.0,29.8116,30.000
28.75306941,77.11712680,19.976,2.1349,-3.5555,1.6191,-30.0,24.1108,-30.000
28.75306941,77.11712680,19.976,2.1349,-3.5555,1.6191,-15.0,21.3498,-15.000
28.75306941,77.11712680,19.976,2.1349,-3.5555,1.6191,0.0,21.1379,0.000
28.75306941,77.11712680,19.976,2.1349,-3.5555,1.6191,15.0,23.5991,15.000
28.75306941,77.11712680,19.976,2.1349,-3.5555,1.6191,30.0,28.4646,30.000
28.75307222,77.11712700,19.989,1.6005,-3.5928,1.7833,-30.0,26.2308,-30.000
28.75307222,77.11712700,19.989,1.6005,-3.5928,1.7833,-15.0,24.4358,-15.000
28.75307222,77.11712700,19.989,1.6005,-3.5928,1.7833,0.0,21.1630,0.000
28.75307222,77.11712700,19.989,1.6005,-3.5928,1.7833,15.0,22.1339,15.000
28.75307222,77.11712700,19.989,1.6005,-3.5928,1.7833,30.0,,
28.75307495,77.11712720,19.997,0.9065,-3.7039,1.8736,-30.0,,
28.75307495,77.11712720,19.997,0.9065,-3.7039,1.8736,-15.0,,
28.75307495,77.11712720,19.997,0.9065,-3.7039,1.8736,0.0,,
28.75307495,77.11712720,19.997,0.9065,-3.7039,1.8736,15.0,22.6005,15.000
28.75307495,77.11712720,19.997,0.9065,-3.7039,1.8736,30.0,28.0241,30.000
28.75307774,77.11712730,20.010,0.6976,-3.4607,2.4920,-30.0,26.5038,-30.000
28.75307774,77.11712730,20.010,0.6976,-3.4607,2.4920,-15.0,24.7479,-15.000
28.75307774,77.11712730,20.010,0.6976,-3.4607,2.4920,0.0,21.0850,0.000
28.75307774,77.11712730,20.010,0.6976,-3.4607,2.4920,15.0,,
28.75307774,77.11712730,20.010,0.6976,-3.4607,2.4920,30.0,,
28.75308053,77.11712750,20.026,0.8989,-3.0277,2.9277,-30.0,24.1620,-30.000
28.75308053,77.11712750,20.026,0.8989,-3.0277,2.9277,-15.0,21.3325,-15.000
28.75308053,77.11712750,20.026,0.8989,-3.0277,2.9277,0.0,21.3214,0.000
28.75308053,77.11712750,20.026,0.8989,-3.0277,2.9277,15.0,23.9983,15.000
28.75308053,77.11712750,20.026,0.8989,-3.0277,2.9277,30.0,28.3264,30.000
28.75308322,77.11712770,20.034,0.5961,-3.4958,3.3189,-30.0,22.9124,-30.000
28.75308322,77.11712770,20.034,0.5961,-3.4958,3.3189,-15.0,21.1420,-15.000
28.75308322,77.11712770,20.034,0.5961,-3.4958,3.3189,0.0,21.7802,0.000
28.75308322,77.11712770,20.034,0.5961,-3.4958,3.3189,15.0,25.9207,15.000
28.75308322,77.11712770,20.034,0.5961,-3.4958,3.3189,30.0,29.7197,30.000
28.75308602,77.11712770,20.046,0.3545,-3.9914,3.2176,-30.0,26.4169,-30.000
28.75308602,77.11712770,20.046,0.3545,-3.9914,3.2176,-15.0,24.4708,-15.000
28.75308602,77.11712770,20.046,0.3545,-3.9914,3.2176,0.0,21.0609,0.000
28.75308602,77.11712770,20.046,0.3545,-3.9914,3.2176,15.0,,
28.75308602,77.11712770,20.046,0.3545,-3.9914,3.2176,30.0,,
28.75308885,77.11712770,20.051,0.5686,-3.7203,2.5699,-30.0,,
28.75308885,77.11712770,20.051,0.5686,-3.7203,2.5699,-15.0,,
28.75308885,77.11712770,20.051,0.5686,-3.7203,2.5699,0.0,,
28.75308885,77.11712770,20.051,0.5686,-3.7203,2.5699,15.0,25.1218,15.000
28.75308885,77.11712770,20.051,0.5686,-3.7203,2.5699,30.0,28.5650,30.000
28.75309168,77.11712770,20.042,1.0693,-3.7490,2.3115,-30.0,26.8856,-30.000
28.75309168,77.11712770,20.042,1.0693,-3.7490,2.3115,-15.0,24.2660,-15.000
28.75309168,77.11712770,20.042,1.0693,-3.7490,2.3115,0.0,21.2560,0.000
28.75309168,77.11712770,20.042,1.0693,-3.7490,2.3115,15.0,21.7555,15.000
28.75309168,77.11712770,20.042,1.0693,-3.7490,2.3115,30.0,,
28.75309460,77.11712780,20.028,1.0911,-3.4742,2.0788,-30.0,25.1245,-30.000
28.75309460,77.11712780,20.028,1.0911,-3.4742,2.0788,-15.0,22.1156,-15.000
28.75309460,77.11712780,20.028,1.0911,-3.4742,2.0788,0.0,21.0697,0.000
28.75309460,77.11712780,20.028,1.0911,-3.4742,2.0788,15.0,22.5653,15.000
28.75309460,77.11712780,20.028,1.0911,-3.4742,2.0788,30.0,27.0870,30.000
28.75309762,77.11712780,20.013,0.4575,-2.9879,1.6278,-30.0,,
28.75309762,77.11712780,20.013,0.4575,-2.9879,1.6278,-15.0,21.3218,-15.582
28.75309762,77.11712780,20.013,0.4575,-2.9879,1.6278,0.0,21.9045,0.000
28.75309762,77.11712780,20.013,0.4575,-2.9879,1.6278,15.0,26.9518,15.000
28.75309762,77.11712780,20.013,0.4575,-2.9879,1.6278,30.0,29.8638,30.000
28.75310061,77.11712780,20.005,0.6667,-2.1466,1.3978,-30.0,26.0174,-30.000
28.75310061,77.11712780,20.005,0.6667,-2.1466,1.3978,-15.0,22.2114,-15.000
28.75310061,77.11712780,20.005,0.6667,-2.1466,1.3978,0.0,,
28.75310061,77.11712780,20.005,0.6667,-2.1466,1.3978,15.0,,
28.75310061,77.11712780,20.005,0.6667,-2.1466,1.3978,30.0,,
28.75310365,77.11712780,20.014,0.5482,-1.5508,1.6127,-30.0,,
28.75310365,77.11712780,20.014,0.5482,-1.5508,1.6127,-15.0,,
28.75310365,77.11712780,20.014,0.5482,-1.5508,1.6127,0.0,21.4696,0.000
28.75310365,77.11712780,20.014,0.5482,-1.5508,1.6127,15.0,26.8546,15.000
28.75310365,77.11712780,20.014,0.5482,-1.5508,1.6127,30.0,29.2342,30.000
28.75310647,77.11712780,20.026,-0.1983,0.0284,0.8612,-30.0,26.2463,-30.000
28.75310647,77.11712780,20.026,-0.1983,0.0284,0.8612,-15.0,22.9801,-15.000
28.75310647,77.11712780,20.026,-0.1983,0.0284,0.8612,0.0,21.1139,0.000
28.75310647,77.11712780,20.026,-0.1983,0.0284,0.8612,15.0,21.8574,15.000
28.75310647,77.11712780,20.026,-0.1983,0.0284,0.8612,30.0,25.7168,30.000
28.75310911,77.11712760,20.033,-1.0756,2.8721,359.1185,-30.0,26.7917,-30.000
28.75310911,77.11712760,20.033,-1.0756,2.8721,359.1185,-15.0,23.9758,-15.000
28.75310911,77.11712760,20.033,-1.0756,2.8721,359.1185,0.0,21.3641,0.000
28.75310911,77.11712760,20.033,-1.0756,2.8721,359.1185,15.0,21.4709,15.000
28.75310911,77.11712760,20.033,-1.0756,2.8721,359.1185,30.0,24.5459,30.000
28.75311141,77.11712730,20.023,-1.8759,4.8761,356.4839,-30.0,,
28.75311141,77.11712730,20.023,-1.8759,4.8761,356.4839,-15.0,,
28.75311141,77.11712730,20.023,-1.8759,4.8761,356.4839,0.0,21.2940,0.000
28.75311141,77.11712730,20.023,-1.8759,4.8761,356.4839,15.0,26.1527,15.000
28.75311141,77.11712730,20.023,-1.8759,4.8761,356.4839,30.0,28.0305,30.000
28.75311313,77.11712687,20.011,-3.9855,5.8393,350.1682,-30.0,27.8140,-30.000
28.75311313,77.11712687,20.011,-3.9855,5.8393,350.1682,-15.0,23.6239,-15.000
28.75311313,77.11712687,20.011,-3.9855,5.8393,350.1682,0.0,,
28.75311313,77.11712687,20.011,-3.9855,5.8393,350.1682,15.0,,
28.75311313,77.11712687,20.011,-3.9855,5.8393,350.1682,30.0,,
28.75311439,77.11712611,20.017,-6.8929,4.2748,338.9775,-30.0,,
28.75311439,77.11712611,20.017,-6.8929,4.2748,338.9775,-15.0,21.8248,-15.000
28.75311439,77.11712611,20.017,-6.8929,4.2748,338.9775,0.0,21.4008,0.000
28.75311439,77.11712611,20.017,-6.8929,4.2748,338.9775,15.0,24.6138,15.000
28.75311439,77.11712611,20.017,-6.8929,4.2748,338.9775,30.0,27.0705,30.000
28.75311490,77.11712517,20.035,-9.1288,0.2247,324.7272,-30.0,28.4778,-30.000
28.75311490,77.11712517,20.035,-9.1288,0.2247,324.7272,-15.0,23.4268,-15.000
28.75311490,77.11712517,20.035,-9.1288,0.2247,324.7272,0.0,21.2261,0.000
28.75311490,77.11712517,20.035,-9.1288,0.2247,324.7272,15.0,21.8018,15.373
28.75311490,77.11712517,20.035,-9.1288,0.2247,324.7272,30.0,24.5529,30.000
28.75311510,77.11712380,20.048,-7.9733,-3.8777,308.8967,-30.0,31.7576,-30.000
28.75311510,77.11712380,20.048,-7.9733,-3.8777,308.8967,-15.0,27.8752,-15.000
28.75311510,77.11712380,20.048,-7.9733,-3.8777,308.8967,0.0,22.2420,0.000
28.75311510,77.11712380,20.048,-7.9733,-3.8777,308.8967,15.0,21.2472,15.000
28.75311510,77.11712380,20.048,-7.9733,-3.8777,308.8967,30.0,,
28.75311500,77.11712211,20.056,-4.7863,-5.5020,292.0721,-30.0,,
28.75311500,77.11712211,20.056,-4.7863,-5.5020,292.0721,-15.0,,
28.75311500,77.11712211,20.056,-4.7863,-5.5020,292.0721,0.0,,
28.75311500,77.11712211,20.056,-4.7863,-5.5020,292.0721,15.0,22.5577,15.000
28.75311500,77.11712211,20.056,-4.7863,-5.5020,292.0721,30.0,26.1875,30.000
28.75311500,77.11712002,20.043,-2.6532,-5.0451,276.1113,-30.0,27.5651,-30.000
28.75311500,77.11712002,20.043,-2.6532,-5.0451,276.1113,-15.0,26.0717,-15.000
28.75311500,77.11712002,20.043,-2.6532,-5.0451,276.1113,0.0,21.3841,0.000
28.75311500,77.11712002,20.043,-2.6532,-5.0451,276.1113,15.0,,
28.75311500,77.11712002,20.043,-2.6532,-5.0451,276.1113,30.0,,
28.75311510,77.11711763,20.018,-1.6567,-3.8292,261.5320,-30.0,24.5693,-30.000
28.75311510,77.11711763,20.018,-1.6567,-3.8292,261.5320,-15.0,21.5523,-15.000
28.75311510,77.11711763,20.018,-1.6567,-3.8292,261.5320,0.0,21.4331,0.000
28.75311510,77.11711763,20.018,-1.6567,-3.8292,261.5320,15.0,24.1830,15.000
28.75311510,77.11711763,20.018,-1.6567,-3.8292,261.5320,30.0,27.9009,30.000
28.75311510,77.11711486,19.980,-1.5806,-2.2566,249.8068,-30.0,24.2538,-30.000
28.75311510,77.11711486,19.980,-1.5806,-2.2566,249.8068,-15.0,21.4293,-15.000
28.75311510,77.11711486,19.980,-1.5806,-2.2566,249.8068,0.0,21.4374,0.000
28.75311510,77.11711486,19.980,-1.5806,-2.2566,249.8068,15.0,24.0606,15.000
28.75311510,77.11711486,19.980,-1.5806,-2.2566,249.8068,30.0,27.9188,30.000
28.75311520,77.11711192,19.944,-2.9211,-0.9357,243.8921,-30.0,27.3877,-30.000
28.75311520,77.11711192,19.944,-2.9211,-0.9357,243.8921,-15.0,25.5665,-15.000
28.75311520,77.11711192,19.944,-2.9211,-0.9357,243.8921,0.0,21.3393,0.000
28.75311520,77.11711192,19.944,-2.9211,-0.9357,243.8921,15.0,,
28.75311520,77.11711192,19.944,-2.9211,-0.9357,243.8921,30.0,,
28.75311507,77.11710888,19.916,-3.8978,-0.2398,242.6121,-30.0,,
28.75311507,77.11710888,19.916,-3.8978,-0.2398,242.6121,-15.0,,
28.75311507,77.11710888,19.916,-3.8978,-0.2398,242.6121,0.0,,
28.75311507,77.11710888,19.916,-3.8978,-0.2398,242.6121,15.0,22.8735,15.000
28.75311507,77.11710888,19.916,-3.8978,-0.2398,242.6121,30.0,27.0687,30.000
28.75311460,77.11710593,19.908,-5.0201,0.7618,243.3841,-30.0,29.0392,-30.000
28.75311460,77.11710593,19.908,-5.0201,0.7618,243.3841,-15.0,26.3987,-15.000
28.75311460,77.11710593,19.908,-5.0201,0.7618,243.3841,0.0,21.6509,0.000
28.75311460,77.11710593,19.908,-5.0201,0.7618,243.3841,15.0,21.5546,15.000
28.75311460,77.11710593,19.908,-5.0201,0.7618,243.3841,30.0,,
28.75311370,77.11710340,19.916,-5.6885,1.6227,243.6585,-30.0,26.7522,-30.000
28.75311370,77.11710340,19.916,-5.6885,1.6227,243.6585,-15.0,22.6264,-15.000
28.75311370,77.11710340,19.916,-5.6885,1.6227,243.6585,0.0,21.1959,0.000
28.75311370,77.11710340,19.916,-5.6885,1.6227,243.6585,15.0,22.1832,15.000
28.75311370,77.11710340,19.916,-5.6885,1.6227,243.6585,30.0,23.8709,30.000
28.75311245,77.11710130,19.927,-5.7749,1.6911,240.6409,-30.0,,
28.75311245,77.11710130,19.927,-5.7749,1.6911,240.6409,-15.0,21.7513,-15.000
28.75311245,77.11710130,19.927,-5.7749,1.6911,240.6409,0.0,21.5247,0.000
28.75311245,77.11710130,19.927,-5.7749,1.6911,240.6409,15.0,24.8269,15.000
28.75311245,77.11710130,19.927,-5.7749,1.6911,240.6409,30.0,27.2734,30.000
28.75311090,77.11709960,19.944,-6.4856,1.2121,232.8476,-30.0,29.0420,-30.000
28.75311090,77.11709960,19.944,-6.4856,1.2121,232.8476,-15.0,24.9591,-15.000
28.75311090,77.11709960,19.944,-6.4856,1.2121,232.8476,0.0,,
28.75311090,77.11709960,19.944,-6.4856,1.2121,232.8476,15.0,,
28.75311090,77.11709960,19.944,-6.4856,1.2121,232.8476,30.0,,
28.75310913,77.11709833,19.971,-8.0694,-0.1017,220.3723,-30.0,,
28.75310913,77.11709833,19.971,-8.0694,-0.1017,220.3723,-15.0,,
28.75310913,77.11709833,19.971,-8.0694,-0.1017,220.3723,0.0,21.2818,0.000
28.75310913,77.11709833,19.971,-8.0694,-0.1017,220.3723,15.0,24.5842,15.000
28.75310913,77.11709833,19.971,-8.0694,-0.1017,220.3723,30.0,25.9555,30.000
28.75310714,77.11709742,20.004,-8.2825,-3.4773,205.3427,-30.0,30.4813,-30.000
28.75310714,77.11709742,20.004,-8.2825,-3.4773,205.3427,-15.0,26.2789,-15.000
28.75310714,77.11709742,20.004,-8.2825,-3.4773,205.3427,0.0,22.1303,0.000
28.75310714,77.11709742,20.004,-8.2825,-3.4773,205.3427,15.0,21.3925,15.000
28.75310714,77.11709742,20.004,-8.2825,-3.4773,205.3427,30.0,23.4171,30.000
28.75310505,77.11709668,20.029,-7.1646,-5.9587,189.3013,-30.0,29.9906,-30.000
28.75310505,77.11709668,20.029,-7.1646,-5.9587,189.3013,-15.0,24.7479,-15.000
28.75310505,77.11709668,20.029,-7.1646,-5.9587,189.3013,0.0,21.8314,0.000
28.75310505,77.11709668,20.029,-7.1646,-5.9587,189.3013,15.0,21.6502,15.000
28.75310505,77.11709668,20.029,-7.1646,-5.9587,189.3013,30.0,24.2629,30.000
28.75310259,77.11709620,20.036,-6.2642,-6.3385,173.8574,-30.0,,
28.75310259,77.11709620,20.036,-6.2642,-6.3385,173.8574,-15.0,,
28.75310259,77.11709620,20.036,-6.2642,-6.3385,173.8574,0.0,21.6622,0.000
28.75310259,77.11709620,20.036,-6.2642,-6.3385,173.8574,15.0,25.2760,15.000
28.75310259,77.11709620,20.036,-6.2642,-6.3385,173.8574,30.0,26.9929,30.000
28.75309990,77.11709580,20.024,-5.3835,-5.1366,163.8844,-30.0,28.6527,-30.000
28.75309990,77.11709580,20.024,-5.3835,-5.1366,163.8844,-15.0,23.3725,-15.000
28.75309990,77.11709580,20.024,-5.3835,-5.1366,163.8844,0.0,,
28.75309990,77.11709580,20.024,-5.3835,-5.1366,163.8844,15.0,,
28.75309990,77.11709580,20.024,-5.3835,-5.1366,163.8844,30.0,,
28.75309706,77.11709570,19.991,-4.1864,-3.7798,159.6030,-30.0,,
28.75309706,77.11709570,19.991,-4.1864,-3.7798,159.6030,-15.0,22.3568,-15.000
28.75309706,77.11709570,19.991,-4.1864,-3.7798,159.6030,0.0,21.6500,0.000
28.75309706,77.11709570,19.991,-4.1864,-3.7798,159.6030,15.0,25.5062,15.000
28.75309706,77.11709570,19.991,-4.1864,-3.7798,159.6030,30.0,28.0661,30.000
28.75309417,77.11709580,19.976,-3.4780,-1.6178,159.0580,-30.0,27.2123,-30.000
28.75309417,77.11709580,19.976,-3.4780,-1.6178,159.0580,-15.0,23.3752,-15.000
28.75309417,77.11709580,19.976,-3.4780,-1.6178,159.0580,0.0,21.4905,0.000
28.75309417,77.11709580,19.976,-3.4780,-1.6178,159.0580,15.0,22.0569,15.000
28.75309417,77.11709580,19.976,-3.4780,-1.6178,159.0580,30.0,25.5255,30.000
28.75309136,77.11709610,19.990,-3.6519,-0.9270,160.8187,-30.0,29.4710,-30.000
28.75309136,77.11709610,19.990,-3.6519,-0.9270,160.8187,-15.0,26.0609,-15.000
28.75309136,77.11709610,19.990,-3.6519,-0.9270,160.8187,0.0,22.0314,0.000
28.75309136,77.11709610,19.990,-3.6519,-0.9270,160.8187,15.0,21.6122,15.000
28.75309136,77.11709610,19.990,-3.6519,-0.9270,160.8187,30.0,,
28.75308884,77.11709668,20.036,-3.3057,-1.7879,163.9095,-30.0,,
28.75308884,77.11709668,20.036,-3.3057,-1.7879,163.9095,-15.0,,
28.75308884,77.11709668,20.036,-3.3057,-1.7879,163.9095,0.0,,
28.75308884,77.11709668,20.036,-3.3057,-1.7879,163.9095,15.0,24.8925,15.000
28.75308884,77.11709668,20.036,-3.3057,-1.7879,163.9095,30.0,27.4261,30.000
28.75308636,77.11709732,20.071,-2.3041,-2.9814,168.2691,-30.0,28.2199,-30.000
28.75308636,77.11709732,20.071,-2.3041,-2.9814,168.2691,-15.0,25.5734,-15.000
28.75308636,77.11709732,20.071,-2.3041,-2.9814,168.2691,0.0,21.4484,0.000
28.75308636,77.11709732,20.071,-2.3041,-2.9814,168.2691,15.0,,
28.75308636,77.11709732,20.071,-2.3041,-2.9814,168.2691,30.0,,
28.75308388,77.11709820,20.072,-1.4375,-3.8762,172.3624,-30.0,24.9444,-30.000
28.75308388,77.11709820,20.072,-1.4375,-3.8762,172.3624,-15.0,21.8027,-15.000
28.75308388,77.11709820,20.072,-1.4375,-3.8762,172.3624,0.0,21.8786,0.000
28.75308388,77.11709820,20.072,-1.4375,-3.8762,172.3624,15.0,25.1516,14.515
28.75308388,77.11709820,20.072,-1.4375,-3.8762,172.3624,30.0,28.6518,30.000
28.75308135,77.11709922,20.050,-0.5769,-4.1122,175.1486,-30.0,25.2325,-30.000
28.75308135,77.11709922,20.050,-0.5769,-4.1122,175.1486,-15.0,22.0400,-15.000
28.75308135,77.11709922,20.050,-0.5769,-4.1122,175.1486,0.0,21.6166,0.000
28.75308135,77.11709922,20.050,-0.5769,-4.1122,175.1486,15.0,23.6972,15.000
28.75308135,77.11709922,20.050,-0.5769,-4.1122,175.1486,30.0,28.0194,30.000
28.75307885,77.11710005,20.023,-0.1351,-3.8564,176.2330,-30.0,27.6200,-30.000
28.75307885,77.11710005,20.023,-0.1351,-3.8564,176.2330,-15.0,25.6020,-15.000
28.75307885,77.11710005,20.023,-0.1351,-3.8564,176.2330,0.0,21.7434,0.000
28.75307885,77.11710005,20.023,-0.1351,-3.8564,176.2330,15.0,,
28.75307885,77.11710005,20.023,-0.1351,-3.8564,176.2330,30.0,,
28.75307613,77.11710080,19.992,0.0901,-3.8312,176.6731,-30.0,,
28.75307613,77.11710080,19.992,0.0901,-3.8312,176.6731,-15.0,,
28.75307613,77.11710080,19.992,0.0901,-3.8312,176.6731,0.0,,
28.75307613,77.11710080,19.992,0.0901,-3.8312,176.6731,15.0,22.6256,15.000
28.75307613,77.11710080,19.992,0.0901,-3.8312,176.6731,30.0,27.9008,30.000
28.75307341,77.11710130,19.971,-0.5510,-3.9847,176.3743,-30.0,27.5399,-30.000
28.75307341,77.11710130,19.971,-0.5510,-3.9847,176.3743,-15.0,25.5248,-15.000
28.75307341,77.11710130,19.971,-0.5510,-3.9847,176.3743,0.0,21.6351,0.000
28.75307341,77.11710130,19.971,-0.5510,-3.9847,176.3743,15.0,,
28.75307341,77.11710130,19.971,-0.5510,-3.9847,176.3743,30.0,,
28.75307058,77.11710160,19.976,-1.5519,-4.0720,176.3359,-30.0,25.2000,-30.000
28.75307058,77.11710160,19.976,-1.5519,-4.0720,176.3359,-15.0,22.0060,-15.000
28.75307058,77.11710160,19.976,-1.5519,-4.0720,176.3359,0.0,21.6727,0.000
28.75307058,77.11710160,19.976,-1.5519,-4.0720,176.3359,15.0,23.9211,15.000
28.75307058,77.11710160,19.976,-1.5519,-4.0720,176.3359,30.0,27.8847,30.000
28.75306770,77.11710170,19.990,-2.4707,-3.8465,177.5863,-30.0,24.6388,-30.000
28.75306770,77.11710170,19.990,-2.4707,-3.8465,177.5863,-15.0,21.7546,-15.000
28.75306770,77.11710170,19.990,-2.4707,-3.8465,177.5863,0.0,22.1126,0.000
28.75306770,77.11710170,19.990,-2.4707,-3.8465,177.5863,15.0,25.8476,15.000
28.75306770,77.11710170,19.990,-2.4707,-3.8465,177.5863,30.0,29.2540,30.000
28.75306466,77.11710180,19.996,-2.3354,-3.6176,179.1988,-30.0,28.0195,-30.000
28.75306466,77.11710180,19.996,-2.3354,-3.6176,179.1988,-15.0,25.7115,-15.067
28.75306466,77.11710180,19.996,-2.3354,-3.6176,179.1988,0.0,21.5718,0.000
28.75306466,77.11710180,19.996,-2.3354,-3.6176,179.1988,15.0,,
28.75306466,77.11710180,19.996,-2.3354,-3.6176,179.1988,30.0,,
28.75306151,77.11710200,19.983,-2.4420,-2.6026,179.5603,-30.0,,
28.75306151,77.11710200,19.983,-2.4420,-2.6026,179.5603,-15.0,,
28.75306151,77.11710200,19.983,-2.4420,-2.6026,179.5603,0.0,,
28.75306151,77.11710200,19.983,-2.4420,-2.6026,179.5603,15.0,25.5915,15.114
28.75306151,77.11710200,19.983,-2.4420,-2.6026,179.5603,30.0,28.1828,30.000
28.75305827,77.11710210,19.961,-2.9515,-1.7617,179.3631,-30.0,28.8910,-30.000
28.75305827,77.11710210,19.961,-2.9515,-1.7617,179.3631,-15.0,25.6640,-15.000
28.75305827,77.11710210,19.961,-2.9515,-1.7617,179.3631,0.0,21.9813,0.000
28.75305827,77.11710210,19.961,-2.9515,-1.7617,179.3631,15.0,21.9556,15.000
28.75305827,77.11710210,19.961,-2.9515,-1.7617,179.3631,30.0,,
28.75305504,77.11710220,19.936,-3.0614,-0.4680,178.8850,-30.0,27.5114,-30.711
28.75305504,77.11710220,19.936,-3.0614,-0.4680,178.8850,-15.0,23.3789,-15.000
28.75305504,77.11710220,19.936,-3.0614,-0.4680,178.8850,0.0,21.6052,0.000
28.75305504,77.11710220,19.936,-3.0614,-0.4680,178.8850,15.0,22.4441,15.000
28.75305504,77.11710220,19.936,-3.0614,-0.4680,178.8850,30.0,26.1717,30.000
28.75305202,77.11710240,19.918,-3.6594,0.2956,177.5455,-30.0,,
28.75305202,77.11710240,19.918,-3.6594,0.2956,177.5455,-15.0,22.2270,-15.000
28.75305202,77.11710240,19.918,-3.6594,0.2956,177.5455,0.0,22.0560,0.000
28.75305202,77.11710240,19.918,-3.6594,0.2956,177.5455,15.0,26.2164,15.000
28.75305202,77.11710240,19.918,-3.6594,0.2956,177.5455,30.0,28.6887,30.000
28.75304894,77.11710250,19.916,-3.7134,0.5628,176.6771,-30.0,28.0219,-30.000
28.75304894,77.11710250,19.916,-3.7134,0.5628,176.6771,-15.0,23.3177,-15.000
28.75304894,77.11710250,19.916,-3.7134,0.5628,176.6771,0.0,,
28.75304894,77.11710250,19.916,-3.7134,0.5628,176.6771,15.0,,
28.75304894,77.11710250,19.916,-3.7134,0.5628,176.6771,30.0,,
28.75304592,77.11710273,19.914,-4.0735,0.9402,176.3129,-30.0,,
28.75304592,77.11710273,19.914,-4.0735,0.9402,176.3129,-15.0,,
28.75304592,77.11710273,19.914,-4.0735,0.9402,176.3129,0.0,21.8194,0.000
28.75304592,77.11710273,19.914,-4.0735,0.9402,176.3129,15.0,25.9980,15.000
28.75304592,77.11710273,19.914,-4.0735,0.9402,176.3129,30.0,28.0908,30.000
28.75304300,77.11710300,19.923,-3.8012,1.1783,176.2060,-30.0,28.7042,-30.000
28.75304300,77.11710300,19.923,-3.8012,1.1783,176.2060,-15.0,24.7163,-15.000
28.75304300,77.11710300,19.923,-3.8012,1.1783,176.2060,0.0,21.9716,0.000
28.75304300,77.11710300,19.923,-3.8012,1.1783,176.2060,15.0,22.0811,15.000
28.75304300,77.11710300,19.923,-3.8012,1.1783,176.2060,30.0,25.1458,30.000
28.75304030,77.11710330,19.932,-3.7692,1.0203,175.3452,-30.0,29.2260,-30.000
28.75304030,77.11710330,19.932,-3.7692,1.0203,175.3452,-15.0,25.8192,-15.000
28.75304030,77.11710330,19.932,-3.7692,1.0203,175.3452,0.0,22.3015,0.000
28.75304030,77.11710330,19.932,-3.7692,1.0203,175.3452,15.0,21.9416,15.000
28.75304030,77.11710330,19.932,-3.7692,1.0203,175.3452,30.0,24.6678,30.000
28.75303757,77.11710360,19.932,-4.2826,0.8295,174.7357,-30.0,,
28.75303757,77.11710360,19.932,-4.2826,0.8295,174.7357,-15.0,,
28.75303757,77.11710360,19.932,-4.2826,0.8295,174.7357,0.0,21.8048,0.000
28.75303757,77.11710360,19.932,-4.2826,0.8295,174.7357,15.0,25.9704,15.000
28.75303757,77.11710360,19.932,-4.2826,0.8295,174.7357,30.0,27.8354,30.000
28.75303504,77.11710389,19.923,-4.8697,0.1795,174.2519,-30.0,29.2849,-30.000
28.75303504,77.11710389,19.923,-4.8697,0.1795,174.2519,-15.0,25.2803,-15.000
28.75303504,77.11710389,19.923,-4.8697,0.1795,174.2519,0.0,,
28.75303504,77.11710389,19.923,-4.8697,0.1795,174.2519,15.0,,
28.75303504,77.11710389,19.923,-4.8697,0.1795,174.2519,30.0,,
28.75303262,77.11710424,19.919,-4.1895,-0.6144,173.2148,-30.0,,
28.75303262,77.11710424,19.919,-4.1895,-0.6144,173.2148,-15.0,22.4628,-15.000
28.75303262,77.11710424,19.919,-4.1895,-0.6144,173.2148,0.0,22.0516,0.000
28.75303262,77.11710424,19.919,-4.1895,-0.6144,173.2148,15.0,25.5567,15.000
28.75303262,77.11710424,19.919,-4.1895,-0.6144,173.2148,30.0,28.5909,30.000
28.75303021,77.11710470,19.931,-3.5082,-1.2571,171.6205,-30.0,27.2493,-30.000
28.75303021,77.11710470,19.931,-3.5082,-1.2571,171.6205,-15.0,23.2620,-15.000
28.75303021,77.11710470,19.931,-3.5082,-1.2571,171.6205,0.0,21.8818,0.000
28.75303021,77.11710470,19.931,-3.5082,-1.2571,171.6205,15.0,23.1117,15.000
28.75303021,77.11710470,19.931,-3.5082,-1.2571,171.6205,30.0,26.6048,30.000
28.75302790,77.11710510,19.944,-3.4011,-1.7066,170.8179,-30.0,29.6410,-30.000
28.75302790,77.11710510,19.944,-3.4011,-1.7066,170.8179,-15.0,26.9692,-15.000
28.75302790,77.11710510,19.944,-3.4011,-1.7066,170.8179,0.0,22.5076,0.000
28.75302790,77.11710510,19.944,-3.4011,-1.7066,170.8179,15.0,22.3193,15.000
28.75302790,77.11710510,19.944,-3.4011,-1.7066,170.8179,30.0,,
28.75302550,77.11710537,19.956,-3.7168,-2.1067,171.0757,-30.0,,
28.75302550,77.11710537,19.956,-3.7168,-2.1067,171.0757,-15.0,,
28.75302550,77.11710537,19.956,-3.7168,-2.1067,171.0757,0.0,,
28.75302550,77.11710537,19.956,-3.7168,-2.1067,171.0757,15.0,23.8020,15.000
28.75302550,77.11710537,19.956,-3.7168,-2.1067,171.0757,30.0,28.0315,30.000
28.75302309,77.11710570,19.968,-3.8838,-2.4724,171.6388,-30.0,29.4842,-30.000
28.75302309,77.11710570,19.968,-3.8838,-2.4724,171.6388,-15.0,27.3357,-15.000
28.75302309,77.11710570,19.968,-3.8838,-2.4724,171.6388,0.0,22.2175,0.000
28.75302309,77.11710570,19.968,-3.8838,-2.4724,171.6388,15.0,,
28.75302309,77.11710570,19.968,-3.8838,-2.4724,171.6388,30.0,,
28.75302064,77.11710610,19.977,-3.6917,-2.9214,172.0168,-30.0,26.1074,-30.000
28.75302064,77.11710610,19.977,-3.6917,-2.9214,172.0168,-15.0,22.6200,-15.000
28.75302064,77.11710610,19.977,-3.6917,-2.9214,172.0168,0.0,22.1763,0.000
28.75302064,77.11710610,19.977,-3.6917,-2.9214,172.0168,15.0,24.5585,15.000
28.75302064,77.11710610,19.977,-3.6917,-2.9214,172.0168,30.0,28.1460,30.000
28.75301799,77.11710660,19.974,-2.9963,-2.7829,172.0359,-30.0,25.6528,-30.000
28.75301799,77.11710660,19.974,-2.9963,-2.7829,172.0359,-15.0,22.4966,-15.000
28.75301799,77.11710660,19.974,-2.9963,-2.7829,172.0359,0.0,22.3256,0.000
28.75301799,77.11710660,19.974,-2.9963,-2.7829,172.0359,15.0,24.8718,15.000
28.75301799,77.11710660,19.974,-2.9963,-2.7829,172.0359,30.0,28.3414,30.491
28.75301527,77.11710714,19.972,-2.8023,-2.1440,172.2831,-30.0,29.3428,-30.000
28.75301527,77.11710714,19.972,-2.8023,-2.1440,172.2831,-15.0,27.2118,-15.000
28.75301527,77.11710714,19.972,-2.8023,-2.1440,172.2831,0.0,22.3019,0.000
28.75301527,77.11710714,19.972,-2.8023,-2.1440,172.2831,15.0,,
28.75301527,77.11710714,19.972,-2.8023,-2.1440,172.2831,30.0,,
28.75301246,77.11710758,19.978,-2.7124,-1.2503,172.7384,-30.0,,
28.75301246,77.11710758,19.978,-2.7124,-1.2503,172.7384,-15.0,,
28.75301246,77.11710758,19.978,-2.7124,-1.2503,172.7384,0.0,,
28.75301246,77.11710758,19.978,-2.7124,-1.2503,172.7384,15.0,24.2598,15.000
28.75301246,77.11710758,19.978,-2.7124,-1.2503,172.7384,30.0,28.5167,30.000
28.75300954,77.11710802,19.982,-3.1463,-1.1929,172.9620,-30.0,29.7988,-30.000
28.75300954,77.11710802,19.982,-3.1463,-1.1929,172.9620,-15.0,27.0042,-15.000
28.75300954,77.11710802,19.982,-3.1463,-1.1929,172.9620,0.0,22.5547,0.000
28.75300954,77.11710802,19.982,-3.1463,-1.1929,172.9620,15.0,22.6826,15.000
28.75300954,77.11710802,19.982,-3.1463,-1.1929,172.9620,30.0,,
28.75300668,77.11710850,19.987,-3.2769,-1.3958,172.6778,-30.0,27.3566,-30.000
28.75300668,77.11710850,19.987,-3.2769,-1.3958,172.6778,-15.0,23.4170,-15.000
28.75300668,77.11710850,19.987,-3.2769,-1.3958,172.6778,0.0,22.1532,0.000
28.75300668,77.11710850,19.987,-3.2769,-1.3958,172.6778,15.0,23.5147,15.000
28.75300668,77.11710850,19.987,-3.2769,-1.3958,172.6778,30.0,27.2740,30.000
28.75300389,77.11710891,19.995,-3.2847,-1.3369,172.5256,-30.0,,
28.75300389,77.11710891,19.995,-3.2847,-1.3369,172.5256,-15.0,22.6117,-15.628
28.75300389,77.11710891,19.995,-3.2847,-1.3369,172.5256,0.0,22.7015,0.000
28.75300389,77.11710891,19.995,-3.2847,-1.3369,172.5256,15.0,26.7635,15.000
28.75300389,77.11710891,19.995,-3.2847,-1.3369,172.5256,30.0,29.6708,30.000
28.75300107,77.11710930,20.005,-2.9911,-1.6247,172.5590,-30.0,29.0321,-30.000
28.75300107,77.11710930,20.005,-2.9911,-1.6247,172.5590,-15.0,25.0872,-15.000
28.75300107,77.11710930,20.005,-2.9911,-1.6247,172.5590,0.0,,
28.75300107,77.11710930,20.005,-2.9911,-1.6247,172.5590,15.0,,
28.75300107,77.11710930,20.005,-2.9911,-1.6247,172.5590,30.0,,
28.75299829,77.11710970,20.014,-3.2023,-1.0504,172.9096,-30.0,,
28.75299829,77.11710970,20.014,-3.2023,-1.0504,172.9096,-15.0,,
28.75299829,77.11710970,20.014,-3.2023,-1.0504,172.9096,0.0,22.3058,0.000
28.75299829,77.11710970,20.014,-3.2023,-1.0504,172.9096,15.0,27.0737,15.000
28.75299829,77.11710970,20.014,-3.2023,-1.0504,172.9096,30.0,29.0455,30.000
28.75299550,77.11711020,20.023,-2.5476,-1.2717,172.5226,-30.0,29.0134,-30.000
28.75299550,77.11711020,20.023,-2.5476,-1.2717,172.5226,-15.0,25.7196,-15.000
28.75299550,77.11711020,20.023,-2.5476,-1.2717,172.5226,0.0,22.6617,-0.545
28.75299550,77.11711020,20.023,-2.5476,-1.2717,172.5226,15.0,22.6183,15.000
28.75299550,77.11711020,20.023,-2.5476,-1.2717,172.5226,30.0,25.5792,30.000
28.75299265,77.11711070,20.041,-0.9771,-1.0715,172.1564,-30.0,28.6359,-30.000
28.75299265,77.11711070,20.041,-0.9771,-1.0715,172.1564,-15.0,24.6956,-15.000
28.75299265,77.11711070,20.041,-0.9771,-1.0715,172.1564,0.0,22.3940,0.000
28.75299265,77.11711070,20.041,-0.9771,-1.0715,172.1564,15.0,22.9128,15.000
28.75299265,77.11711070,20.041,-0.9771,-1.0715,172.1564,30.0,26.5934,30.000
28.75298975,77.11711112,20.063,-0.3794,-1.0873,171.1073,-30.0,,
28.75298975,77.11711112,20.063,-0.3794,-1.0873,171.1073,-15.0,,
28.75298975,77.11711112,20.063,-0.3794,-1.0873,171.1073,0.0,22.8555,0.000
28.75298975,77.11711112,20.063,-0.3794,-1.0873,171.1073,15.0,28.1848,15.000
28.75298975,77.11711112,20.063,-0.3794,-1.0873,171.1073,30.0,30.4142,30.000
28.75298685,77.11711140,20.081,-1.7586,-0.4683,169.9992,-30.0,27.8538,-30.000
28.75298685,77.11711140,20.081,-1.7586,-0.4683,169.9992,-15.0,23.5353,-15.000
28.75298685,77.11711140,20.081,-1.7586,-0.4683,169.9992,0.0,,
28.75298685,77.11711140,20.081,-1.7586,-0.4683,169.9992,15.0,,
28.75298685,77.11711140,20.081,-1.7586,-0.4683,169.9992,30.0,,
28.75298394,77.11711150,20.081,-3.2906,-0.2512,169.8674,-30.0,,
28.75298394,77.11711150,20.081,-3.2906,-0.2512,169.8674,-15.0,22.8656,-15.000
28.75298394,77.11711150,20.081,-3.2906,-0.2512,169.8674,0.0,22.6890,0.000
28.75298394,77.11711150,20.081,-3.2906,-0.2512,169.8674,15.0,27.0819,15.000
28.75298394,77.11711150,20.081,-3.2906,-0.2512,169.8674,30.0,29.5939,30.000
28.75298110,77.11711160,20.074,-3.6098,-0.1947,170.1780,-30.0,28.2297,-30.000
28.75298110,77.11711160,20.074,-3.6098,-0.1947,170.1780,-15.0,24.2726,-15.000
28.75298110,77.11711160,20.074,-3.6098,-0.1947,170.1780,0.0,22.3371,0.000
28.75298110,77.11711160,20.074,-3.6098,-0.1947,170.1780,15.0,23.0040,15.000
28.75298110,77.11711160,20.074,-3.6098,-0.1947,170.1780,30.0,26.7065,30.000
28.75297823,77.11711180,20.080,-3.0204,-0.4310,170.4537,-30.0,30.7286,-30.000
28.75297823,77.11711180,20.080,-3.0204,-0.4310,170.4537,-15.0,27.2034,-15.000
28.75297823,77.11711180,20.080,-3.0204,-0.4310,170.4537,0.0,22.8982,0.000
28.75297823,77.11711180,20.080,-3.0204,-0.4310,170.4537,15.0,22.5321,15.000
28.75297823,77.11711180,20.080,-3.0204,-0.4310,170.4537,30.0,,
28.75297542,77.11711203,20.106,-2.6116,0.2646,170.5269,-30.0,,
28.75297542,77.11711203,20.106,-2.6116,0.2646,170.5269,-15.0,,
28.75297542,77.11711203,20.106,-2.6116,0.2646,170.5269,0.0,,
28.75297542,77.11711203,20.106,-2.6116,0.2646,170.5269,15.0,25.9963,15.000
28.75297542,77.11711203,20.106,-2.6116,0.2646,170.5269,30.0,28.7356,30.000
28.75297266,77.11711230,20.130,-2.7868,0.2353,170.6267,-30.0,29.2996,-30.000
28.75297266,77.11711230,20.130,-2.7868,0.2353,170.6267,-15.0,26.7985,-15.000
28.75297266,77.11711230,20.130,-2.7868,0.2353,170.6267,0.0,22.2818,0.000
28.75297266,77.11711230,20.130,-2.7868,0.2353,170.6267,15.0,,
28.75297266,77.11711230,20.130,-2.7868,0.2353,170.6267,30.0,,
28.75296997,77.11711260,20.144,-2.7528,-0.5883,170.7863,-30.0,25.8554,-30.000
28.75296997,77.11711260,20.144,-2.7528,-0.5883,170.7863,-15.0,22.6717,-15.509
28.75296997,77.11711260,20.144,-2.7528,-0.5883,170.7863,0.0,22.6212,0.000
28.75296997,77.11711260,20.144,-2.7528,-0.5883,170.7863,15.0,25.8534,15.000
28.75296997,77.11711260,20.144,-2.7528,-0.5883,170.7863,30.0,29.0078,30.000
28.75296734,77.11711290,20.148,-3.4042,-0.6098,170.4295,-30.0,26.8918,-30.000
28.75296734,77.11711290,20.148,-3.4042,-0.6098,170.4295,-15.0,23.0182,-15.000
28.75296734,77.11711290,20.148,-3.4042,-0.6098,170.4295,0.0,22.2788,0.000
28.75296734,77.11711290,20.148,-3.4042,-0.6098,170.4295,15.0,24.2095,15.000
28.75296734,77.11711290,20.148,-3.4042,-0.6098,170.4295,30.0,28.4219,30.000
28.75296477,77.11711322,20.142,-2.8996,-0.3072,169.6453,-30.0,29.9542,-30.000
28.75296477,77.11711322,20.142,-2.8996,-0.3072,169.6453,-15.0,27.5371,-15.000
28.75296477,77.11711322,20.142,-2.8996,-0.3072,169.6453,0.0,22.6503,0.000
28.75296477,77.11711322,20.142,-2.8996,-0.3072,169.6453,15.0,,
28.75296477,77.11711322,20.142,-2.8996,-0.3072,169.6453,30.0,,
28.75296233,77.11711356,20.129,-2.3203,-1.9092,169.2569,-30.0,,
28.75296233,77.11711356,20.129,-2.3203,-1.9092,169.2569,-15.0,,
28.75296233,77.11711356,20.129,-2.3203,-1.9092,169.2569,0.0,,
28.75296233,77.11711356,20.129,-2.3203,-1.9092,169.2569,15.0,23.1891,15.000
28.75296233,77.11711356,20.129,-2.3203,-1.9092,169.2569,30.0,27.9772,30.000
28.75295993,77.11711380,20.128,-2.5860,-2.8053,169.8768,-30.0,29.4579,-30.000
28.75295993,77.11711380,20.128,-2.5860,-2.8053,169.8768,-15.0,27.0191,-15.000
28.75295993,77.11711380,20.128,-2.5860,-2.8053,169.8768,0.0,22.4481,0.000
28.75295993,77.11711380,20.128,-2.5860,-2.8053,169.8768,15.0,23.0217,14.700
28.75295993,77.11711380,20.128,-2.5860,-2.8053,169.8768,30.0,,
28.75295753,77.11711410,20.129,-2.7923,-3.5945,171.1099,-30.0,26.6260,-30.000
28.75295753,77.11711410,20.129,-2.7923,-3.5945,171.1099,-15.0,22.8669,-15.000
28.75295753,77.11711410,20.129,-2.7923,-3.5945,171.1099,0.0,22.2448,0.000
28.75295753,77.11711410,20.129,-2.7923,-3.5945,171.1099,15.0,24.2271,15.000
28.75295753,77.11711410,20.129,-2.7923,-3.5945,171.1099,30.0,28.0211,30.000
28.75295501,77.11711430,20.121,-2.5004,-3.4197,173.2952,-30.0,,
28.75295501,77.11711430,20.121,-2.5004,-3.4197,173.2952,-15.0,22.3672,-15.000
28.75295501,77.11711430,20.121,-2.5004,-3.4197,173.2952,0.0,22.6996,0.000
28.75295501,77.11711430,20.121,-2.5004,-3.4197,173.2952,15.0,26.5165,15.000
28.75295501,77.11711430,20.121,-2.5004,-3.4197,173.2952,30.0,30.2166,30.000
28.75295243,77.11711450,20.090,-2.4681,-3.3176,175.3644,-30.0,28.5992,-30.000
28.75295243,77.11711450,20.090,-2.4681,-3.3176,175.3644,-15.0,25.7795,-15.000
28.75295243,77.11711450,20.090,-2.4681,-3.3176,175.3644,0.0,,
28.75295243,77.11711450,20.090,-2.4681,-3.3176,175.3644,15.0,,
28.75295243,77.11711450,20.090,-2.4681,-3.3176,175.3644,30.0,,
28.75294961,77.11711460,20.051,-3.5914,-3.1442,177.0174,-30.0,,
28.75294961,77.11711460,20.051,-3.5914,-3.1442,177.0174,-15.0,,
28.75294961,77.11711460,20.051,-3.5914,-3.1442,177.0174,0.0,22.1152,0.000
28.75294961,77.11711460,20.051,-3.5914,-3.1442,177.0174,15.0,25.9909,15.000
28.75294961,77.11711460,20.051,-3.5914,-3.1442,177.0174,30.0,28.3739,30.000
28.75294669,77.11711480,20.013,-3.8070,-2.6688,177.5854,-30.0,29.7038,-30.000
28.75294669,77.11711480,20.013,-3.8070,-2.6688,177.5854,-15.0,26.4239,-15.000
28.75294669,77.11711480,20.013,-3.8070,-2.6688,177.5854,0.0,22.5629,0.000
28.75294669,77.11711480,20.013,-3.8070,-2.6688,177.5854,15.0,22.4043,15.000
28.75294669,77.11711480,20.013,-3.8070,-2.6688,177.5854,30.0,,
28.75294367,77.11711490,19.978,-3.6326,-1.4168,177.4374,-30.0,28.4064,-30.000
28.75294367,77.11711490,19.978,-3.6326,-1.4168,177.4374,-15.0,24.1450,-15.000
28.75294367,77.11711490,19.978,-3.6326,-1.4168,177.4374,0.0,22.1101,0.000
28.75294367,77.11711490,19.978,-3.6326,-1.4168,177.4374,15.0,22.7667,15.000
28.75294367,77.11711490,19.978,-3.6326,-1.4168,177.4374,30.0,26.3448,30.000
28.75294057,77.11711510,19.944,-4.1795,-0.7301,176.7063,-30.0,,
28.75294057,77.11711510,19.944,-4.1795,-0.7301,176.7063,-15.0,22.8569,-15.000
28.75294057,77.11711510,19.944,-4.1795,-0.7301,176.7063,0.0,22.4141,0.000
28.75294057,77.11711510,19.944,-4.1795,-0.7301,176.7063,15.0,26.5178,15.000
28.75294057,77.11711510,19.944,-4.1795,-0.7301,176.7063,30.0,28.8789,30.000
28.75293742,77.11711534,19.920,-5.5358,-0.7034,176.2280,-30.0,28.8214,-30.000
28.75293742,77.11711534,19.920,-5.5358,-0.7034,176.2280,-15.0,23.2616,-15.000
28.75293742,77.11711534,19.920,-5.5358,-0.7034,176.2280,0.0,,
28.75293742,77.11711534,19.920,-5.5358,-0.7034,176.2280,15.0,,
28.75293742,77.11711534,19.920,-5.5358,-0.7034,176.2280,30.0,,
28.75293430,77.11711580,19.916,-4.5846,-0.2603,174.8439,-30.0,,
28.75293430,77.11711580,19.916,-4.5846,-0.2603,174.8439,-15.0,,
28.75293430,77.11711580,19.916,-4.5846,-0.2603,174.8439,0.0,22.2123,0.000
28.75293430,77.11711580,19.916,-4.5846,-0.2603,174.8439,15.0,26.1231,15.000
28.75293430,77.11711580,19.916,-4.5846,-0.2603,174.8439,30.0,28.3659,30.000
28.75293127,77.11711620,19.925,-4.5932,1.3713,173.4948,-30.0,29.2277,-30.000
28.75293127,77.11711620,19.925,-4.5932,1.3713,173.4948,-15.0,24.8873,-15.000
28.75293127,77.11711620,19.925,-4.5932,1.3713,173.4948,0.0,22.2909,0.000
28.75293127,77.11711620,19.925,-4.5932,1.3713,173.4948,15.0,22.5215,15.000
28.75293127,77.11711620,19.925,-4.5932,1.3713,173.4948,30.0,25.6671,30.000
28.75292834,77.11711660,19.918,-6.2423,2.9324,171.1801,-30.0,30.6747,-30.000
28.75292834,77.11711660,19.918,-6.2423,2.9324,171.1801,-15.0,27.0781,-15.000
28.75292834,77.11711660,19.918,-6.2423,2.9324,171.1801,0.0,22.8840,0.000
28.75292834,77.11711660,19.918,-6.2423,2.9324,171.1801,15.0,22.2168,15.000
28.75292834,77.11711660,19.918,-6.2423,2.9324,171.1801,30.0,24.4691,30.000
28.75292580,77.11711720,19.932,-8.2030,3.9285,167.5012,-30.0,,
28.75292580,77.11711720,19.932,-8.2030,3.9285,167.5012,-15.0,,
28.75292580,77.11711720,19.932,-8.2030,3.9285,167.5012,0.0,22.1930,0.000
28.75292580,77.11711720,19.932,-8.2030,3.9285,167.5012,15.0,25.5635,15.000
28.75292580,77.11711720,19.932,-8.2030,3.9285,167.5012,30.0,27.3222,30.000
28.75292375,77.11711805,19.964,-9.9170,3.6092,162.3106,-30.0,32.4996,-30.000
28.75292375,77.11711805,19.964,-9.9170,3.6092,162.3106,-15.0,28.1588,-15.000
28.75292375,77.11711805,19.964,-9.9170,3.6092,162.3106,0.0,,
28.75292375,77.11711805,19.964,-9.9170,3.6092,162.3106,15.0,,
28.75292375,77.11711805,19.964,-9.9170,3.6092,162.3106,30.0,,
28.75292229,77.11711922,19.995,-10.9717,1.4341,154.2942,-30.0,,
28.75292229,77.11711922,19.995,-10.9717,1.4341,154.2942,-15.0,23.4626,-15.000
28.75292229,77.11711922,19.995,-10.9717,1.4341,154.2942,0.0,22.2159,0.000
28.75292229,77.11711922,19.995,-10.9717,1.4341,154.2942,15.0,24.3551,15.000
28.75292229,77.11711922,19.995,-10.9717,1.4341,154.2942,30.0,26.4512,30.000
28.75292136,77.11712088,20.033,-10.8674,-1.7439,142.4687,-30.0,30.7665,-30.000
28.75292136,77.11712088,20.033,-10.8674,-1.7439,142.4687,-15.0,24.7855,-15.000
28.75292136,77.11712088,20.033,-10.8674,-1.7439,142.4687,0.0,22.3353,0.000
28.75292136,77.11712088,20.033,-10.8674,-1.7439,142.4687,15.0,22.7121,15.000
28.75292136,77.11712088,20.033,-10.8674,-1.7439,142.4687,30.0,25.1277,30.000
28.75292080,77.11712286,20.057,-10.4713,-4.6607,128.6771,-30.0,35.0941,-30.000
28.75292080,77.11712286,20.057,-10.4713,-4.6607,128.6771,-15.0,30.4690,-15.000
28.75292080,77.11712286,20.057,-10.4713,-4.6607,128.6771,0.0,23.7064,0.000
28.75292080,77.11712286,20.057,-10.4713,-4.6607,128.6771,15.0,22.3082,15.000
28.75292080,77.11712286,20.057,-10.4713,-4.6607,128.6771,30.0,,
28.75292050,77.11712493,20.067,-8.1210,-8.2850,113.8347,-30.0,,
28.75292050,77.11712493,20.067,-8.1210,-8.2850,113.8347,-15.0,,
28.75292050,77.11712493,20.067,-8.1210,-8.2850,113.8347,0.0,,
28.75292050,77.11712493,20.067,-8.1210,-8.2850,113.8347,15.0,23.0814,15.000
28.75292050,77.11712493,20.067,-8.1210,-8.2850,113.8347,30.0,26.3294,30.000
28.75292014,77.11712737,20.092,-4.9252,-9.0707,99.1948,-30.0,31.1852,-30.000
28.75292014,77.11712737,20.092,-4.9252,-9.0707,99.1948,-15.0,28.7837,-15.000
28.75292014,77.11712737,20.092,-4.9252,-9.0707,99.1948,0.0,22.9476,0.000
28.75292014,77.11712737,20.092,-4.9252,-9.0707,99.1948,15.0,,
28.75292014,77.11712737,20.092,-4.9252,-9.0707,99.1948,30.0,,
28.75291980,77.11713011,20.121,-2.7029,-8.0247,87.1475,-30.0,26.7218,-30.000
28.75291980,77.11713011,20.121,-2.7029,-8.0247,87.1475,-15.0,23.0123,-15.000
28.75291980,77.11713011,20.121,-2.7029,-8.0247,87.1475,0.0,22.5417,-0.341
28.75291980,77.11713011,20.121,-2.7029,-8.0247,87.1475,15.0,25.1609,15.000
28.75291980,77.11713011,20.121,-2.7029,-8.0247,87.1475,30.0,28.9214,30.000
28.75291950,77.11713302,20.173,-2.7352,-6.9928,79.7840,-30.0,25.5688,-30.000
28.75291950,77.11713302,20.173,-2.7352,-6.9928,79.7840,-15.0,22.6024,-15.000
28.75291950,77.11713302,20.173,-2.7352,-6.9928,79.7840,0.0,22.6699,0.000
28.75291950,77.11713302,20.173,-2.7352,-6.9928,79.7840,15.0,25.7973,15.000
28.75291950,77.11713302,20.173,-2.7352,-6.9928,79.7840,30.0,29.5813,30.656
28.75291919,77.11713623,20.248,-3.0950,-5.4394,77.3106,-30.0,29.2635,-30.000
28.75291919,77.11713623,20.248,-3.0950,-5.4394,77.3106,-15.0,27.1580,-15.000
28.75291919,77.11713623,20.248,-3.0950,-5.4394,77.3106,0.0,22.3148,0.000
28.75291919,77.11713623,20.248,-3.0950,-5.4394,77.3106,15.0,,
28.75291919,77.11713623,20.248,-3.0950,-5.4394,77.3106,30.0,,
28.75291910,77.11713938,20.349,-2.2908,-5.0373,78.3676,-30.0,,
28.75291910,77.11713938,20.349,-2.2908,-5.0373,78.3676,-15.0,,
28.75291910,77.11713938,20.349,-2.2908,-5.0373,78.3676,0.0,,
28.75291910,77.11713938,20.349,-2.2908,-5.0373,78.3676,15.0,24.8685,15.000
28.75291910,77.11713938,20.349,-2.2908,-5.0373,78.3676,30.0,28.5591,30.000
28.75291920,77.11714244,20.432,-1.0899,-5.1864,82.0120,-30.0,29.2764,-30.000
28.75291920,77.11714244,20.432,-1.0899,-5.1864,82.0120,-15.0,26.2880,-15.000
28.75291920,77.11714244,20.432,-1.0899,-5.1864,82.0120,0.0,22.4315,0.000
28.75291920,77.11714244,20.432,-1.0899,-5.1864,82.0120,15.0,22.6474,15.000
28.75291920,77.11714244,20.432,-1.0899,-5.1864,82.0120,30.0,,
28.75291951,77.11714552,20.491,-0.1172,-5.1486,85.8013,-30.0,26.6095,-30.000
28.75291951,77.11714552,20.491,-0.1172,-5.1486,85.8013,-15.0,23.1037,-15.000
28.75291951,77.11714552,20.491,-0.1172,-5.1486,85.8013,0.0,22.0218,0.000
28.75291951,77.11714552,20.491,-0.1172,-5.1486,85.8013,15.0,23.6117,15.000
28.75291951,77.11714552,20.491,-0.1172,-5.1486,85.8013,30.0,28.0348,30.000
28.75292000,77.11714854,20.526,0.6811,-5.1258,88.3807,-30.0,,
28.75292000,77.11714854,20.526,0.6811,-5.1258,88.3807,-15.0,22.0014,-15.000
28.75292000,77.11714854,20.526,0.6811,-5.1258,88.3807,0.0,22.7723,0.000
28.75292000,77.11714854,20.526,0.6811,-5.1258,88.3807,15.0,27.7459,15.000
28.75292000,77.11714854,20.526,0.6811,-5.1258,88.3807,30.0,31.0680,30.000
28.75292040,77.11715164,20.538,0.7351,-7.2836,89.6329,-30.0,27.0539,-30.000
28.75292040,77.11715164,20.538,0.7351,-7.2836,89.6329,-15.0,23.4203,-15.000
28.75292040,77.11715164,20.538,0.7351,-7.2836,89.6329,0.0,,
28.75292040,77.11715164,20.538,0.7351,-7.2836,89.6329,15.0,,
28.75292040,77.11715164,20.538,0.7351,-7.2836,89.6329,30.0,,
28.75292070,77.11715471,20.534,0.8804,-8.8564,89.6242,-30.0,,
28.75292070,77.11715471,20.534,0.8804,-8.8564,89.6242,-15.0,,
28.75292070,77.11715471,20.534,0.8804,-8.8564,89.6242,0.0,22.1304,0.000
28.75292070,77.11715471,20.534,0.8804,-8.8564,89.6242,15.0,28.0617,15.000
28.75292070,77.11715471,20.534,0.8804,-8.8564,89.6242,30.0,30.7526,30.000
28.75292098,77.11715801,20.501,0.2649,-8.5644,88.9343,-30.0,26.7687,-30.000
28.75292098,77.11715801,20.501,0.2649,-8.5644,88.9343,-15.0,23.8220,-15.000
28.75292098,77.11715801,20.501,0.2649,-8.5644,88.9343,0.0,21.7274,0.000
28.75292098,77.11715801,20.501,0.2649,-8.5644,88.9343,15.0,22.3936,15.000
28.75292098,77.11715801,20.501,0.2649,-8.5644,88.9343,30.0,26.2019,30.000
28.75292100,77.11716150,20.446,-0.2982,-6.8441,88.3813,-30.0,26.6810,-30.000
28.75292100,77.11716150,20.446,-0.2982,-6.8441,88.3813,-15.0,23.5684,-15.000
28.75292100,77.11716150,20.446,-0.2982,-6.8441,88.3813,0.0,21.4870,0.000
28.75292100,77.11716150,20.446,-0.2982,-6.8441,88.3813,15.0,21.9698,15.000
28.75292100,77.11716150,20.446,-0.2982,-6.8441,88.3813,30.0,25.4928,30.000
28.75292110,77.11716504,20.377,-0.5085,-4.8826,88.1542,-30.0,,
28.75292110,77.11716504,20.377,-0.5085,-4.8826,88.1542,-15.0,,
28.75292110,77.11716504,20.377,-0.5085,-4.8826,88.1542,0.0,21.5561,0.000
28.75292110,77.11716504,20.377,-0.5085,-4.8826,88.1542,15.0,26.9816,15.000
28.75292110,77.11716504,20.377,-0.5085,-4.8826,88.1542,30.0,29.0214,30.355
28.75292110,77.11716856,20.319,-0.7703,-4.5232,87.6244,-30.0,26.3683,-30.000
28.75292110,77.11716856,20.319,-0.7703,-4.5232,87.6244,-15.0,22.4055,-15.000
28.75292110,77.11716856,20.319,-0.7703,-4.5232,87.6244,0.0,,
28.75292110,77.11716856,20.319,-0.7703,-4.5232,87.6244,15.0,,
28.75292110,77.11716856,20.319,-0.7703,-4.5232,87.6244,30.0,,
28.75292100,77.11717206,20.302,-0.7751,-4.0843,87.6625,-30.0,,
28.75292100,77.11717206,20.302,-0.7751,-4.0843,87.6625,-15.0,21.2289,-15.000
28.75292100,77.11717206,20.302,-0.7751,-4.0843,87.6625,0.0,21.4255,0.000
28.75292100,77.11717206,20.302,-0.7751,-4.0843,87.6625,15.0,25.9397,15.000
28.75292100,77.11717206,20.302,-0.7751,-4.0843,87.6625,30.0,29.1795,30.000
28.75292090,77.11717529,20.299,-2.1518,-4.2092,87.1257,-30.0,25.4034,-30.000
28.75292090,77.11717529,20.299,-2.1518,-4.2092,87.1257,-15.0,22.0382,-15.000
28.75292090,77.11717529,20.299,-2.1518,-4.2092,87.1257,0.0,20.7359,0.000
28.75292090,77.11717529,20.299,-2.1518,-4.2092,87.1257,15.0,21.8565,15.000
28.75292090,77.11717529,20.299,-2.1518,-4.2092,87.1257,30.0,25.8374,30.000
28.75292080,77.11717842,20.297,-2.6110,-5.3471,86.8112,-30.0,27.8638,-30.000
28.75292080,77.11717842,20.297,-2.6110,-5.3471,86.8112,-15.0,24.8945,-15.000
28.75292080,77.11717842,20.297,-2.6110,-5.3471,86.8112,0.0,21.1260,0.000
28.75292080,77.11717842,20.297,-2.6110,-5.3471,86.8112,15.0,20.9336,15.000
28.75292080,77.11717842,20.297,-2.6110,-5.3471,86.8112,30.0,,
28.75292080,77.11718146,20.291,-2.6540,-5.7898,86.9214,-30.0,,
28.75292080,77.11718146,20.291,-2.6540,-5.7898,86.9214,-15.0,,
28.75292080,77.11718146,20.291,-2.6540,-5.7898,86.9214,0.0,,
28.75292080,77.11718146,20.291,-2.6540,-5.7898,86.9214,15.0,23.6534,15.000
28.75292080,77.11718146,20.291,-2.6540,-5.7898,86.9214,30.0,26.6743,30.000
28.75292080,77.11718431,20.266,-2.5102,-5.5398,86.6087,-30.0,26.6469,-30.000
28.75292080,77.11718431,20.266,-2.5102,-5.5398,86.6087,-15.0,24.6686,-15.000
28.75292080,77.11718431,20.266,-2.5102,-5.5398,86.6087,0.0,20.5239,0.000
28.75292080,77.11718431,20.266,-2.5102,-5.5398,86.6087,15.0,,
28.75292080,77.11718431,20.266,-2.5102,-5.5398,86.6087,30.0,,
28.75292090,77.11718717,20.229,-2.8199,-5.6264,86.1047,-30.0,23.4502,-30.000
28.75292090,77.11718717,20.229,-2.8199,-5.6264,86.1047,-15.0,20.7068,-15.000
28.75292090,77.11718717,20.229,-2.8199,-5.6264,86.1047,0.0,20.6570,0.000
28.75292090,77.11718717,20.229,-2.8199,-5.6264,86.1047,15.0,23.4093,15.000
28.75292090,77.11718717,20.229,-2.8199,-5.6264,86.1047,30.0,26.4178,30.000
28.75292100,77.11718998,20.203,-2.3894,-6.4062,85.7904,-30.0,23.8148,-30.000
28.75292100,77.11718998,20.203,-2.3894,-6.4062,85.7904,-15.0,20.7729,-15.000
28.75292100,77.11718998,20.203,-2.3894,-6.4062,85.7904,0.0,20.4119,0.000
28.75292100,77.11718998,20.203,-2.3894,-6.4062,85.7904,15.0,22.4137,15.000
28.75292100,77.11718998,20.203,-2.3894,-6.4062,85.7904,30.0,26.1525,30.000
28.75292110,77.11719289,20.187,-2.6714,-7.1272,85.6027,-30.0,26.7018,-30.000
28.75292110,77.11719289,20.187,-2.6714,-7.1272,85.6027,-15.0,24.7083,-15.000
28.75292110,77.11719289,20.187,-2.6714,-7.1272,85.6027,0.0,20.4882,0.000
28.75292110,77.11719289,20.187,-2.6714,-7.1272,85.6027,15.0,,
28.75292110,77.11719289,20.187,-2.6714,-7.1272,85.6027,30.0,,
28.75292140,77.11719591,20.156,-2.4478,-7.3515,85.3847,-30.0,,
28.75292140,77.11719591,20.156,-2.4478,-7.3515,85.3847,-15.0,,
28.75292140,77.11719591,20.156,-2.4478,-7.3515,85.3847,0.0,,
28.75292140,77.11719591,20.156,-2.4478,-7.3515,85.3847,15.0,21.4296,15.000
28.75292140,77.11719591,20.156,-2.4478,-7.3515,85.3847,30.0,25.7815,30.000
28.75292180,77.11719895,20.108,-1.9058,-6.8389,85.3712,-30.0,26.7454,-30.000
28.75292180,77.11719895,20.108,-1.9058,-6.8389,85.3712,-15.0,24.2465,-15.000
28.75292180,77.11719895,20.108,-1.9058,-6.8389,85.3712,0.0,20.3568,0.000
28.75292180,77.11719895,20.108,-1.9058,-6.8389,85.3712,15.0,20.7670,15.000
28.75292180,77.11719895,20.108,-1.9058,-6.8389,85.3712,30.0,,
28.75292210,77.11720206,20.063,-1.4825,-6.3437,85.5727,-30.0,23.7563,-30.000
28.75292210,77.11720206,20.063,-1.4825,-6.3437,85.5727,-15.0,20.5154,-15.000
28.75292210,77.11720206,20.063,-1.4825,-6.3437,85.5727,0.0,19.9025,0.000
28.75292210,77.11720206,20.063,-1.4825,-6.3437,85.5727,15.0,21.7639,15.000
28.75292210,77.11720206,20.063,-1.4825,-6.3437,85.5727,30.0,25.3569,30.000
28.75292240,77.11720518,20.015,-1.8023,-6.7231,85.7331,-30.0,,
28.75292240,77.11720518,20.015,-1.8023,-6.7231,85.7331,-15.0,20.0088,-15.000
28.75292240,77.11720518,20.015,-1.8023,-6.7231,85.7331,0.0,20.3926,0.000
28.75292240,77.11720518,20.015,-1.8023,-6.7231,85.7331,15.0,24.1968,15.000
28.75292240,77.11720518,20.015,-1.8023,-6.7231,85.7331,30.0,27.5773,30.000
28.75292260,77.11720830,19.974,-1.6008,-6.8373,85.8371,-30.0,25.2584,-30.000
28.75292260,77.11720830,19.974,-1.6008,-6.8373,85.8371,-15.0,22.7632,-15.000
28.75292260,77.11720830,19.974,-1.6008,-6.8373,85.8371,0.0,,
28.75292260,77.11720830,19.974,-1.6008,-6.8373,85.8371,15.0,,
28.75292260,77.11720830,19.974,-1.6008,-6.8373,85.8371,30.0,,
28.75292274,77.11721153,19.933,-2.2293,-6.2806,86.1117,-30.0,,
28.75292274,77.11721153,19.933,-2.2293,-6.2806,86.1117,-15.0,,
28.75292274,77.11721153,19.933,-2.2293,-6.2806,86.1117,0.0,19.7934,0.000
28.75292274,77.11721153,19.933,-2.2293,-6.2806,86.1117,15.0,23.7374,15.000
28.75292274,77.11721153,19.933,-2.2293,-6.2806,86.1117,30.0,25.7858,30.000
28.75292290,77.11721469,19.893,-2.2540,-6.2049,86.2940,-30.0,25.5944,-30.000
28.75292290,77.11721469,19.893,-2.2540,-6.2049,86.2940,-15.0,22.9020,-15.000
28.75292290,77.11721469,19.893,-2.2540,-6.2049,86.2940,0.0,19.9789,0.000
28.75292290,77.11721469,19.893,-2.2540,-6.2049,86.2940,15.0,20.0733,15.000
28.75292290,77.11721469,19.893,-2.2540,-6.2049,86.2940,30.0,,
28.75292300,77.11721782,19.856,-2.1215,-6.3204,86.3980,-30.0,24.8460,-30.000
28.75292300,77.11721782,19.856,-2.1215,-6.3204,86.3980,-15.0,21.3255,-15.000
28.75292300,77.11721782,19.856,-2.1215,-6.3204,86.3980,0.0,19.6894,0.000
28.75292300,77.11721782,19.856,-2.1215,-6.3204,86.3980,15.0,20.3671,15.000
28.75292300,77.11721782,19.856,-2.1215,-6.3204,86.3980,30.0,23.7026,30.000
28.75292310,77.11722108,19.818,-2.4773,-6.0818,86.4318,-30.0,,
28.75292310,77.11722108,19.818,-2.4773,-6.0818,86.4318,-15.0,20.1809,-15.000
28.75292310,77.11722108,19.818,-2.4773,-6.0818,86.4318,0.0,20.0962,0.000
28.75292310,77.11722108,19.818,-2.4773,-6.0818,86.4318,15.0,24.2306,15.000
28.75292310,77.11722108,19.818,-2.4773,-6.0818,86.4318,30.0,26.4608,30.000
28.75292321,77.11722432,19.785,-3.0729,-5.7732,86.5122,-30.0,24.7393,-30.000
28.75292321,77.11722432,19.785,-3.0729,-5.7732,86.5122,-15.0,20.4195,-15.000
28.75292321,77.11722432,19.785,-3.0729,-5.7732,86.5122,0.0,,
28.75292321,77.11722432,19.785,-3.0729,-5.7732,86.5122,15.0,,
28.75292321,77.11722432,19.785,-3.0729,-5.7732,86.5122,30.0,,
28.75292340,77.11722756,19.750,-3.5170,-5.5417,86.4369,-30.0,,
28.75292340,77.11722756,19.750,-3.5170,-5.5417,86.4369,-15.0,,
28.75292340,77.11722756,19.750,-3.5170,-5.5417,86.4369,0.0,19.8675,0.000
28.75292340,77.11722756,19.750,-3.5170,-5.5417,86.4369,15.0,23.8598,15.000
28.75292340,77.11722756,19.750,-3.5170,-5.5417,86.4369,30.0,26.0422,30.000
28.75292360,77.11723084,19.735,-3.4849,-4.9430,86.5311,-30.0,25.1816,-29.425
28.75292360,77.11723084,19.735,-3.4849,-4.9430,86.5311,-15.0,21.8078,-15.000
28.75292360,77.11723084,19.735,-3.4849,-4.9430,86.5311,0.0,19.7433,0.000
28.75292360,77.11723084,19.735,-3.4849,-4.9430,86.5311,15.0,20.0788,15.000
28.75292360,77.11723084,19.735,-3.4849,-4.9430,86.5311,30.0,23.2126,30.000
28.75292380,77.11723408,19.745,-3.5812,-4.3042,86.1366,-30.0,26.4384,-30.000
28.75292380,77.11723408,19.745,-3.5812,-4.3042,86.1366,-15.0,23.4427,-15.000
28.75292380,77.11723408,19.745,-3.5812,-4.3042,86.1366,0.0,20.0946,0.000
28.75292380,77.11723408,19.745,-3.5812,-4.3042,86.1366,15.0,19.7990,15.000
28.75292380,77.11723408,19.745,-3.5812,-4.3042,86.1366,30.0,22.3570,30.000
28.75292417,77.11723720,19.782,-3.1131,-4.3217,85.4949,-30.0,,
28.75292417,77.11723720,19.782,-3.1131,-4.3217,85.4949,-15.0,,
28.75292417,77.11723720,19.782,-3.1131,-4.3217,85.4949,0.0,19.6838,0.000
28.75292417,77.11723720,19.782,-3.1131,-4.3217,85.4949,15.0,23.1900,15.000
28.75292417,77.11723720,19.782,-3.1131,-4.3217,85.4949,30.0,25.4098,30.000
28.75292450,77.11724022,19.853,-2.7545,-4.7597,84.5209,-30.0,25.6647,-30.000
28.75292450,77.11724022,19.853,-2.7545,-4.7597,84.5209,-15.0,22.8266,-15.000
28.75292450,77.11724022,19.853,-2.7545,-4.7597,84.5209,0.0,,
28.75292450,77.11724022,19.853,-2.7545,-4.7597,84.5209,15.0,,
28.75292450,77.11724022,19.853,-2.7545,-4.7597,84.5209,30.0,,
28.75292490,77.11724333,19.938,-2.3335,-5.1547,83.8072,-30.0,,
28.75292490,77.11724333,19.938,-2.3335,-5.1547,83.8072,-15.0,20.0523,-15.000
28.75292490,77.11724333,19.938,-2.3335,-5.1547,83.8072,0.0,20.1017,0.000
28.75292490,77.11724333,19.938,-2.3335,-5.1547,83.8072,15.0,23.5917,15.244
28.75292490,77.11724333,19.938,-2.3335,-5.1547,83.8072,30.0,26.4111,30.000
28.75292520,77.11724635,20.009,-1.8148,-6.3857,83.7287,-30.0,23.8770,-30.000
28.75292520,77.11724635,20.009,-1.8148,-6.3857,83.7287,-15.0,20.5345,-15.000
28.75292520,77.11724635,20.009,-1.8148,-6.3857,83.7287,0.0,19.8120,0.000
28.75292520,77.11724635,20.009,-1.8148,-6.3857,83.7287,15.0,21.4037,15.000
28.75292520,77.11724635,20.009,-1.8148,-6.3857,83.7287,30.0,25.0319,30.000
28.75292550,77.11724937,20.038,-1.4342,-6.6677,84.4199,-30.0,26.3342,-30.000
28.75292550,77.11724937,20.038,-1.4342,-6.6677,84.4199,-15.0,23.8123,-15.000
28.75292550,77.11724937,20.038,-1.4342,-6.6677,84.4199,0.0,20.1388,0.000
28.75292550,77.11724937,20.038,-1.4342,-6.6677,84.4199,15.0,20.4100,15.000
28.75292550,77.11724937,20.038,-1.4342,-6.6677,84.4199,30.0,,
28.75292578,77.11725254,20.024,-1.9553,-5.9690,85.1027,-30.0,,
28.75292578,77.11725254,20.024,-1.9553,-5.9690,85.1027,-15.0,,
28.75292578,77.11725254,20.024,-1.9553,-5.9690,85.1027,0.0,,
28.75292578,77.11725254,20.024,-1.9553,-5.9690,85.1027,15.0,21.2352,15.000
28.75292578,77.11725254,20.024,-1.9553,-5.9690,85.1027,30.0,25.5759,30.000
28.75292600,77.11725576,20.005,-2.4375,-4.5275,85.0697,-30.0,26.1182,-30.000
28.75292600,77.11725576,20.005,-2.4375,-4.5275,85.0697,-15.0,23.9573,-15.000
28.75292600,77.11725576,20.005,-2.4375,-4.5275,85.0697,0.0,19.8537,0.000
28.75292600,77.11725576,20.005,-2.4375,-4.5275,85.0697,15.0,,
28.75292600,77.11725576,20.005,-2.4375,-4.5275,85.0697,30.0,,
28.75292638,77.11725885,19.997,-3.2844,-2.7300,83.7471,-30.0,23.1139,-30.000
28.75292638,77.11725885,19.997,-3.2844,-2.7300,83.7471,-15.0,20.0757,-15.000
28.75292638,77.11725885,19.997,-3.2844,-2.7300,83.7471,0.0,19.7911,0.000
28.75292638,77.11725885,19.997,-3.2844,-2.7300,83.7471,15.0,21.9000,15.000
28.75292638,77.11725885,19.997,-3.2844,-2.7300,83.7471,30.0,25.1166,30.000
28.75292682,77.11726164,20.001,-4.6086,-1.9126,80.5456,-30.0,22.8797,-30.000
28.75292682,77.11726164,20.001,-4.6086,-1.9126,80.5456,-15.0,19.9056,-15.000
28.75292682,77.11726164,20.001,-4.6086,-1.9126,80.5456,0.0,19.8502,0.000
28.75292682,77.11726164,20.001,-4.6086,-1.9126,80.5456,15.0,22.4900,15.000
28.75292682,77.11726164,20.001,-4.6086,-1.9126,80.5456,30.0,25.5915,30.738
28.75292745,77.11726404,20.022,-6.2743,-2.5542,74.3285,-30.0,26.8828,-30.000
28.75292745,77.11726404,20.022,-6.2743,-2.5542,74.3285,-15.0,24.5632,-15.000
28.75292745,77.11726404,20.022,-6.2743,-2.5542,74.3285,0.0,19.7593,0.000
28.75292745,77.11726404,20.022,-6.2743,-2.5542,74.3285,15.0,,
28.75292745,77.11726404,20.022,-6.2743,-2.5542,74.3285,30.0,,
28.75292840,77.11726599,20.062,-6.9618,-3.6514,65.5477,-30.0,,
28.75292840,77.11726599,20.062,-6.9618,-3.6514,65.5477,-15.0,,
28.75292840,77.11726599,20.062,-6.9618,-3.6514,65.5477,0.0,,
28.75292840,77.11726599,20.062,-6.9618,-3.6514,65.5477,15.0,21.2859,15.000
28.75292840,77.11726599,20.062,-6.9618,-3.6514,65.5477,30.0,24.0436,30.000
28.75292954,77.11726754,20.099,-7.4078,-5.7527,53.6492,-30.0,28.6731,-30.000
28.75292954,77.11726754,20.099,-7.4078,-5.7527,53.6492,-15.0,24.9263,-15.000
28.75292954,77.11726754,20.099,-7.4078,-5.7527,53.6492,0.0,20.2600,0.000
28.75292954,77.11726754,20.099,-7.4078,-5.7527,53.6492,15.0,19.7236,15.000
28.75292954,77.11726754,20.099,-7.4078,-5.7527,53.6492,30.0,,
28.75293115,77.11726875,20.123,-6.2934,-8.2490,40.2294,-30.0,25.7503,-30.000
28.75293115,77.11726875,20.123,-6.2934,-8.2490,40.2294,-15.0,21.5218,-15.000
28.75293115,77.11726875,20.123,-6.2934,-8.2490,40.2294,0.0,19.6857,0.000
28.75293115,77.11726875,20.123,-6.2934,-8.2490,40.2294,15.0,20.2930,15.000
28.75293115,77.11726875,20.123,-6.2934,-8.2490,40.2294,30.0,23.2283,30.000
28.75293311,77.11726965,20.130,-3.8587,-9.7755,25.8421,-30.0,,
28.75293311,77.11726965,20.130,-3.8587,-9.7755,25.8421,-15.0,20.0357,-15.000
28.75293311,77.11726965,20.130,-3.8587,-9.7755,25.8421,0.0,20.0422,0.000
28.75293311,77.11726965,20.130,-3.8587,-9.7755,25.8421,15.0,23.3343,15.000
28.75293311,77.11726965,20.130,-3.8587,-9.7755,25.8421,30.0,25.2454,30.000
28.75293548,77.11727040,20.105,-0.9183,-9.3594,11.3163,-30.0,24.6656,-30.000
28.75293548,77.11727040,20.105,-0.9183,-9.3594,11.3163,-15.0,21.4875,-15.000
28.75293548,77.11727040,20.105,-0.9183,-9.3594,11.3163,0.0,,
28.75293548,77.11727040,20.105,-0.9183,-9.3594,11.3163,15.0,,
28.75293548,77.11727040,20.105,-0.9183,-9.3594,11.3163,30.0,,
28.75293819,77.11727103,20.038,0.4135,-7.3028,0.1009,-30.0,,
28.75293819,77.11727103,20.038,0.4135,-7.3028,0.1009,-15.0,,
28.75293819,77.11727103,20.038,0.4135,-7.3028,0.1009,0.0,19.8238,0.000
28.75293819,77.11727103,20.038,0.4135,-7.3028,0.1009,15.0,24.8543,15.000
28.75293819,77.11727103,20.038,0.4135,-7.3028,0.1009,30.0,27.3137,30.000
28.75294107,77.11727150,19.935,1.3642,-5.1230,352.9773,-30.0,23.6781,-30.000
28.75294107,77.11727150,19.935,1.3642,-5.1230,352.9773,-15.0,21.1126,-15.000
28.75294107,77.11727150,19.935,1.3642,-5.1230,352.9773,0.0,19.3997,0.000
28.75294107,77.11727150,19.935,1.3642,-5.1230,352.9773,15.0,20.0800,15.000
28.75294107,77.11727150,19.935,1.3642,-5.1230,352.9773,30.0,23.5439,30.000
28.75294415,77.11727180,19.825,2.0046,-3.2871,350.1755,-30.0,23.5743,-30.000
28.75294415,77.11727180,19.825,2.0046,-3.2871,350.1755,-15.0,21.0451,-15.000
28.75294415,77.11727180,19.825,2.0046,-3.2871,350.1755,0.0,19.2890,0.000
28.75294415,77.11727180,19.825,2.0046,-3.2871,350.1755,15.0,19.9287,15.000
28.75294415,77.11727180,19.825,2.0046,-3.2871,350.1755,30.0,23.5078,30.000
28.75294729,77.11727210,19.736,2.7175,-1.9450,350.8474,-30.0,,
28.75294729,77.11727210,19.736,2.7175,-1.9450,350.8474,-15.0,,
28.75294729,77.11727210,19.736,2.7175,-1.9450,350.8474,0.0,19.7732,0.000
28.75294729,77.11727210,19.736,2.7175,-1.9450,350.8474,15.0,25.1366,15.000
28.75294729,77.11727210,19.736,2.7175,-1.9450,350.8474,30.0,27.6089,30.000
28.75295028,77.11727229,19.684,3.2380,-1.5882,353.0301,-30.0,23.1653,-30.000
28.75295028,77.11727229,19.684,3.2380,-1.5882,353.0301,-15.0,20.2410,-15.000
28.75295028,77.11727229,19.684,3.2380,-1.5882,353.0301,0.0,,
28.75295028,77.11727229,19.684,3.2380,-1.5882,353.0301,15.0,,
28.75295028,77.11727229,19.684,3.2380,-1.5882,353.0301,30.0,,
28.75295311,77.11727240,19.663,4.0266,-1.7616,356.1679,-30.0,,
28.75295311,77.11727240,19.663,4.0266,-1.7616,356.1679,-15.0,19.3220,-15.000
28.75295311,77.11727240,19.663,4.0266,-1.7616,356.1679,0.0,20.1219,0.000
28.75295311,77.11727240,19.663,4.0266,-1.7616,356.1679,15.0,25.3715,15.000
28.75295311,77.11727240,19.663,4.0266,-1.7616,356.1679,30.0,29.1163,30.000
28.75295582,77.11727240,19.656,4.8732,-2.9012,358.2694,-30.0,21.9284,-30.000
28.75295582,77.11727240,19.656,4.8732,-2.9012,358.2694,-15.0,19.7719,-15.000
28.75295582,77.11727240,19.656,4.8732,-2.9012,358.2694,0.0,19.4281,0.000
28.75295582,77.11727240,19.656,4.8732,-2.9012,358.2694,15.0,21.2284,15.000
28.75295582,77.11727240,19.656,4.8732,-2.9012,358.2694,30.0,25.8884,30.000
28.75295835,77.11727240,19.657,4.9840,-4.0115,359.6905,-30.0,23.3893,-30.000
28.75295835,77.11727240,19.657,4.9840,-4.0115,359.6905,-15.0,21.6527,-15.000
28.75295835,77.11727240,19.657,4.9840,-4.0115,359.6905,0.0,19.4323,0.000
28.75295835,77.11727240,19.657,4.9840,-4.0115,359.6905,15.0,20.3537,15.000
28.75295835,77.11727240,19.657,4.9840,-4.0115,359.6905,30.0,,
28.75296092,77.11727260,19.654,4.1759,-4.7271,1.0631,-30.0,,
28.75296092,77.11727260,19.654,4.1759,-4.7271,1.0631,-15.0,,
28.75296092,77.11727260,19.654,4.1759,-4.7271,1.0631,0.0,,
28.75296092,77.11727260,19.654,4.1759,-4.7271,1.0631,15.0,23.9966,15.000
28.75296092,77.11727260,19.654,4.1759,-4.7271,1.0631,30.0,28.3635,30.000
28.75296351,77.11727290,19.652,3.7107,-4.5505,2.1037,-30.0,23.5065,-30.000
28.75296351,77.11727290,19.652,3.7107,-4.5505,2.1037,-15.0,22.1455,-15.000
28.75296351,77.11727290,19.652,3.7107,-4.5505,2.1037,0.0,19.5172,0.000
28.75296351,77.11727290,19.652,3.7107,-4.5505,2.1037,15.0,,
28.75296351,77.11727290,19.652,3.7107,-4.5505,2.1037,30.0,,
28.75296613,77.11727310,19.654,3.1200,-4.4142,2.5562,-30.0,21.3583,-30.000
28.75296613,77.11727310,19.654,3.1200,-4.4142,2.5562,-15.0,19.6336,-15.000
28.75296613,77.11727310,19.654,3.1200,-4.4142,2.5562,0.0,20.3970,0.000
28.75296613,77.11727310,19.654,3.1200,-4.4142,2.5562,15.0,24.1543,15.000
28.75296613,77.11727310,19.654,3.1200,-4.4142,2.5562,30.0,28.2414,30.711
28.75296867,77.11727329,19.673,2.7648,-4.2092,2.8301,-30.0,22.0768,-30.000
28.75296867,77.11727329,19.673,2.7648,-4.2092,2.8301,-15.0,19.8631,-15.000
28.75296867,77.11727329,19.673,2.7648,-4.2092,2.8301,0.0,20.1358,0.000
28.75296867,77.11727329,19.673,2.7648,-4.2092,2.8301,15.0,22.8926,15.000
28.75296867,77.11727329,19.673,2.7648,-4.2092,2.8301,30.0,27.7124,30.000
28.75297114,77.11727340,19.698,2.9580,-5.3514,2.6619,-30.0,24.3241,-30.000
28.75297114,77.11727340,19.698,2.9580,-5.3514,2.6619,-15.0,22.8126,-15.000
28.75297114,77.11727340,19.698,2.9580,-5.3514,2.6619,0.0,19.8632,0.000
28.75297114,77.11727340,19.698,2.9580,-5.3514,2.6619,15.0,,
28.75297114,77.11727340,19.698,2.9580,-5.3514,2.6619,30.0,,
28.75297375,77.11727360,19.739,2.8555,-5.9245,2.8651,-30.0,,
28.75297375,77.11727360,19.739,2.8555,-5.9245,2.8651,-15.0,,
28.75297375,77.11727360,19.739,2.8555,-5.9245,2.8651,0.0,,
28.75297375,77.11727360,19.739,2.8555,-5.9245,2.8651,15.0,22.0654,15.000
28.75297375,77.11727360,19.739,2.8555,-5.9245,2.8651,30.0,27.9114,30.267
28.75297637,77.11727360,19.772,3.0272,-6.0064,2.6285,-30.0,24.8472,-30.000
28.75297637,77.11727360,19.772,3.0272,-6.0064,2.6285,-15.0,22.8795,-15.000
28.75297637,77.11727360,19.772,3.0272,-6.0064,2.6285,0.0,20.0144,0.000
28.75297637,77.11727360,19.772,3.0272,-6.0064,2.6285,15.0,21.2855,15.000
28.75297637,77.11727360,19.772,3.0272,-6.0064,2.6285,30.0,,
28.75297903,77.11727370,19.800,3.0175,-5.9992,2.2478,-30.0,22.7377,-30.000
28.75297903,77.11727370,19.800,3.0175,-5.9992,2.2478,-15.0,20.3259,-15.000
28.75297903,77.11727370,19.800,3.0175,-5.9992,2.2478,0.0,20.3133,0.000
28.75297903,77.11727370,19.800,3.0175,-5.9992,2.2478,15.0,22.8577,15.000
28.75297903,77.11727370,19.800,3.0175,-5.9992,2.2478,30.0,26.6915,29.645
28.75298167,77.11727370,19.814,3.3491,-6.0843,1.3260,-30.0,,
28.75298167,77.11727370,19.814,3.3491,-6.0843,1.3260,-15.0,20.1551,-15.000
28.75298167,77.11727370,19.814,3.3491,-6.0843,1.3260,0.0,21.2633,0.000
28.75298167,77.11727370,19.814,3.3491,-6.0843,1.3260,15.0,26.2069,15.000
28.75298167,77.11727370,19.814,3.3491,-6.0843,1.3260,30.0,30.3706,30.000
28.75298446,77.11727370,19.824,3.2524,-6.3036,0.5928,-30.0,24.2155,-30.000
28.75298446,77.11727370,19.824,3.2524,-6.3036,0.5928,-15.0,22.1276,-15.000
28.75298446,77.11727370,19.824,3.2524,-6.3036,0.5928,0.0,,
28.75298446,77.11727370,19.824,3.2524,-6.3036,0.5928,15.0,,
28.75298446,77.11727370,19.824,3.2524,-6.3036,0.5928,30.0,,
28.75298729,77.11727380,19.835,2.9608,-6.0779,0.2995,-30.0,,
28.75298729,77.11727380,19.835,2.9608,-6.0779,0.2995,-15.0,,
28.75298729,77.11727380,19.835,2.9608,-6.0779,0.2995,0.0,20.3462,0.000
28.75298729,77.11727380,19.835,2.9608,-6.0779,0.2995,15.0,25.8201,15.000
28.75298729,77.11727380,19.835,2.9608,-6.0779,0.2995,30.0,28.7499,30.000
28.75299022,77.11727390,19.839,2.3967,-5.3537,0.5755,-30.0,24.7645,-30.000
28.75299022,77.11727390,19.839,2.3967,-5.3537,0.5755,-15.0,22.5339,-15.000
28.75299022,77.11727390,19.839,2.3967,-5.3537,0.5755,0.0,20.3540,0.000
28.75299022,77.11727390,19.839,2.3967,-5.3537,0.5755,15.0,21.1332,15.000
28.75299022,77.11727390,19.839,2.3967,-5.3537,0.5755,30.0,,
28.75299314,77.11727398,19.835,2.3119,-4.4128,1.0576,-30.0,24.2446,-30.000
28.75299314,77.11727398,19.835,2.3119,-4.4128,1.0576,-15.0,21.3612,-15.000
28.75299314,77.11727398,19.835,2.3119,-4.4128,1.0576,0.0,20.2948,0.000
28.75299314,77.11727398,19.835,2.3119,-4.4128,1.0576,15.0,21.6108,15.000
28.75299314,77.11727398,19.835,2.3119,-4.4128,1.0576,30.0,26.1580,30.000
28.75299614,77.11727400,19.834,2.5432,-3.9447,1.4681,-30.0,,
28.75299614,77.11727400,19.834,2.5432,-3.9447,1.4681,-15.0,20.6119,-15.000
28.75299614,77.11727400,19.834,2.5432,-3.9447,1.4681,0.0,21.3082,0.000
28.75299614,77.11727400,19.834,2.5432,-3.9447,1.4681,15.0,26.8096,15.000
28.75299614,77.11727400,19.834,2.5432,-3.9447,1.4681,30.0,29.7831,30.000
28.75299907,77.11727400,19.843,2.5942,-3.9098,2.1002,-30.0,23.9668,-30.000
28.75299907,77.11727400,19.843,2.5942,-3.9098,2.1002,-15.0,20.7319,-15.150
28.75299907,77.11727400,19.843,2.5942,-3.9098,2.1002,0.0,,
28.75299907,77.11727400,19.843,2.5942,-3.9098,2.1002,15.0,,
28.75299907,77.11727400,19.843,2.5942,-3.9098,2.1002,30.0,,
28.75300201,77.11727400,19.859,2.8392,-4.1357,2.5557,-30.0,,
28.75300201,77.11727400,19.859,2.8392,-4.1357,2.5557,-15.0,,
28.75300201,77.11727400,19.859,2.8392,-4.1357,2.5557,0.0,21.1536,0.000
28.75300201,77.11727400,19.859,2.8392,-4.1357,2.5557,15.0,26.9631,15.000
28.75300201,77.11727400,19.859,2.8392,-4.1357,2.5557,30.0,30.1562,30.000
28.75300490,77.11727390,19.873,3.0491,-4.0379,2.4435,-30.0,24.4245,-30.000
28.75300490,77.11727390,19.873,3.0491,-4.0379,2.4435,-15.0,21.7243,-15.000
28.75300490,77.11727390,19.873,3.0491,-4.0379,2.4435,0.0,20.4944,0.000
28.75300490,77.11727390,19.873,3.0491,-4.0379,2.4435,15.0,21.6567,15.000
28.75300490,77.11727390,19.873,3.0491,-4.0379,2.4435,30.0,26.1851,30.000
28.75300780,77.11727390,19.876,2.8137,-4.0427,2.4098,-30.0,25.2827,-30.000
28.75300780,77.11727390,19.876,2.8137,-4.0427,2.4098,-15.0,23.0412,-15.000
28.75300780,77.11727390,19.876,2.8137,-4.0427,2.4098,0.0,20.6873,0.000
28.75300780,77.11727390,19.876,2.8137,-4.0427,2.4098,15.0,21.1959,15.000
28.75300780,77.11727390,19.876,2.8137,-4.0427,2.4098,30.0,25.0198,30.000
28.75301069,77.11727390,19.871,2.6460,-3.9226,2.0983,-30.0,,
28.75301069,77.11727390,19.871,2.6460,-3.9226,2.0983,-15.0,,
28.75301069,77.11727390,19.871,2.6460,-3.9226,2.0983,0.0,20.8165,0.000
28.75301069,77.11727390,19.871,2.6460,-3.9226,2.0983,15.0,26.4324,15.000
28.75301069,77.11727390,19.871,2.6460,-3.9226,2.0983,30.0,29.3196,30.000
28.75301339,77.11727390,19.861,3.0428,-3.9516,1.9225,-30.0,24.9559,-30.000
28.75301339,77.11727390,19.861,3.0428,-3.9516,1.9225,-15.0,22.7944,-15.000
28.75301339,77.11727390,19.861,3.0428,-3.9516,1.9225,0.0,,
28.75301339,77.11727390,19.861,3.0428,-3.9516,1.9225,15.0,,
28.75301339,77.11727390,19.861,3.0428,-3.9516,1.9225,30.0,,
28.75301612,77.11727390,19.849,2.8741,-3.9340,1.6835,-30.0,,
28.75301612,77.11727390,19.849,2.8741,-3.9340,1.6835,-15.0,20.7635,-15.000
28.75301612,77.11727390,19.849,2.8741,-3.9340,1.6835,0.0,21.5753,0.000
28.75301612,77.11727390,19.849,2.8741,-3.9340,1.6835,15.0,26.2723,15.000
28.75301612,77.11727390,19.849,2.8741,-3.9340,1.6835,30.0,30.2157,30.000
28.75301883,77.11727400,19.845,2.7140,-3.9991,1.5358,-30.0,23.9235,-30.000
28.75301883,77.11727400,19.845,2.7140,-3.9991,1.5358,-15.0,21.1805,-15.000
28.75301883,77.11727400,19.845,2.7140,-3.9991,1.5358,0.0,20.9204,0.000
28.75301883,77.11727400,19.845,2.7140,-3.9991,1.5358,15.0,23.3816,15.000
28.75301883,77.11727400,19.845,2.7140,-3.9991,1.5358,30.0,28.2768,30.000
28.75302158,77.11727400,19.843,2.6000,-4.0994,1.2539,-30.0,25.9782,-30.000
28.75302158,77.11727400,19.843,2.6000,-4.0994,1.2539,-15.0,23.9770,-15.000
28.75302158,77.11727400,19.843,2.6000,-4.0994,1.2539,0.0,20.9461,0.000
28.75302158,77.11727400,19.843,2.6000,-4.0994,1.2539,15.0,21.9486,15.000
28.75302158,77.11727400,19.843,2.6000,-4.0994,1.2539,30.0,,
28.75302427,77.11727400,19.844,2.8836,-4.1829,0.9543,-30.0,,
28.75302427,77.11727400,19.844,2.8836,-4.1829,0.9543,-15.0,,
28.75302427,77.11727400,19.844,2.8836,-4.1829,0.9543,0.0,,
28.75302427,77.11727400,19.844,2.8836,-4.1829,0.9543,15.0,23.2810,15.000
28.75302427,77.11727400,19.844,2.8836,-4.1829,0.9543,30.0,28.9099,30.000
28.75302710,77.11727400,19.845,2.8360,-4.0316,0.7848,-30.0,25.9091,-30.000
28.75302710,77.11727400,19.845,2.8360,-4.0316,0.7848,-15.0,24.0834,-15.000
28.75302710,77.11727400,19.845,2.8360,-4.0316,0.7848,0.0,20.9177,0.000
28.75302710,77.11727400,19.845,2.8360,-4.0316,0.7848,15.0,,
28.75302710,77.11727400,19.845,2.8360,-4.0316,0.7848,30.0,,
28.75302983,77.11727400,19.843,2.7207,-3.9194,0.7232,-30.0,23.4319,-30.000
28.75302983,77.11727400,19.843,2.7207,-3.9194,0.7232,-15.0,21.1143,-15.000
28.75302983,77.11727400,19.843,2.7207,-3.9194,0.7232,0.0,21.4805,0.000
28.75302983,77.11727400,19.843,2.7207,-3.9194,0.7232,15.0,24.7666,15.000
28.75302983,77.11727400,19.843,2.7207,-3.9194,0.7232,30.0,29.5214,30.000
28.75303262,77.11727400,19.842,2.5647,-3.8765,0.6686,-30.0,23.1144,-30.000
28.75303262,77.11727400,19.842,2.5647,-3.8765,0.6686,-15.0,21.0965,-15.000
28.75303262,77.11727400,19.842,2.5647,-3.8765,0.6686,0.0,21.8891,0.000
28.75303262,77.11727400,19.842,2.5647,-3.8765,0.6686,15.0,25.9677,15.000
28.75303262,77.11727400,19.842,2.5647,-3.8765,0.6686,30.0,30.1713,30.000
28.75303533,77.11727400,19.857,2.8948,-3.7643,0.6762,-30.0,25.7918,-30.000
28.75303533,77.11727400,19.857,2.8948,-3.7643,0.6762,-15.0,24.1574,-15.000
28.75303533,77.11727400,19.857,2.8948,-3.7643,0.6762,0.0,21.1419,0.000
28.75303533,77.11727400,19.857,2.8948,-3.7643,0.6762,15.0,,
28.75303533,77.11727400,19.857,2.8948,-3.7643,0.6762,30.0,,
28.75303804,77.11727400,19.875,3.4096,-3.8144,0.5477,-30.0,,
28.75303804,77.11727400,19.875,3.4096,-3.8144,0.5477,-15.0,,
28.75303804,77.11727400,19.875,3.4096,-3.8144,0.5477,0.0,,
28.75303804,77.11727400,19.875,3.4096,-3.8144,0.5477,15.0,25.4411,15.000
28.75303804,77.11727400,19.875,3.4096,-3.8144,0.5477,30.0,30.2533,30.000
28.75304074,77.11727400,19.896,3.7531,-4.0361,0.1299,-30.0,26.2222,-30.000
28.75304074,77.11727400,19.896,3.7531,-4.0361,0.1299,-15.0,23.9377,-15.000
28.75304074,77.11727400,19.896,3.7531,-4.0361,0.1299,0.0,21.2910,0.000
28.75304074,77.11727400,19.896,3.7531,-4.0361,0.1299,15.0,22.2673,15.000
28.75304074,77.11727400,19.896,3.7531,-4.0361,0.1299,30.0,,
28.75304344,77.11727400,19.913,3.3089,-4.1013,0.1937,-30.0,24.5787,-30.000
28.75304344,77.11727400,19.913,3.3089,-4.1013,0.1937,-15.0,21.9718,-15.000
28.75304344,77.11727400,19.913,3.3089,-4.1013,0.1937,0.0,21.3911,0.000
28.75304344,77.11727400,19.913,3.3089,-4.1013,0.1937,15.0,23.3652,15.000
28.75304344,77.11727400,19.913,3.3089,-4.1013,0.1937,30.0,28.5058,30.000
28.75304614,77.11727400,19.924,2.9042,-3.8046,0.6968,-30.0,,
28.75304614,77.11727400,19.924,2.9042,-3.8046,0.6968,-15.0,21.4406,-15.000
28.75304614,77.11727400,19.924,2.9042,-3.8046,0.6968,0.0,22.5021,0.000
28.75304614,77.11727400,19.924,2.9042,-3.8046,0.6968,15.0,28.1184,15.000
28.75304614,77.11727400,19.924,2.9042,-3.8046,0.6968,30.0,32.0214,30.000
28.75304885,77.11727410,19.935,2.8270,-3.9688,0.9773,-30.0,25.6272,-30.000
28.75304885,77.11727410,19.935,2.8270,-3.9688,0.9773,-15.0,22.5981,-15.000
28.75304885,77.11727410,19.935,2.8270,-3.9688,0.9773,0.0,,
28.75304885,77.11727410,19.935,2.8270,-3.9688,0.9773,15.0,,
28.75304885,77.11727410,19.935,2.8270,-3.9688,0.9773,30.0,,
28.75305160,77.11727410,19.951,2.8666,-4.1903,1.3043,-30.0,,
28.75305160,77.11727410,19.951,2.8666,-4.1903,1.3043,-15.0,,
28.75305160,77.11727410,19.951,2.8666,-4.1903,1.3043,0.0,22.0219,0.000
28.75305160,77.11727410,19.951,2.8666,-4.1903,1.3043,15.0,28.2514,14.800
28.75305160,77.11727410,19.951,2.8666,-4.1903,1.3043,30.0,31.1337,30.000
28.75305438,77.11727410,19.978,3.6610,-3.7055,1.1996,-30.0,25.7720,-30.000
28.75305438,77.11727410,19.978,3.6610,-3.7055,1.1996,-15.0,23.1282,-15.000
28.75305438,77.11727410,19.978,3.6610,-3.7055,1.1996,0.0,21.5018,0.000
28.75305438,77.11727410,19.978,3.6610,-3.7055,1.1996,15.0,22.5192,15.000
28.75305438,77.11727410,19.978,3.6610,-3.7055,1.1996,30.0,26.7161,30.000
28.75305719,77.11727410,20.002,4.2248,-3.3092,0.7360,-30.0,25.8039,-30.000
28.75305719,77.11727410,20.002,4.2248,-3.3092,0.7360,-15.0,23.2728,-15.000
28.75305719,77.11727410,20.002,4.2248,-3.3092,0.7360,0.0,21.5677,0.000
28.75305719,77.11727410,20.002,4.2248,-3.3092,0.7360,15.0,22.5559,15.000
28.75305719,77.11727410,20.002,4.2248,-3.3092,0.7360,30.0,27.0729,30.000
28.75306012,77.11727400,20.020,4.2591,-3.2589,359.9227,-30.0,,
28.75306012,77.11727400,20.020,4.2591,-3.2589,359.9227,-15.0,,
28.75306012,77.11727400,20.020,4.2591,-3.2589,359.9227,0.0,22.3607,0.000
28.75306012,77.11727400,20.020,4.2591,-3.2589,359.9227,15.0,29.0433,15.000
28.75306012,77.11727400,20.020,4.2591,-3.2589,359.9227,30.0,32.2792,30.000
28.75306294,77.11727400,20.041,4.3101,-3.2827,359.0182,-30.0,25.6077,-30.000
28.75306294,77.11727400,20.041,4.3101,-3.2827,359.0182,-15.0,22.6593,-15.000
28.75306294,77.11727400,20.041,4.3101,-3.2827,359.0182,0.0,,
28.75306294,77.11727400,20.041,4.3101,-3.2827,359.0182,15.0,,
28.75306294,77.11727400,20.041,4.3101,-3.2827,359.0182,30.0,,
28.75306586,77.11727400,20.060,3.5892,-3.2109,358.3572,-30.0,,
28.75306586,77.11727400,20.060,3.5892,-3.2109,358.3572,-15.0,21.7355,-15.000
28.75306586,77.11727400,20.060,3.5892,-3.2109,358.3572,0.0,22.7270,0.000
28.75306586,77.11727400,20.060,3.5892,-3.2109,358.3572,15.0,28.6330,15.000
28.75306586,77.11727400,20.060,3.5892,-3.2109,358.3572,30.0,32.2931,30.000
28.75306876,77.11727410,20.080,3.5131,-2.4268,358.8954,-30.0,25.0145,-30.000
28.75306876,77.11727410,20.080,3.5131,-2.4268,358.8954,-15.0,22.3496,-15.000
28.75306876,77.11727410,20.080,3.5131,-2.4268,358.8954,0.0,21.7775,0.000
28.75306876,77.11727410,20.080,3.5131,-2.4268,358.8954,15.0,23.7278,15.000
28.75306876,77.11727410,20.080,3.5131,-2.4268,358.8954,30.0,28.8759,30.000
28.75307159,77.11727410,20.109,3.9642,-2.4440,359.6831,-30.0,26.6288,-30.000
28.75307159,77.11727410,20.109,3.9642,-2.4440,359.6831,-15.0,24.6525,-15.000
28.75307159,77.11727410,20.109,3.9642,-2.4440,359.6831,0.0,21.8386,0.000
28.75307159,77.11727410,20.109,3.9642,-2.4440,359.6831,15.0,22.6299,15.000
28.75307159,77.11727410,20.109,3.9642,-2.4440,359.6831,30.0,,
28.75307429,77.11727420,20.128,4.1932,-3.1732,0.4307,-30.0,,
28.75307429,77.11727420,20.128,4.1932,-3.1732,0.4307,-15.0,,
28.75307429,77.11727420,20.128,4.1932,-3.1732,0.4307,0.0,,
28.75307429,77.11727420,20.128,4.1932,-3.1732,0.4307,15.0,25.9484,15.000
28.75307429,77.11727420,20.128,4.1932,-3.1732,0.4307,30.0,31.3443,30.000
28.75307704,77.11727430,20.144,3.9996,-3.3733,0.9973,-30.0,26.3753,-30.000
28.75307704,77.11727430,20.144,3.9996,-3.3733,0.9973,-15.0,24.6713,-15.000
28.75307704,77.11727430,20.144,3.9996,-3.3733,0.9973,0.0,21.7364,0.000
28.75307704,77.11727430,20.144,3.9996,-3.3733,0.9973,15.0,,
28.75307704,77.11727430,20.144,3.9996,-3.3733,0.9973,30.0,,
28.75307975,77.11727440,20.152,3.7026,-3.8956,0.9332,-30.0,23.7788,-30.000
28.75307975,77.11727440,20.152,3.7026,-3.8956,0.9332,-15.0,21.8233,-15.000
28.75307975,77.11727440,20.152,3.7026,-3.8956,0.9332,0.0,22.5491,0.000
28.75307975,77.11727440,20.152,3.7026,-3.8956,0.9332,15.0,26.6915,15.288
28.75307975,77.11727440,20.152,3.7026,-3.8956,0.9332,30.0,31.4277,30.000
28.75308248,77.11727450,20.155,3.6302,-3.5070,1.1100,-30.0,24.0329,-30.000
28.75308248,77.11727450,20.155,3.6302,-3.5070,1.1100,-15.0,21.8745,-15.000
28.75308248,77.11727450,20.155,3.6302,-3.5070,1.1100,0.0,22.3362,0.000
28.75308248,77.11727450,20.155,3.6302,-3.5070,1.1100,15.0,25.5964,15.000
28.75308248,77.11727450,20.155,3.6302,-3.5070,1.1100,30.0,30.9037,30.000
28.75308532,77.11727450,20.159,4.3382,-3.0775,1.0937,-30.0,26.6886,-30.000
28.75308532,77.11727450,20.159,4.3382,-3.0775,1.0937,-15.0,24.8657,-15.000
28.75308532,77.11727450,20.159,4.3382,-3.0775,1.0937,0.0,21.7489,0.000
28.75308532,77.11727450,20.159,4.3382,-3.0775,1.0937,15.0,,
28.75308532,77.11727450,20.159,4.3382,-3.0775,1.0937,30.0,,
28.75308810,77.11727460,20.163,4.3188,-3.2131,0.5107,-30.0,,
28.75308810,77.11727460,20.163,4.3188,-3.2131,0.5107,-15.0,,
28.75308810,77.11727460,20.163,4.3188,-3.2131,0.5107,0.0,,
28.75308810,77.11727460,20.163,4.3188,-3.2131,0.5107,15.0,24.9684,15.000
28.75308810,77.11727460,20.163,4.3188,-3.2131,0.5107,30.0,31.1744,30.000
28.75309104,77.11727470,20.165,4.0971,-3.0415,359.9876,-30.0,26.5144,-30.000
28.75309104,77.11727470,20.165,4.0971,-3.0415,359.9876,-15.0,24.6610,-15.000
28.75309104,77.11727470,20.165,4.0971,-3.0415,359.9876,0.0,21.7500,0.000
28.75309104,77.11727470,20.165,4.0971,-3.0415,359.9876,15.0,23.1276,15.000
28.75309104,77.11727470,20.165,4.0971,-3.0415,359.9876,30.0,,
28.75309390,77.11727480,20.156,3.7243,-2.9334,359.6555,-30.0,24.6847,-30.000
28.75309390,77.11727480,20.156,3.7243,-2.9334,359.6555,-15.0,22.0739,-15.000
28.75309390,77.11727480,20.156,3.7243,-2.9334,359.6555,0.0,21.9140,0.000
28.75309390,77.11727480,20.156,3.7243,-2.9334,359.6555,15.0,24.4321,15.000
28.75309390,77.11727480,20.156,3.7243,-2.9334,359.6555,30.0,29.4502,30.000
28.75309678,77.11727490,20.154,3.4418,-2.5650,0.2547,-30.0,,
28.75309678,77.11727490,20.154,3.4418,-2.5650,0.2547,-15.0,21.6956,-15.000
28.75309678,77.11727490,20.154,3.4418,-2.5650,0.2547,0.0,22.8482,0.000
28.75309678,77.11727490,20.154,3.4418,-2.5650,0.2547,15.0,28.5014,15.497
28.75309678,77.11727490,20.154,3.4418,-2.5650,0.2547,30.0,32.4888,30.000
28.75309972,77.11727500,20.155,3.6443,-2.2941,1.1074,-30.0,25.9512,-30.000
28.75309972,77.11727500,20.155,3.6443,-2.2941,1.1074,-15.0,23.5816,-15.000
28.75309972,77.11727500,20.155,3.6443,-2.2941,1.1074,0.0,,
28.75309972,77.11727500,20.155,3.6443,-2.2941,1.1074,15.0,,
28.75309972,77.11727500,20.155,3.6443,-2.2941,1.1074,30.0,,
28.75310256,77.11727500,20.159,4.2840,-2.1345,1.7582,-30.0,,
28.75310256,77.11727500,20.159,4.2840,-2.1345,1.7582,-15.0,,
28.75310256,77.11727500,20.159,4.2840,-2.1345,1.7582,0.0,21.9287,0.000
28.75310256,77.11727500,20.159,4.2840,-2.1345,1.7582,15.0,28.4139,15.000
28.75310256,77.11727500,20.159,4.2840,-2.1345,1.7582,30.0,31.6100,30.000
28.75310530,77.11727500,20.164,4.2786,-2.0323,2.3628,-30.0,25.8545,-30.000
28.75310530,77.11727500,20.164,4.2786,-2.0323,2.3628,-15.0,23.6587,-15.000
28.75310530,77.11727500,20.164,4.2786,-2.0323,2.3628,0.0,21.6578,0.000
28.75310530,77.11727500,20.164,4.2786,-2.0323,2.3628,15.0,22.6437,15.000
28.75310530,77.11727500,20.164,4.2786,-2.0323,2.3628,30.0,27.2837,30.000
28.75310801,77.11727500,20.171,4.0030,-2.5000,2.7328,-30.0,25.5334,-30.000
28.75310801,77.11727500,20.171,4.0030,-2.5000,2.7328,-15.0,22.6692,-15.000
28.75310801,77.11727500,20.171,4.0030,-2.5000,2.7328,0.0,21.6173,0.000
28.75310801,77.11727500,20.171,4.0030,-2.5000,2.7328,15.0,23.0413,15.000
28.75310801,77.11727500,20.171,4.0030,-2.5000,2.7328,30.0,27.9170,30.000
28.75311069,77.11727510,20.177,4.2217,-2.8955,2.6139,-30.0,,
28.75311069,77.11727510,20.177,4.2217,-2.8955,2.6139,-15.0,,
28.75311069,77.11727510,20.177,4.2217,-2.8955,2.6139,0.0,22.6703,0.000
28.75311069,77.11727510,20.177,4.2217,-2.8955,2.6139,15.0,28.9928,15.000
28.75311069,77.11727510,20.177,4.2217,-2.8955,2.6139,30.0,32.4369,30.000
28.75311331,77.11727520,20.172,3.6417,-3.8478,2.0309,-30.0,25.2021,-30.000
28.75311331,77.11727520,20.172,3.6417,-3.8478,2.0309,-15.0,22.0231,-15.000
28.75311331,77.11727520,20.172,3.6417,-3.8478,2.0309,0.0,,
28.75311331,77.11727520,20.172,3.6417,-3.8478,2.0309,15.0,,
28.75311331,77.11727520,20.172,3.6417,-3.8478,2.0309,30.0,,
28.75311602,77.11727530,20.166,3.5621,-3.8658,1.2811,-30.0,,
28.75311602,77.11727530,20.166,3.5621,-3.8658,1.2811,-15.0,21.8175,-15.000
28.75311602,77.11727530,20.166,3.5621,-3.8658,1.2811,0.0,22.5037,0.000
28.75311602,77.11727530,20.166,3.5621,-3.8658,1.2811,15.0,28.7169,15.000
28.75311602,77.11727530,20.166,3.5621,-3.8658,1.2811,30.0,31.9436,30.000
28.75311884,77.11727550,20.160,3.6388,-3.1338,0.7251,-30.0,25.2803,-30.000
28.75311884,77.11727550,20.160,3.6388,-3.1338,0.7251,-15.0,22.5629,-15.000
28.75311884,77.11727550,20.160,3.6388,-3.1338,0.7251,0.0,21.5582,0.000
28.75311884,77.11727550,20.160,3.6388,-3.1338,0.7251,15.0,23.0313,15.000
28.75311884,77.11727550,20.160,3.6388,-3.1338,0.7251,30.0,28.1710,30.000
28.75312171,77.11727570,20.151,3.4585,-2.6070,0.4182,-30.0,26.7750,-30.000
28.75312171,77.11727570,20.151,3.4585,-2.6070,0.4182,-15.0,24.2640,-15.000
28.75312171,77.11727570,20.151,3.4585,-2.6070,0.4182,0.0,21.6496,0.000
28.75312171,77.11727570,20.151,3.4585,-2.6070,0.4182,15.0,22.2142,15.000
28.75312171,77.11727570,20.151,3.4585,-2.6070,0.4182,30.0,,
28.75312460,77.11727580,20.139,3.2762,-2.5029,0.3294,-30.0,,
28.75312460,77.11727580,20.139,3.2762,-2.5029,0.3294,-15.0,,
28.75312460,77.11727580,20.139,3.2762,-2.5029,0.3294,0.0,,
28.75312460,77.11727580,20.139,3.2762,-2.5029,0.3294,15.0,27.1875,15.000
28.75312460,77.11727580,20.139,3.2762,-2.5029,0.3294,30.0,30.8958,30.000
28.75312751,77.11727600,20.139,3.6037,-1.7891,0.4633,-30.0,25.8376,-30.000
28.75312751,77.11727600,20.139,3.6037,-1.7891,0.4633,-15.0,23.9202,-15.000
28.75312751,77.11727600,20.139,3.6037,-1.7891,0.4633,0.0,,
28.75312751,77.11727600,20.139,3.6037,-1.7891,0.4633,15.0,,
28.75312751,77.11727600,20.139,3.6037,-1.7891,0.4633,30.0,,
28.75313033,77.11727610,20.145,3.6434,-0.4118,0.6619,-30.0,,
28.75313033,77.11727610,20.145,3.6434,-0.4118,0.6619,-15.0,21.4999,-15.000
28.75313033,77.11727610,20.145,3.6434,-0.4118,0.6619,0.0,22.3208,0.000
28.75313033,77.11727610,20.145,3.6434,-0.4118,0.6619,15.0,27.0131,15.000
28.75313033,77.11727610,20.145,3.6434,-0.4118,0.6619,30.0,31.1428,30.000
28.75313292,77.11727620,20.143,3.5380,1.4443,0.7657,-30.0,24.4268,-30.000
28.75313292,77.11727620,20.143,3.5380,1.4443,0.7657,-15.0,21.7409,-15.000
28.75313292,77.11727620,20.143,3.5380,1.4443,0.7657,0.0,21.6990,0.000
28.75313292,77.11727620,20.143,3.5380,1.4443,0.7657,15.0,24.3984,15.000
28.75313292,77.11727620,20.143,3.5380,1.4443,0.7657,30.0,29.7763,30.000
28.75313529,77.11727630,20.126,3.1801,2.5769,0.7591,-30.0,26.4351,-30.000
28.75313529,77.11727630,20.126,3.1801,2.5769,0.7591,-15.0,24.6904,-15.000
28.75313529,77.11727630,20.126,3.1801,2.5769,0.7591,0.0,21.5535,0.000
28.75313529,77.11727630,20.126,3.1801,2.5769,0.7591,15.0,22.8217,14.990
28.75313529,77.11727630,20.126,3.1801,2.5769,0.7591,30.0,,
28.75313723,77.11727650,20.098,2.6320,3.6915,0.8215,-30.0,,
28.75313723,77.11727650,20.098,2.6320,3.6915,0.8215,-15.0,,
28.75313723,77.11727650,20.098,2.6320,3.6915,0.8215,0.0,,
28.75313723,77.11727650,20.098,2.6320,3.6915,0.8215,15.0,23.0823,15.000
28.75313723,77.11727650,20.098,2.6320,3.6915,0.8215,30.0,29.0805,30.000
28.75313876,77.11727656,20.072,2.5693,4.5718,1.1596,-30.0,27.0233,-30.000
28.75313876,77.11727656,20.072,2.5693,4.5718,1.1596,-15.0,24.9097,-15.000
28.75313876,77.11727656,20.072,2.5693,4.5718,1.1596,0.0,21.4755,0.000
28.75313876,77.11727656,20.072,2.5693,4.5718,1.1596,15.0,,
28.75313876,77.11727656,20.072,2.5693,4.5718,1.1596,30.0,,
28.75313982,77.11727660,20.062,2.6137,4.4668,2.1757,-30.0,24.3204,-30.000
28.75313982,77.11727660,20.062,2.6137,4.4668,2.1757,-15.0,21.6689,-15.000
28.75313982,77.11727660,20.062,2.6137,4.4668,2.1757,0.0,21.7791,0.000
28.75313982,77.11727660,20.062,2.6137,4.4668,2.1757,15.0,24.6753,15.000
28.75313982,77.11727660,20.062,2.6137,4.4668,2.1757,30.0,29.3374,30.000
28.75314045,77.11727650,20.059,2.5825,3.4067,2.0982,-30.0,23.5003,-30.000
28.75314045,77.11727650,20.059,2.5825,3.4067,2.0982,-15.0,21.4220,-15.000
28.75314045,77.11727650,20.059,2.5825,3.4067,2.0982,0.0,22.3063,0.000
28.75314045,77.11727650,20.059,2.5825,3.4067,2.0982,15.0,26.7406,15.000
28.75314045,77.11727650,20.059,2.5825,3.4067,2.0982,30.0,30.8172,30.000
28.75314078,77.11727630,20.063,3.4245,2.1849,355.8169,-30.0,26.1934,-30.000
28.75314078,77.11727630,20.063,3.4245,2.1849,355.8169,-15.0,24.3881,-15.000
28.75314078,77.11727630,20.063,3.4245,2.1849,355.8169,0.0,21.3584,0.000
28.75314078,77.11727630,20.063,3.4245,2.1849,355.8169,15.0,,
28.75314078,77.11727630,20.063,3.4245,2.1849,355.8169,30.0,,
28.75314090,77.11727617,20.088,4.2947,1.3335,344.4126,-30.0,,
28.75314090,77.11727617,20.088,4.2947,1.3335,344.4126,-15.0,,
28.75314090,77.11727617,20.088,4.2947,1.3335,344.4126,0.0,,
28.75314090,77.11727617,20.088,4.2947,1.3335,344.4126,15.0,26.4745,15.000
28.75314090,77.11727617,20.088,4.2947,1.3335,344.4126,30.0,30.6680,30.000
28.75314110,77.11727630,20.112,3.8657,0.4971,330.5909,-30.0,26.1026,-30.000
28.75314110,77.11727630,20.112,3.8657,0.4971,330.5909,-15.0,23.8010,-15.000
28.75314110,77.11727630,20.112,3.8657,0.4971,330.5909,0.0,21.3480,0.000
28.75314110,77.11727630,20.112,3.8657,0.4971,330.5909,15.0,22.3949,15.000
28.75314110,77.11727630,20.112,3.8657,0.4971,330.5909,30.0,,
28.75314144,77.11727650,20.131,2.9460,0.0187,314.8045,-30.0,24.8509,-30.000
28.75314144,77.11727650,20.131,2.9460,0.0187,314.8045,-15.0,22.1222,-15.000
28.75314144,77.11727650,20.131,2.9460,0.0187,314.8045,0.0,21.3097,0.000
28.75314144,77.11727650,20.131,2.9460,0.0187,314.8045,15.0,23.0750,15.000
28.75314144,77.11727650,20.131,2.9460,0.0187,314.8045,30.0,28.0896,30.000
28.75314207,77.11727697,20.152,1.5995,0.8289,298.1845,-30.0,,
28.75314207,77.11727697,20.152,1.5995,0.8289,298.1845,-15.0,21.4547,-15.000
28.75314207,77.11727697,20.152,1.5995,0.8289,298.1845,0.0,22.2354,0.000
28.75314207,77.11727697,20.152,1.5995,0.8289,298.1845,15.0,27.7603,15.000
28.75314207,77.11727697,20.152,1.5995,0.8289,298.1845,30.0,31.4055,30.000
28.75314302,77.11727722,20.148,-0.5668,0.5876,281.0457,-30.0,25.7562,-30.000
28.75314302,77.11727722,20.148,-0.5668,0.5876,281.0457,-15.0,22.3320,-15.000
28.75314302,77.11727722,20.148,-0.5668,0.5876,281.0457,0.0,,
28.75314302,77.11727722,20.148,-0.5668,0.5876,281.0457,15.0,,
28.75314302,77.11727722,20.148,-0.5668,0.5876,281.0457,30.0,,
28.75314416,77.11727750,20.130,-2.4648,-0.2569,265.8272,-30.0,,
28.75314416,77.11727750,20.130,-2.4648,-0.2569,265.8272,-15.0,,
28.75314416,77.11727750,20.130,-2.4648,-0.2569,265.8272,0.0,21.5636,0.000
28.75314416,77.11727750,20.130,-2.4648,-0.2569,265.8272,15.0,26.4171,15.000
28.75314416,77.11727750,20.130,-2.4648,-0.2569,265.8272,30.0,28.0529,30.000
28.75314529,77.11727741,20.106,-3.6618,-0.6691,252.2436,-30.0,27.3310,-30.000
28.75314529,77.11727741,20.106,-3.6618,-0.6691,252.2436,-15.0,23.7088,-15.000
28.75314529,77.11727741,20.106,-3.6618,-0.6691,252.2436,0.0,21.3700,0.000
28.75314529,77.11727741,20.106,-3.6618,-0.6691,252.2436,15.0,21.6856,15.000
28.75314529,77.11727741,20.106,-3.6618,-0.6691,252.2436,30.0,25.0235,30.000
28.75314630,77.11727700,20.087,-5.3703,-0.5883,240.0934,-30.0,28.0803,-30.000
28.75314630,77.11727700,20.087,-5.3703,-0.5883,240.0934,-15.0,24.6494,-15.000
28.75314630,77.11727700,20.087,-5.3703,-0.5883,240.0934,0.0,21.6723,0.000
28.75314630,77.11727700,20.087,-5.3703,-0.5883,240.0934,15.0,21.3182,15.000
28.75314630,77.11727700,20.087,-5.3703,-0.5883,240.0934,30.0,23.7467,30.000
28.75314710,77.11727621,20.074,-7.1491,-0.6481,228.2018,-30.0,,
28.75314710,77.11727621,20.074,-7.1491,-0.6481,228.2018,-15.0,,
28.75314710,77.11727621,20.074,-7.1491,-0.6481,228.2018,0.0,21.1713,0.000
28.75314710,77.11727621,20.074,-7.1491,-0.6481,228.2018,15.0,24.7345,15.000
28.75314710,77.11727621,20.074,-7.1491,-0.6481,228.2018,30.0,26.7162,30.000
28.75314750,77.11727527,20.067,-7.8150,-1.2078,215.9262,-30.0,29.5713,-29.987
28.75314750,77.11727527,20.067,-7.8150,-1.2078,215.9262,-15.0,24.9714,-15.000
28.75314750,77.11727527,20.067,-7.8150,-1.2078,215.9262,0.0,,
28.75314750,77.11727527,20.067,-7.8150,-1.2078,215.9262,15.0,,
28.75314750,77.11727527,20.067,-7.8150,-1.2078,215.9262,30.0,,
28.75314760,77.11727443,20.060,-7.9273,-1.3965,202.8797,-30.0,,
28.75314760,77.11727443,20.060,-7.9273,-1.3965,202.8797,-15.0,22.0851,-15.000
28.75314760,77.11727443,20.060,-7.9273,-1.3965,202.8797,0.0,21.2536,0.000
28.75314760,77.11727443,20.060,-7.9273,-1.3965,202.8797,15.0,24.1080,15.000
28.75314760,77.11727443,20.060,-7.9273,-1.3965,202.8797,30.0,26.5760,30.000
28.75314740,77.11727358,20.046,-7.9438,-2.6101,190.2984,-30.0,28.0618,-30.000
28.75314740,77.11727358,20.046,-7.9438,-2.6101,190.2984,-15.0,23.3076,-15.000
28.75314740,77.11727358,20.046,-7.9438,-2.6101,190.2984,0.0,21.2392,0.000
28.75314740,77.11727358,20.046,-7.9438,-2.6101,190.2984,15.0,21.7884,15.000
28.75314740,77.11727358,20.046,-7.9438,-2.6101,190.2984,30.0,24.5373,30.000
28.75314700,77.11727281,20.023,-7.8417,-3.6448,180.3203,-30.0,30.9538,-30.000
28.75314700,77.11727281,20.023,-7.8417,-3.6448,180.3203,-15.0,27.6340,-15.000
28.75314700,77.11727281,20.023,-7.8417,-3.6448,180.3203,0.0,22.2384,0.000
28.75314700,77.11727281,20.023,-7.8417,-3.6448,180.3203,15.0,21.2696,15.000
28.75314700,77.11727281,20.023,-7.8417,-3.6448,180.3203,30.0,,
28.75314640,77.11727229,19.980,-8.6595,-2.5419,176.4444,-30.0,,
28.75314640,77.11727229,19.980,-8.6595,-2.5419,176.4444,-15.0,,
28.75314640,77.11727229,19.980,-8.6595,-2.5419,176.4444,0.0,,
28.75314640,77.11727229,19.980,-8.6595,-2.5419,176.4444,15.0,22.4677,15.000
28.75314640,77.11727229,19.980,-8.6595,-2.5419,176.4444,30.0,25.5115,30.000
28.75314570,77.11727200,19.907,-9.6608,-1.2804,176.9382,-30.0,31.1887,-30.000
28.75314570,77.11727200,19.907,-9.6608,-1.2804,176.9382,-15.0,28.3832,-15.000
28.75314570,77.11727200,19.907,-9.6608,-1.2804,176.9382,0.0,21.6627,0.000
28.75314570,77.11727200,19.907,-9.6608,-1.2804,176.9382,15.0,,
28.75314570,77.11727200,19.907,-9.6608,-1.2804,176.9382,30.0,,
28.75314510,77.11727220,19.836,-8.6355,-0.4856,179.7173,-30.0,26.7363,-30.000
28.75314510,77.11727220,19.836,-8.6355,-0.4856,179.7173,-15.0,22.3262,-15.000
28.75314510,77.11727220,19.836,-8.6355,-0.4856,179.7173,0.0,21.1877,0.000
28.75314510,77.11727220,19.836,-8.6355,-0.4856,179.7173,15.0,22.7613,15.000
28.75314510,77.11727220,19.836,-8.6355,-0.4856,179.7173,30.0,25.3380,30.000
28.75314450,77.11727273,19.782,-7.1616,-0.2062,183.2343,-30.0,26.1199,-30.000
28.75314450,77.11727273,19.782,-7.1616,-0.2062,183.2343,-15.0,22.1244,-15.000
28.75314450,77.11727273,19.782,-7.1616,-0.2062,183.2343,0.0,21.2513,0.000
28.75314450,77.11727273,19.782,-7.1616,-0.2062,183.2343,15.0,22.7899,15.000
28.75314450,77.11727273,19.782,-7.1616,-0.2062,183.2343,30.0,25.4414,30.000
28.75314402,77.11727368,19.754,-5.6584,-0.3459,186.4900,-30.0,30.4763,-30.000
28.75314402,77.11727368,19.754,-5.6584,-0.3459,186.4900,-15.0,27.4814,-15.000
28.75314402,77.11727368,19.754,-5.6584,-0.3459,186.4900,0.0,21.7118,0.000
28.75314402,77.11727368,19.754,-5.6584,-0.3459,186.4900,15.0,,
28.75314402,77.11727368,19.754,-5.6584,-0.3459,186.4900,30.0,,
28.75314359,77.11727481,19.749,-4.3767,-0.2233,188.5860,-30.0,,
28.75314359,77.11727481,19.749,-4.3767,-0.2233,188.5860,-15.0,,
28.75314359,77.11727481,19.749,-4.3767,-0.2233,188.5860,0.0,,
28.75314359,77.11727481,19.749,-4.3767,-0.2233,188.5860,15.0,22.7708,15.000
28.75314359,77.11727481,19.749,-4.3767,-0.2233,188.5860,30.0,26.6769,30.000
28.75314320,77.11727586,19.770,-3.5739,0.0620,189.3052,-30.0,29.0977,-30.000
28.75314320,77.11727586,19.770,-3.5739,0.0620,189.3052,-15.0,26.4639,-15.000
28.75314320,77.11727586,19.770,-3.5739,0.0620,189.3052,0.0,21.8765,0.000
28.75314320,77.11727586,19.770,-3.5739,0.0620,189.3052,15.0,21.8280,15.000
28.75314320,77.11727586,19.770,-3.5739,0.0620,189.3052,30.0,,
28.75314279,77.11727681,19.813,-3.2693,0.2310,188.8899,-30.0,26.5509,-30.000
28.75314279,77.11727681,19.813,-3.2693,0.2310,188.8899,-15.0,22.6428,-15.000
28.75314279,77.11727681,19.813,-3.2693,0.2310,188.8899,0.0,21.5138,0.000
28.75314279,77.11727681,19.813,-3.2693,0.2310,188.8899,15.0,22.8998,15.000
28.75314279,77.11727681,19.813,-3.2693,0.2310,188.8899,30.0,26.4394,30.000
28.75314240,77.11727754,19.837,-3.3155,0.5218,188.1787,-30.0,,
28.75314240,77.11727754,19.837,-3.3155,0.5218,188.1787,-15.0,21.9597,-15.000
28.75314240,77.11727754,19.837,-3.3155,0.5218,188.1787,0.0,22.0351,0.000
28.75314240,77.11727754,19.837,-3.3155,0.5218,188.1787,15.0,25.8791,15.000
28.75314240,77.11727754,19.837,-3.3155,0.5218,188.1787,30.0,28.5081,30.000
28.75314210,77.11727808,19.798,-2.8604,0.9168,187.3334,-30.0,28.2099,-30.000
28.75314210,77.11727808,19.798,-2.8604,0.9168,187.3334,-15.0,24.7967,-15.000
28.75314210,77.11727808,19.798,-2.8604,0.9168,187.3334,0.0,,
28.75314210,77.11727808,19.798,-2.8604,0.9168,187.3334,15.0,,
28.75314210,77.11727808,19.798,-2.8604,0.9168,187.3334,30.0,,
28.75314190,77.11727840,19.687,-2.8341,1.4377,186.6447,-30.0,,
28.75314190,77.11727840,19.687,-2.8341,1.4377,186.6447,-15.0,,
28.75314190,77.11727840,19.687,-2.8341,1.4377,186.6447,0.0,21.6033,0.000
28.75314190,77.11727840,19.687,-2.8341,1.4377,186.6447,15.0,25.9545,15.000
28.75314190,77.11727840,19.687,-2.8341,1.4377,186.6447,30.0,28.1169,30.000
28.75314180,77.11727850,19.515,-2.5994,1.4021,186.1728,-30.0,27.9958,-30.000
28.75314180,77.11727850,19.515,-2.5994,1.4021,186.1728,-15.0,24.8844,-15.000
28.75314180,77.11727850,19.515,-2.5994,1.4021,186.1728,0.0,21.8216,0.000
28.75314180,77.11727850,19.515,-2.5994,1.4021,186.1728,15.0,21.8043,15.000
28.75314180,77.11727850,19.515,-2.5994,1.4021,186.1728,30.0,24.8754,30.000
28.75314190,77.11727850,19.342,-3.0224,1.1473,186.2260,-30.0,27.5784,-30.000
28.75314190,77.11727850,19.342,-3.0224,1.1473,186.2260,-15.0,23.5767,-15.000
28.75314190,77.11727850,19.342,-3.0224,1.1473,186.2260,0.0,21.3757,0.000
28.75314190,77.11727850,19.342,-3.0224,1.1473,186.2260,15.0,21.7236,15.000
28.75314190,77.11727850,19.342,-3.0224,1.1473,186.2260,30.0,24.9283,30.000
28.75314200,77.11727840,19.149,-3.7865,0.6704,186.5584,-30.0,,
28.75314200,77.11727840,19.149,-3.7865,0.6704,186.5584,-15.0,,
28.75314200,77.11727840,19.149,-3.7865,0.6704,186.5584,0.0,21.2445,0.000
28.75314200,77.11727840,19.149,-3.7865,0.6704,186.5584,15.0,25.7315,15.482
28.75314200,77.11727840,19.149,-3.7865,0.6704,186.5584,30.0,27.9520,30.000
28.75314200,77.11727838,18.943,-4.6981,0.4426,186.7844,-30.0,27.0899,-30.000
28.75314200,77.11727838,18.943,-4.6981,0.4426,186.7844,-15.0,22.0682,-15.000
28.75314200,77.11727838,18.943,-4.6981,0.4426,186.7844,0.0,,
28.75314200,77.11727838,18.943,-4.6981,0.4426,186.7844,15.0,,
28.75314200,77.11727838,18.943,-4.6981,0.4426,186.7844,30.0,,
28.75314220,77.11727810,18.715,-5.0020,-0.0397,186.7938,-30.0,,
28.75314220,77.11727810,18.715,-5.0020,-0.0397,186.7938,-15.0,21.3802,-15.000
28.75314220,77.11727810,18.715,-5.0020,-0.0397,186.7938,0.0,20.6697,0.000
28.75314220,77.11727810,18.715,-5.0020,-0.0397,186.7938,15.0,24.2957,15.000
28.75314220,77.11727810,18.715,-5.0020,-0.0397,186.7938,30.0,25.9201,30.000
28.75314239,77.11727790,18.443,-5.3162,-0.0347,186.8147,-30.0,26.1247,-30.000
28.75314239,77.11727790,18.443,-5.3162,-0.0347,186.8147,-15.0,22.2683,-15.000
28.75314239,77.11727790,18.443,-5.3162,-0.0347,186.8147,0.0,20.1649,0.000
28.75314239,77.11727790,18.443,-5.3162,-0.0347,186.8147,15.0,20.5224,15.000
28.75314239,77.11727790,18.443,-5.3162,-0.0347,186.8147,30.0,23.6612,30.000
28.75314250,77.11727770,18.142,-5.1017,-0.1626,186.6708,-30.0,28.0735,-30.000
28.75314250,77.11727770,18.142,-5.1017,-0.1626,186.6708,-15.0,24.3612,-15.000
28.75314250,77.11727770,18.142,-5.1017,-0.1626,186.6708,0.0,20.2559,0.000
28.75314250,77.11727770,18.142,-5.1017,-0.1626,186.6708,15.0,19.6186,15.000
28.75314250,77.11727770,18.142,-5.1017,-0.1626,186.6708,30.0,,
28.75314270,77.11727750,17.825,-5.2782,0.1241,186.6677,-30.0,,
28.75314270,77.11727750,17.825,-5.2782,0.1241,186.6677,-15.0,,
28.75314270,77.11727750,17.825,-5.2782,0.1241,186.6677,0.0,,
28.75314270,77.11727750,17.825,-5.2782,0.1241,186.6677,15.0,22.0047,15.000
28.75314270,77.11727750,17.825,-5.2782,0.1241,186.6677,30.0,24.2174,30.000
28.75314280,77.11727730,17.517,-5.1127,0.1108,186.7818,-30.0,25.6962,-30.000
28.75314280,77.11727730,17.517,-5.1127,0.1108,186.7818,-15.0,23.0261,-15.000
28.75314280,77.11727730,17.517,-5.1127,0.1108,186.7818,0.0,19.0321,-0.140
28.75314280,77.11727730,17.517,-5.1127,0.1108,186.7818,15.0,,
28.75314280,77.11727730,17.517,-5.1127,0.1108,186.7818,30.0,,
28.75314300,77.11727720,17.217,-5.4014,-0.0405,186.9386,-30.0,,
28.75314300,77.11727720,17.217,-5.4014,-0.0405,186.9386,-15.0,19.0263,-15.000
28.75314300,77.11727720,17.217,-5.4014,-0.0405,186.9386,0.0,18.6366,0.000
28.75314300,77.11727720,17.217,-5.4014,-0.0405,186.9386,15.0,20.9741,15.000
28.75314300,77.11727720,17.217,-5.4014,-0.0405,186.9386,30.0,23.1722,30.000
28.75314310,77.11727720,16.908,-5.1704,-0.4887,186.5791,-30.0,22.3648,-30.000
28.75314310,77.11727720,16.908,-5.1704,-0.4887,186.5791,-15.0,18.8746,-15.000
28.75314310,77.11727720,16.908,-5.1704,-0.4887,186.5791,0.0,17.9946,0.000
28.75314310,77.11727720,16.908,-5.1704,-0.4887,186.5791,15.0,19.2604,15.000
28.75314310,77.11727720,16.908,-5.1704,-0.4887,186.5791,30.0,22.2660,30.000
28.75314330,77.11727720,16.575,-4.9898,-0.5476,186.5970,-30.0,25.1861,-30.000
28.75314330,77.11727720,16.575,-4.9898,-0.5476,186.5970,-15.0,22.3504,-15.000
28.75314330,77.11727720,16.575,-4.9898,-0.5476,186.5970,0.0,18.0664,0.000
28.75314330,77.11727720,16.575,-4.9898,-0.5476,186.5970,15.0,17.8122,14.990
28.75314330,77.11727720,16.575,-4.9898,-0.5476,186.5970,30.0,,
28.75314340,77.11727721,16.222,-4.7148,-0.7073,186.5527,-30.0,,
28.75314340,77.11727721,16.222,-4.7148,-0.7073,186.5527,-15.0,,
28.75314340,77.11727721,16.222,-4.7148,-0.7073,186.5527,0.0,,
28.75314340,77.11727721,16.222,-4.7148,-0.7073,186.5527,15.0,17.9409,15.000
28.75314340,77.11727721,16.222,-4.7148,-0.7073,186.5527,30.0,21.0671,30.000
28.75314350,77.11727730,15.860,-4.5264,-0.8910,186.5686,-30.0,23.2648,-30.000
28.75314350,77.11727730,15.860,-4.5264,-0.8910,186.5686,-15.0,21.1421,-15.000
28.75314350,77.11727730,15.860,-4.5264,-0.8910,186.5686,0.0,17.2395,0.000
28.75314350,77.11727730,15.860,-4.5264,-0.8910,186.5686,15.0,,
28.75314350,77.11727730,15.860,-4.5264,-0.8910,186.5686,30.0,,
28.75314360,77.11727740,15.500,-4.2976,-0.7841,186.7896,-30.0,20.2523,-30.000
28.75314360,77.11727740,15.500,-4.2976,-0.7841,186.7896,-15.0,17.1053,-15.000
28.75314360,77.11727740,15.500,-4.2976,-0.7841,186.7896,0.0,16.4489,0.000
28.75314360,77.11727740,15.500,-4.2976,-0.7841,186.7896,15.0,17.7775,15.000
28.75314360,77.11727740,15.500,-4.2976,-0.7841,186.7896,30.0,20.3392,30.000
28.75314360,77.11727760,15.138,-4.6732,-0.7040,186.7308,-30.0,18.5058,-30.000
28.75314360,77.11727760,15.138,-4.6732,-0.7040,186.7308,-15.0,16.1545,-15.000
28.75314360,77.11727760,15.138,-4.6732,-0.7040,186.7308,0.0,16.2129,0.000
28.75314360,77.11727760,15.138,-4.6732,-0.7040,186.7308,15.0,18.6321,15.000
28.75314360,77.11727760,15.138,-4.6732,-0.7040,186.7308,30.0,20.9324,30.000
28.75314360,77.11727770,14.743,-4.1447,-0.6946,186.8095,-30.0,21.2772,-30.000
28.75314360,77.11727770,14.743,-4.1447,-0.6946,186.8095,-15.0,19.2355,-15.000
28.75314360,77.11727770,14.743,-4.1447,-0.6946,186.8095,0.0,15.4644,0.000
28.75314360,77.11727770,14.743,-4.1447,-0.6946,186.8095,15.0,,
28.75314360,77.11727770,14.743,-4.1447,-0.6946,186.8095,30.0,,
28.75314360,77.11727780,14.319,-3.6490,-0.5579,186.7632,-30.0,,
28.75314360,77.11727780,14.319,-3.6490,-0.5579,186.7632,-15.0,,
28.75314360,77.11727780,14.319,-3.6490,-0.5579,186.7632,0.0,,
28.75314360,77.11727780,14.319,-3.6490,-0.5579,186.7632,15.0,17.3077,15.000
28.75314360,77.11727780,14.319,-3.6490,-0.5579,186.7632,30.0,19.2845,30.000
28.75314360,77.11727780,13.899,-3.3132,0.8599,186.5006,-30.0,20.1898,-30.000
28.75314360,77.11727780,13.899,-3.3132,0.8599,186.5006,-15.0,17.9828,-15.000
28.75314360,77.11727780,13.899,-3.3132,0.8599,186.5006,0.0,15.2473,0.000
28.75314360,77.11727780,13.899,-3.3132,0.8599,186.5006,15.0,15.2153,15.000
28.75314360,77.11727780,13.899,-3.3132,0.8599,186.5006,30.0,,
28.75314370,77.11727780,13.492,-3.8697,2.1634,186.1046,-30.0,18.5846,-30.000
28.75314370,77.11727780,13.492,-3.8697,2.1634,186.1046,-15.0,15.7874,-15.000
28.75314370,77.11727780,13.492,-3.8697,2.1634,186.1046,0.0,14.5348,0.000
28.75314370,77.11727780,13.492,-3.8697,2.1634,186.1046,15.0,15.0244,15.000
28.75314370,77.11727780,13.492,-3.8697,2.1634,186.1046,30.0,17.3326,30.000
28.75314400,77.11727770,13.120,-5.8616,2.2121,185.8544,-30.0,,
28.75314400,77.11727770,13.120,-5.8616,2.2121,185.8544,-15.0,14.6030,-15.000
28.75314400,77.11727770,13.120,-5.8616,2.2121,185.8544,0.0,14.3558,0.000
28.75314400,77.11727770,13.120,-5.8616,2.2121,185.8544,15.0,16.9284,15.000
28.75314400,77.11727770,13.120,-5.8616,2.2121,185.8544,30.0,18.8927,30.000
28.75314449,77.11727780,12.786,-6.8351,0.0941,185.5038,-30.0,18.9544,-30.000
28.75314449,77.11727780,12.786,-6.8351,0.0941,185.5038,-15.0,15.4259,-15.000
28.75314449,77.11727780,12.786,-6.8351,0.0941,185.5038,0.0,,
28.75314449,77.11727780,12.786,-6.8351,0.0941,185.5038,15.0,,
28.75314449,77.11727780,12.786,-6.8351,0.0941,185.5038,30.0,,
28.75314490,77.11727820,12.485,-6.6410,-0.3078,185.4610,-30.0,,
28.75314490,77.11727820,12.485,-6.6410,-0.3078,185.4610,-15.0,,
28.75314490,77.11727820,12.485,-6.6410,-0.3078,185.4610,0.0,13.7558,0.000
28.75314490,77.11727820,12.485,-6.6410,-0.3078,185.4610,15.0,15.9725,15.448
28.75314490,77.11727820,12.485,-6.6410,-0.3078,185.4610,30.0,16.8656,30.000
28.75314540,77.11727866,12.200,-5.8137,-0.2459,185.7012,-30.0,18.0974,-30.000
28.75314540,77.11727866,12.200,-5.8137,-0.2459,185.7012,-15.0,15.4231,-15.000
28.75314540,77.11727866,12.200,-5.8137,-0.2459,185.7012,0.0,13.6431,0.000
28.75314540,77.11727866,12.200,-5.8137,-0.2459,185.7012,15.0,13.5827,15.000
28.75314540,77.11727866,12.200,-5.8137,-0.2459,185.7012,30.0,15.2529,30.000
28.75314580,77.11727941,11.918,-4.9754,0.3480,186.2795,-30.0,18.2010,-30.000
28.75314580,77.11727941,11.918,-4.9754,0.3480,186.2795,-15.0,15.8025,-15.000
28.75314580,77.11727941,11.918,-4.9754,0.3480,186.2795,0.0,13.4952,0.000
28.75314580,77.11727941,11.918,-4.9754,0.3480,186.2795,15.0,13.1648,15.000
28.75314580,77.11727941,11.918,-4.9754,0.3480,186.2795,30.0,14.6317,30.000
28.75314627,77.11728027,11.613,-4.0362,-0.4864,186.6866,-30.0,,
28.75314627,77.11728027,11.613,-4.0362,-0.4864,186.6866,-15.0,,
28.75314627,77.11728027,11.613,-4.0362,-0.4864,186.6866,0.0,12.8291,0.000
28.75314627,77.11728027,11.613,-4.0362,-0.4864,186.6866,15.0,15.4357,15.000
28.75314627,77.11728027,11.613,-4.0362,-0.4864,186.6866,30.0,16.4088,30.000
28.75314661,77.11728110,11.297,-1.2616,-2.9828,186.9639,-30.0,16.2943,-30.000
28.75314661,77.11728110,11.297,-1.2616,-2.9828,186.9639,-15.0,14.2839,-15.000
28.75314661,77.11728110,11.297,-1.2616,-2.9828,186.9639,0.0,,
28.75314661,77.11728110,11.297,-1.2616,-2.9828,186.9639,15.0,,
28.75314661,77.11728110,11.297,-1.2616,-2.9828,186.9639,30.0,,
28.75314690,77.11728160,11.003,0.1210,-3.1144,187.1283,-30.0,,
28.75314690,77.11728160,11.003,0.1210,-3.1144,187.1283,-15.0,12.6638,-15.000
28.75314690,77.11728160,11.003,0.1210,-3.1144,187.1283,0.0,12.7793,0.000
28.75314690,77.11728160,11.003,0.1210,-3.1144,187.1283,15.0,15.4396,15.000
28.75314690,77.11728160,11.003,0.1210,-3.1144,187.1283,30.0,17.4992,30.000
28.75314700,77.11728180,10.742,-0.9540,-1.4384,187.1698,-30.0,14.4987,-30.000
28.75314700,77.11728180,10.742,-0.9540,-1.4384,187.1698,-15.0,12.6581,-15.000
28.75314700,77.11728180,10.742,-0.9540,-1.4384,187.1698,0.0,12.1264,0.000
28.75314700,77.11728180,10.742,-0.9540,-1.4384,187.1698,15.0,13.0941,15.000
28.75314700,77.11728180,10.742,-0.9540,-1.4384,187.1698,30.0,15.6038,30.000
28.75314700,77.11728180,10.533,-2.1812,-0.5878,186.4463,-30.0,15.7307,-30.000
28.75314700,77.11728180,10.533,-2.1812,-0.5878,186.4463,-15.0,14.3531,-15.000
28.75314700,77.11728180,10.533,-2.1812,-0.5878,186.4463,0.0,12.1435,0.000
28.75314700,77.11728180,10.533,-2.1812,-0.5878,186.4463,15.0,12.1032,15.273
28.75314700,77.11728180,10.533,-2.1812,-0.5878,186.4463,30.0,,
28.75314710,77.11728160,10.401,-4.5917,2.2898,185.3800,-30.0,,
28.75314710,77.11728160,10.401,-4.5917,2.2898,185.3800,-15.0,,
28.75314710,77.11728160,10.401,-4.5917,2.2898,185.3800,0.0,,
28.75314710,77.11728160,10.401,-4.5917,2.2898,185.3800,15.0,13.0447,15.000
28.75314710,77.11728160,10.401,-4.5917,2.2898,185.3800,30.0,15.3304,30.000
28.75314740,77.11728150,10.313,-7.7395,3.3684,184.7404,-30.0,16.6069,-30.000
28.75314740,77.11728150,10.313,-7.7395,3.3684,184.7404,-15.0,15.0827,-15.000
28.75314740,77.11728150,10.313,-7.7395,3.3684,184.7404,0.0,11.8476,0.000
28.75314740,77.11728150,10.313,-7.7395,3.3684,184.7404,15.0,,
28.75314740,77.11728150,10.313,-7.7395,3.3684,184.7404,30.0,,
28.75314790,77.11728170,10.253,-9.2051,2.1586,185.1830,-30.0,14.4434,-30.000
28.75314790,77.11728170,10.253,-9.2051,2.1586,185.1830,-15.0,12.1772,-15.000
28.75314790,77.11728170,10.253,-9.2051,2.1586,185.1830,0.0,11.6275,0.000
28.75314790,77.11728170,10.253,-9.2051,2.1586,185.1830,15.0,12.4973,15.000
28.75314790,77.11728170,10.253,-9.2051,2.1586,185.1830,30.0,13.8440,30.000
28.75314860,77.11728230,10.207,-9.0324,0.9487,186.1762,-30.0,14.5521,-30.000
28.75314860,77.11728230,10.207,-9.0324,0.9487,186.1762,-15.0,12.1447,-15.000
28.75314860,77.11728230,10.207,-9.0324,0.9487,186.1762,0.0,11.5583,0.000
28.75314860,77.11728230,10.207,-9.0324,0.9487,186.1762,15.0,12.3124,15.000
28.75314860,77.11728230,10.207,-9.0324,0.9487,186.1762,30.0,13.7677,30.000
28.75314944,77.11728334,10.153,-7.3284,-0.0923,187.1823,-30.0,17.2837,-30.000
28.75314944,77.11728334,10.153,-7.3284,-0.0923,187.1823,-15.0,15.4279,-15.000
28.75314944,77.11728334,10.153,-7.3284,-0.0923,187.1823,0.0,11.8170,0.000
28.75314944,77.11728334,10.153,-7.3284,-0.0923,187.1823,15.0,,
28.75314944,77.11728334,10.153,-7.3284,-0.0923,187.1823,30.0,,
28.75315028,77.11728458,10.079,-5.9305,-0.8411,187.5657,-30.0,,
28.75315028,77.11728458,10.079,-5.9305,-0.8411,187.5657,-15.0,,
28.75315028,77.11728458,10.079,-5.9305,-0.8411,187.5657,0.0,,
28.75315028,77.11728458,10.079,-5.9305,-0.8411,187.5657,15.0,12.0717,15.000
28.75315028,77.11728458,10.079,-5.9305,-0.8411,187.5657,30.0,14.0199,30.000
28.75315110,77.11728594,10.001,-5.3599,-0.8848,187.8048,-30.0,15.8722,-30.000
28.75315110,77.11728594,10.001,-5.3599,-0.8848,187.8048,-15.0,14.3687,-15.000
28.75315110,77.11728594,10.001,-5.3599,-0.8848,187.8048,0.0,11.7137,0.000
28.75315110,77.11728594,10.001,-5.3599,-0.8848,187.8048,15.0,11.5891,15.000
28.75315110,77.11728594,10.001,-5.3599,-0.8848,187.8048,30.0,,
28.75315189,77.11728749,9.898,-4.9866,-1.2521,188.0270,-30.0,14.3424,-30.000
28.75315189,77.11728749,9.898,-4.9866,-1.2521,188.0270,-15.0,12.0233,-15.000
28.75315189,77.11728749,9.898,-4.9866,-1.2521,188.0270,0.0,11.2735,0.000
28.75315189,77.11728749,9.898,-4.9866,-1.2521,188.0270,15.0,11.8432,15.000
28.75315189,77.11728749,9.898,-4.9866,-1.2521,188.0270,30.0,13.5021,30.000
28.75315263,77.11728893,9.790,-4.2444,-1.8989,187.8270,-30.0,,
28.75315263,77.11728893,9.790,-4.2444,-1.8989,187.8270,-15.0,11.3269,-15.000
28.75315263,77.11728893,9.790,-4.2444,-1.8989,187.8270,0.0,11.3468,0.000
28.75315263,77.11728893,9.790,-4.2444,-1.8989,187.8270,15.0,13.1951,15.000
28.75315263,77.11728893,9.790,-4.2444,-1.8989,187.8270,30.0,14.5039,30.000
28.75315327,77.11729033,9.676,-3.8066,-2.0902,187.8592,-30.0,14.5928,-30.000
28.75315327,77.11729033,9.676,-3.8066,-2.0902,187.8592,-15.0,12.8014,-15.000
28.75315327,77.11729033,9.676,-3.8066,-2.0902,187.8592,0.0,,
28.75315327,77.11729033,9.676,-3.8066,-2.0902,187.8592,15.0,,
28.75315327,77.11729033,9.676,-3.8066,-2.0902,187.8592,30.0,,
28.75315381,77.11729161,9.567,-2.5500,-1.6514,187.6977,-30.0,,
28.75315381,77.11729161,9.567,-2.5500,-1.6514,187.6977,-15.0,,
28.75315381,77.11729161,9.567,-2.5500,-1.6514,187.6977,0.0,10.9825,0.000
28.75315381,77.11729161,9.567,-2.5500,-1.6514,187.6977,15.0,13.1846,15.000
28.75315381,77.11729161,9.567,-2.5500,-1.6514,187.6977,30.0,14.2369,30.000
28.75315440,77.11729277,9.456,-2.9000,-1.4364,187.8345,-30.0,14.1061,-30.000
28.75315440,77.11729277,9.456,-2.9000,-1.4364,187.8345,-15.0,12.5240,-15.000
28.75315440,77.11729277,9.456,-2.9000,-1.4364,187.8345,0.0,10.9868,0.000
28.75315440,77.11729277,9.456,-2.9000,-1.4364,187.8345,15.0,11.0293,15.000
28.75315440,77.11729277,9.456,-2.9000,-1.4364,187.8345,30.0,12.6217,30.000
28.75315490,77.11729380,9.345,-3.0551,-2.4470,187.9059,-30.0,13.8978,-30.000
28.75315490,77.11729380,9.345,-3.0551,-2.4470,187.9059,-15.0,11.8408,-15.000
28.75315490,77.11729380,9.345,-3.0551,-2.4470,187.9059,0.0,10.7521,0.000
28.75315490,77.11729380,9.345,-3.0551,-2.4470,187.9059,15.0,10.9543,15.000
28.75315490,77.11729380,9.345,-3.0551,-2.4470,187.9059,30.0,12.5765,30.000
28.75315520,77.11729470,9.229,-3.7423,-2.8758,188.4894,-30.0,,
28.75315520,77.11729470,9.229,-3.7423,-2.8758,188.4894,-15.0,,
28.75315520,77.11729470,9.229,-3.7423,-2.8758,188.4894,0.0,10.7387,0.000
28.75315520,77.11729470,9.229,-3.7423,-2.8758,188.4894,15.0,12.9181,15.000
28.75315520,77.11729470,9.229,-3.7423,-2.8758,188.4894,30.0,14.1418,30.000
28.75315540,77.11729548,9.119,-3.5312,-3.0448,188.4632,-30.0,13.6436,-30.000
28.75315540,77.11729548,9.119,-3.5312,-3.0448,188.4632,-15.0,11.1297,-15.000
28.75315540,77.11729548,9.119,-3.5312,-3.0448,188.4632,0.0,,
28.75315540,77.11729548,9.119,-3.5312,-3.0448,188.4632,15.0,,
28.75315540,77.11729548,9.119,-3.5312,-3.0448,188.4632,30.0,,
28.75315550,77.11729630,9.041,-4.1562,-1.8026,188.4380,-30.0,,
28.75315550,77.11729630,9.041,-4.1562,-1.8026,188.4380,-15.0,10.8087,-15.000
28.75315550,77.11729630,9.041,-4.1562,-1.8026,188.4380,0.0,10.5605,0.000
28.75315550,77.11729630,9.041,-4.1562,-1.8026,188.4380,15.0,12.5356,15.000
28.75315550,77.11729630,9.041,-4.1562,-1.8026,188.4380,30.0,13.4768,30.000
28.75315560,77.11729707,8.927,-5.4327,-1.1069,188.7586,-30.0,13.4166,-30.000
28.75315560,77.11729707,8.927,-5.4327,-1.1069,188.7586,-15.0,11.3963,-15.000
28.75315560,77.11729707,8.927,-5.4327,-1.1069,188.7586,0.0,10.3425,0.000
28.75315560,77.11729707,8.927,-5.4327,-1.1069,188.7586,15.0,10.5348,15.000
28.75315560,77.11729707,8.927,-5.4327,-1.1069,188.7586,30.0,12.1642,30.000
28.75315560,77.11729801,8.804,-4.5965,-1.4980,188.8314,-30.0,14.4483,-30.000
28.75315560,77.11729801,8.804,-4.5965,-1.4980,188.8314,-15.0,12.5974,-15.000
28.75315560,77.11729801,8.804,-4.5965,-1.4980,188.8314,0.0,10.4845,0.000
28.75315560,77.11729801,8.804,-4.5965,-1.4980,188.8314,15.0,10.1901,15.000
28.75315560,77.11729801,8.804,-4.5965,-1.4980,188.8314,30.0,,
28.75315550,77.11729895,8.693,-3.3404,-1.6262,188.8781,-30.0,,
28.75315550,77.11729895,8.693,-3.3404,-1.6262,188.8781,-15.0,,
28.75315550,77.11729895,8.693,-3.3404,-1.6262,188.8781,0.0,,
28.75315550,77.11729895,8.693,-3.3404,-1.6262,188.8781,15.0,11.5359,15.000
28.75315550,77.11729895,8.693,-3.3404,-1.6262,188.8781,30.0,12.8454,30.000
28.75315540,77.11729971,8.589,-2.9373,-1.1373,188.7654,-30.0,12.9189,-30.000
28.75315540,77.11729971,8.589,-2.9373,-1.1373,188.7654,-15.0,11.8210,-15.000
28.75315540,77.11729971,8.589,-2.9373,-1.1373,188.7654,0.0,9.9939,-0.140
28.75315540,77.11729971,8.589,-2.9373,-1.1373,188.7654,15.0,,
28.75315540,77.11729971,8.589,-2.9373,-1.1373,188.7654,30.0,,
28.75315540,77.11730045,8.484,-2.5070,-0.7918,188.6484,-30.0,,
28.75315540,77.11730045,8.484,-2.5070,-0.7918,188.6484,-15.0,10.0143,-15.000
28.75315540,77.11730045,8.484,-2.5070,-0.7918,188.6484,0.0,9.9836,0.000
28.75315540,77.11730045,8.484,-2.5070,-0.7918,188.6484,15.0,11.4927,15.000
28.75315540,77.11730045,8.484,-2.5070,-0.7918,188.6484,30.0,12.9003,30.000
28.75315540,77.11730100,8.369,-2.1813,-0.5693,188.3951,-30.0,11.6382,-30.000
28.75315540,77.11730100,8.369,-2.1813,-0.5693,188.3951,-15.0,10.0296,-15.000
28.75315540,77.11730100,8.369,-2.1813,-0.5693,188.3951,0.0,9.7252,0.000
28.75315540,77.11730100,8.369,-2.1813,-0.5693,188.3951,15.0,10.5650,15.000
28.75315540,77.11730100,8.369,-2.1813,-0.5693,188.3951,30.0,12.4121,30.000
28.75315540,77.11730140,8.257,-3.4437,-0.4370,188.8264,-30.0,12.9853,-30.000
28.75315540,77.11730140,8.257,-3.4437,-0.4370,188.8264,-15.0,11.8127,-15.000
28.75315540,77.11730140,8.257,-3.4437,-0.4370,188.8264,0.0,9.7935,0.000
28.75315540,77.11730140,8.257,-3.4437,-0.4370,188.8264,15.0,9.8140,14.990
28.75315540,77.11730140,8.257,-3.4437,-0.4370,188.8264,30.0,,
28.75315540,77.11730160,8.170,-0.6357,-1.0976,189.3512,-30.0,,
28.75315540,77.11730160,8.170,-0.6357,-1.0976,189.3512,-15.0,,
28.75315540,77.11730160,8.170,-0.6357,-1.0976,189.3512,0.0,,
28.75315540,77.11730160,8.170,-0.6357,-1.0976,189.3512,15.0,9.9413,15.000
28.75315540,77.11730160,8.170,-0.6357,-1.0976,189.3512,30.0,11.8614,30.000
28.75315540,77.11730157,8.095,0.6847,-1.0309,189.0704,-30.0,12.0215,-30.000
28.75315540,77.11730157,8.095,0.6847,-1.0309,189.0704,-15.0,11.0826,-15.000
28.75315540,77.11730157,8.095,0.6847,-1.0309,189.0704,0.0,9.4632,0.000
28.75315540,77.11730157,8.095,0.6847,-1.0309,189.0704,15.0,,
28.75315540,77.11730157,8.095,0.6847,-1.0309,189.0704,30.0,,
28.75315550,77.11730124,8.041,-1.9610,-0.6751,188.4307,-30.0,10.7974,-30.000
28.75315550,77.11730124,8.041,-1.9610,-0.6751,188.4307,-15.0,9.4926,-15.000
28.75315550,77.11730124,8.041,-1.9610,-0.6751,188.4307,0.0,9.4007,0.000
28.75315550,77.11730124,8.041,-1.9610,-0.6751,188.4307,15.0,10.3931,15.000
28.75315550,77.11730124,8.041,-1.9610,-0.6751,188.4307,30.0,12.0469,30.000
28.75315550,77.11730080,7.991,-3.8152,-0.6608,188.0274,-30.0,10.6930,-30.000
28.75315550,77.11730080,7.991,-3.8152,-0.6608,188.0274,-15.0,9.3494,-15.000
28.75315550,77.11730080,7.991,-3.8152,-0.6608,188.0274,0.0,9.4103,0.000
28.75315550,77.11730080,7.991,-3.8152,-0.6608,188.0274,15.0,10.8783,15.000
28.75315550,77.11730080,7.991,-3.8152,-0.6608,188.0274,30.0,12.3531,30.000
28.75315550,77.11730030,7.908,-4.9563,-0.0969,188.4306,-30.0,12.3841,-30.000
28.75315550,77.11730030,7.908,-4.9563,-0.0969,188.4306,-15.0,11.3208,-15.000
28.75315550,77.11730030,7.908,-4.9563,-0.0969,188.4306,0.0,9.1261,0.000
28.75315550,77.11730030,7.908,-4.9563,-0.0969,188.4306,15.0,,
28.75315550,77.11730030,7.908,-4.9563,-0.0969,188.4306,30.0,,
28.75315560,77.11729980,7.739,-5.1774,-0.2133,188.7347,-30.0,,
28.75315560,77.11729980,7.739,-5.1774,-0.2133,188.7347,-15.0,,
28.75315560,77.11729980,7.739,-5.1774,-0.2133,188.7347,0.0,,
28.75315560,77.11729980,7.739,-5.1774,-0.2133,188.7347,15.0,10.1016,15.000
28.75315560,77.11729980,7.739,-5.1774,-0.2133,188.7347,30.0,11.2036,30.000
28.75315560,77.11729940,7.506,-4.8304,0.0761,189.3103,-30.0,12.2355,-30.000
28.75315560,77.11729940,7.506,-4.8304,0.0761,189.3103,-15.0,10.7945,-15.000
28.75315560,77.11729940,7.506,-4.8304,0.0761,189.3103,0.0,9.0567,0.000
28.75315560,77.11729940,7.506,-4.8304,0.0761,189.3103,15.0,8.9795,15.000
28.75315560,77.11729940,7.506,-4.8304,0.0761,189.3103,30.0,,
28.75315550,77.11729910,7.241,-2.7338,-0.1097,189.6640,-30.0,11.1187,-30.000
28.75315550,77.11729910,7.241,-2.7338,-0.1097,189.6640,-15.0,9.3156,-15.000
28.75315550,77.11729910,7.241,-2.7338,-0.1097,189.6640,0.0,8.4968,0.000
28.75315550,77.11729910,7.241,-2.7338,-0.1097,189.6640,15.0,8.7653,15.000
28.75315550,77.11729910,7.241,-2.7338,-0.1097,189.6640,30.0,10.1691,30.000
28.75315550,77.11729887,7.016,-2.5776,2.3580,189.6868,-30.0,,
28.75315550,77.11729887,7.016,-2.5776,2.3580,189.6868,-15.0,8.1699,-15.000
28.75315550,77.11729887,7.016,-2.5776,2.3580,189.6868,0.0,8.3077,0.000
28.75315550,77.11729887,7.016,-2.5776,2.3580,189.6868,15.0,10.0513,15.000
28.75315550,77.11729887,7.016,-2.5776,2.3580,189.6868,30.0,11.2344,30.000
28.75315550,77.11729863,6.805,-3.3249,2.3271,189.0851,-30.0,10.2552,-30.000
28.75315550,77.11729863,6.805,-3.3249,2.3271,189.0851,-15.0,8.4684,-15.000
28.75315550,77.11729863,6.805,-3.3249,2.3271,189.0851,0.0,,
28.75315550,77.11729863,6.805,-3.3249,2.3271,189.0851,15.0,,
28.75315550,77.11729863,6.805,-3.3249,2.3271,189.0851,30.0,,
28.75315563,77.11729850,6.611,-4.3517,3.9329,188.1870,-30.0,,
28.75315563,77.11729850,6.611,-4.3517,3.9329,188.1870,-15.0,,
28.75315563,77.11729850,6.611,-4.3517,3.9329,188.1870,0.0,7.6381,0.000
28.75315563,77.11729850,6.611,-4.3517,3.9329,188.1870,15.0,9.0202,15.000
28.75315563,77.11729850,6.611,-4.3517,3.9329,188.1870,30.0,9.4184,30.000
28.75315606,77.11729850,6.396,-6.1753,5.0141,187.6876,-30.0,9.6225,-30.000
28.75315606,77.11729850,6.396,-6.1753,5.0141,187.6876,-15.0,8.1818,-15.000
28.75315606,77.11729850,6.396,-6.1753,5.0141,187.6876,0.0,7.2755,0.000
28.75315606,77.11729850,6.396,-6.1753,5.0141,187.6876,15.0,7.3186,15.000
28.75315606,77.11729850,6.396,-6.1753,5.0141,187.6876,30.0,8.3290,30.000
28.75315681,77.11729870,6.088,-6.4680,4.3303,187.0054,-30.0,9.6895,-30.000
28.75315681,77.11729870,6.088,-6.4680,4.3303,187.0054,-15.0,8.3211,-15.000
28.75315681,77.11729870,6.088,-6.4680,4.3303,187.0054,0.0,7.0038,0.000
28.75315681,77.11729870,6.088,-6.4680,4.3303,187.0054,15.0,6.7431,15.000
28.75315681,77.11729870,6.088,-6.4680,4.3303,187.0054,30.0,7.3483,30.000
28.75315784,77.11729904,5.736,-6.0011,4.7177,186.6589,-30.0,,
28.75315784,77.11729904,5.736,-6.0011,4.7177,186.6589,-15.0,,
28.75315784,77.11729904,5.736,-6.0011,4.7177,186.6589,0.0,6.3462,0.000
28.75315784,77.11729904,5.736,-6.0011,4.7177,186.6589,15.0,7.6586,15.000
28.75315784,77.11729904,5.736,-6.0011,4.7177,186.6589,30.0,8.1108,30.000
28.75315908,77.11729968,5.350,-4.8074,3.6822,187.0876,-30.0,8.1362,-30.000
28.75315908,77.11729968,5.350,-4.8074,3.6822,187.0876,-15.0,6.8608,-15.000
28.75315908,77.11729968,5.350,-4.8074,3.6822,187.0876,0.0,,
28.75315908,77.11729968,5.350,-4.8074,3.6822,187.0876,15.0,,
28.75315908,77.11729968,5.350,-4.8074,3.6822,187.0876,30.0,,
28.75316064,77.11730044,5.012,-3.9943,2.4568,187.9058,-30.0,,
28.75316064,77.11730044,5.012,-3.9943,2.4568,187.9058,-15.0,6.1086,-15.000
28.75316064,77.11730044,5.012,-3.9943,2.4568,187.9058,0.0,5.9395,0.000
28.75316064,77.11730044,5.012,-3.9943,2.4568,187.9058,15.0,6.8355,15.000
28.75316064,77.11730044,5.012,-3.9943,2.4568,187.9058,30.0,7.5535,30.000
28.75316223,77.11730127,4.732,-4.4655,3.6528,188.6566,-30.0,6.9346,-30.000
28.75316223,77.11730127,4.732,-4.4655,3.6528,188.6566,-15.0,5.9141,-15.000
28.75316223,77.11730127,4.732,-4.4655,3.6528,188.6566,0.0,5.5639,0.000
28.75316223,77.11730127,4.732,-4.4655,3.6528,188.6566,15.0,5.8486,15.000
28.75316223,77.11730127,4.732,-4.4655,3.6528,188.6566,30.0,6.7891,30.000
28.75316406,77.11730233,4.508,-6.1726,4.9203,188.9074,-30.0,7.4853,-30.000
28.75316406,77.11730233,4.508,-6.1726,4.9203,188.9074,-15.0,6.7360,-15.000
28.75316406,77.11730233,4.508,-6.1726,4.9203,188.9074,0.0,5.5032,0.000
28.75316406,77.11730233,4.508,-6.1726,4.9203,188.9074,15.0,5.3133,15.000
28.75316406,77.11730233,4.508,-6.1726,4.9203,188.9074,30.0,,
28.75316606,77.11730348,4.307,-6.7684,4.7923,188.7077,-30.0,,
28.75316606,77.11730348,4.307,-6.7684,4.7923,188.7077,-15.0,,
28.75316606,77.11730348,4.307,-6.7684,4.7923,188.7077,0.0,,
28.75316606,77.11730348,4.307,-6.7684,4.7923,188.7077,15.0,5.5549,15.000
28.75316606,77.11730348,4.307,-6.7684,4.7923,188.7077,30.0,6.3527,30.000
28.75316824,77.11730483,4.162,-4.7530,2.5899,188.6702,-30.0,6.9830,-30.000
28.75316824,77.11730483,4.162,-4.7530,2.5899,188.6702,-15.0,6.4131,-15.000
28.75316824,77.11730483,4.162,-4.7530,2.5899,188.6702,0.0,5.1054,0.000
28.75316824,77.11730483,4.162,-4.7530,2.5899,188.6702,15.0,,
28.75316824,77.11730483,4.162,-4.7530,2.5899,188.6702,30.0,,
28.75317046,77.11730625,4.043,-2.3862,1.3216,188.9725,-30.0,5.7178,-30.000
28.75317046,77.11730625,4.043,-2.3862,1.3216,188.9725,-15.0,4.8939,-15.000
28.75317046,77.11730625,4.043,-2.3862,1.3216,188.9725,0.0,4.7710,0.000
28.75317046,77.11730625,4.043,-2.3862,1.3216,188.9725,15.0,5.2800,15.000
28.75317046,77.11730625,4.043,-2.3862,1.3216,188.9725,30.0,5.9866,30.000
28.75317272,77.11730761,3.933,-1.5845,1.2544,188.6960,-30.0,5.0287,-30.000
28.75317272,77.11730761,3.933,-1.5845,1.2544,188.6960,-15.0,4.4989,-15.000
28.75317272,77.11730761,3.933,-1.5845,1.2544,188.6960,0.0,4.5136,0.000
28.75317272,77.11730761,3.933,-1.5845,1.2544,188.6960,15.0,5.0372,15.000
28.75317272,77.11730761,3.933,-1.5845,1.2544,188.6960,30.0,5.8816,30.000
28.75317483,77.11730874,3.795,-1.1369,1.0220,187.8909,-30.0,5.5068,-30.000
28.75317483,77.11730874,3.795,-1.1369,1.0220,187.8909,-15.0,5.1869,-15.000
28.75317483,77.11730874,3.795,-1.1369,1.0220,187.8909,0.0,4.1502,0.000
28.75317483,77.11730874,3.795,-1.1369,1.0220,187.8909,15.0,,
28.75317483,77.11730874,3.795,-1.1369,1.0220,187.8909,30.0,,
28.75317707,77.11730979,3.612,-1.3556,-0.5126,186.8395,-30.0,,
28.75317707,77.11730979,3.612,-1.3556,-0.5126,186.8395,-15.0,,
28.75317707,77.11730979,3.612,-1.3556,-0.5126,186.8395,0.0,,
28.75317707,77.11730979,3.612,-1.3556,-0.5126,186.8395,15.0,4.3103,15.000
28.75317707,77.11730979,3.612,-1.3556,-0.5126,186.8395,30.0,5.1389,30.000
28.75317916,77.11731053,3.428,-1.5188,-2.4116,185.9546,-30.0,4.4588,-30.000
28.75317916,77.11731053,3.428,-1.5188,-2.4116,185.9546,-15.0,4.2316,-15.000
28.75317916,77.11731053,3.428,-1.5188,-2.4116,185.9546,0.0,3.6818,0.000
28.75317916,77.11731053,3.428,-1.5188,-2.4116,185.9546,15.0,3.8238,15.000
28.75317916,77.11731053,3.428,-1.5188,-2.4116,185.9546,30.0,,
28.75318104,77.11731100,3.221,-0.9011,-2.6954,186.2320,-30.0,4.0059,-30.000
28.75318104,77.11731100,3.221,-0.9011,-2.6954,186.2320,-15.0,3.4206,-15.000
28.75318104,77.11731100,3.221,-0.9011,-2.6954,186.2320,0.0,3.2322,0.000
28.75318104,77.11731100,3.221,-0.9011,-2.6954,186.2320,15.0,3.3982,15.000
28.75318104,77.11731100,3.221,-0.9011,-2.6954,186.2320,30.0,3.8907,30.000
28.75318271,77.11731120,2.961,-0.3824,-2.6972,187.1249,-30.0,,
28.75318271,77.11731120,2.961,-0.3824,-2.6972,187.1249,-15.0,2.7841,-15.000
28.75318271,77.11731120,2.961,-0.3824,-2.6972,187.1249,0.0,2.9250,0.000
28.75318271,77.11731120,2.961,-0.3824,-2.6972,187.1249,15.0,3.5720,15.000
28.75318271,77.11731120,2.961,-0.3824,-2.6972,187.1249,30.0,4.0637,30.000
28.75318400,77.11731100,2.693,-1.1620,-6.0988,188.4352,-30.0,3.2512,-30.000
28.75318400,77.11731100,2.693,-1.1620,-6.0988,188.4352,-15.0,2.9900,-15.000
28.75318400,77.11731100,2.693,-1.1620,-6.0988,188.4352,0.0,,
28.75318400,77.11731100,2.693,-1.1620,-6.0988,188.4352,15.0,,
28.75318400,77.11731100,2.693,-1.1620,-6.0988,188.4352,30.0,,
28.75318480,77.11731070,2.494,-1.9175,-7.0328,190.7228,-30.0,,
28.75318480,77.11731070,2.494,-1.9175,-7.0328,190.7228,-15.0,,
28.75318480,77.11731070,2.494,-1.9175,-7.0328,190.7228,0.0,2.4181,0.000
28.75318480,77.11731070,2.494,-1.9175,-7.0328,190.7228,15.0,2.8314,15.000
28.75318480,77.11731070,2.494,-1.9175,-7.0328,190.7228,30.0,3.0634,30.000
28.75318500,77.11731030,2.369,-5.8918,-2.4689,191.9738,-30.0,2.7543,-30.000
28.75318500,77.11731030,2.369,-5.8918,-2.4689,191.9738,-15.0,2.4625,-15.000
28.75318500,77.11731030,2.369,-5.8918,-2.4689,191.9738,0.0,2.1681,0.000
28.75318500,77.11731030,2.369,-5.8918,-2.4689,191.9738,15.0,2.1979,15.000
28.75318500,77.11731030,2.369,-5.8918,-2.4689,191.9738,30.0,2.5625,30.000
28.75318510,77.11731010,2.268,-11.0379,1.4887,191.7388,-30.0,2.7264,-30.000
28.75318510,77.11731010,2.268,-11.0379,1.4887,191.7388,-15.0,2.2878,-15.000
28.75318510,77.11731010,2.268,-11.0379,1.4887,191.7388,0.0,2.0069,0.000
28.75318510,77.11731010,2.268,-11.0379,1.4887,191.7388,15.0,1.9463,15.000
28.75318510,77.11731010,2.268,-11.0379,1.4887,191.7388,30.0,2.0690,30.000
28.75318520,77.11731054,2.168,-12.0865,0.3524,190.9620,-30.0,,
28.75318520,77.11731054,2.168,-12.0865,0.3524,190.9620,-15.0,,
28.75318520,77.11731054,2.168,-12.0865,0.3524,190.9620,0.0,1.8261,0.000
28.75318520,77.11731054,2.168,-12.0865,0.3524,190.9620,15.0,2.0486,15.000
28.75318520,77.11731054,2.168,-12.0865,0.3524,190.9620,30.0,2.2226,30.000
28.75318530,77.11731168,2.072,-8.7749,-1.0453,189.7498,-30.0,2.4250,-30.000
28.75318530,77.11731168,2.072,-8.7749,-1.0453,189.7498,-15.0,1.8948,-15.000
28.75318530,77.11731168,2.072,-8.7749,-1.0453,189.7498,0.0,,
28.75318530,77.11731168,2.072,-8.7749,-1.0453,189.7498,15.0,,
28.75318530,77.11731168,2.072,-8.7749,-1.0453,189.7498,30.0,,
28.75318530,77.11731332,1.977,-4.3934,-1.4220,188.7517,-30.0,,
28.75318530,77.11731332,1.977,-4.3934,-1.4220,188.7517,-15.0,1.8418,-15.000
28.75318530,77.11731332,1.977,-4.3934,-1.4220,188.7517,0.0,1.6981,0.000
28.75318530,77.11731332,1.977,-4.3934,-1.4220,188.7517,15.0,1.9402,15.000
28.75318530,77.11731332,1.977,-4.3934,-1.4220,188.7517,30.0,2.0789,30.000
28.75318540,77.11731487,1.862,0.8652,-1.5696,187.9514,-30.0,1.8745,-30.000
28.75318540,77.11731487,1.862,0.8652,-1.5696,187.9514,-15.0,1.6835,-15.000
28.75318540,77.11731487,1.862,0.8652,-1.5696,187.9514,0.0,1.5849,0.000
28.75318540,77.11731487,1.862,0.8652,-1.5696,187.9514,15.0,1.6440,15.000
28.75318540,77.11731487,1.862,0.8652,-1.5696,187.9514,30.0,1.9106,30.000
28.75318560,77.11731611,1.753,3.3015,-0.6619,187.6065,-30.0,1.9098,-30.000
28.75318560,77.11731611,1.753,3.3015,-0.6619,187.6065,-15.0,1.7016,-15.000
28.75318560,77.11731611,1.753,3.3015,-0.6619,187.6065,0.0,1.4768,0.000
28.75318560,77.11731611,1.753,3.3015,-0.6619,187.6065,15.0,1.4964,15.000
28.75318560,77.11731611,1.753,3.3015,-0.6619,187.6065,30.0,,
28.75318590,77.11731680,1.644,3.8666,0.8122,187.2426,-30.0,,
28.75318590,77.11731680,1.644,3.8666,0.8122,187.2426,-15.0,,
28.75318590,77.11731680,1.644,3.8666,0.8122,187.2426,0.0,1.3396,0.000
28.75318590,77.11731680,1.644,3.8666,0.8122,187.2426,15.0,1.7622,15.000
28.75318590,77.11731680,1.644,3.8666,0.8122,187.2426,30.0,1.9286,30.000
28.75318630,77.11731690,1.522,3.1047,-0.4919,186.4104,-30.0,1.4952,-30.000
28.75318630,77.11731690,1.522,3.1047,-0.4919,186.4104,-15.0,1.4050,-15.000
28.75318630,77.11731690,1.522,3.1047,-0.4919,186.4104,0.0,,
28.75318630,77.11731690,1.522,3.1047,-0.4919,186.4104,15.0,,
28.75318630,77.11731690,1.522,3.1047,-0.4919,186.4104,30.0,,
28.75318690,77.11731656,1.415,-0.0378,0.1997,185.6992,-30.0,,
28.75318690,77.11731656,1.415,-0.0378,0.1997,185.6992,-15.0,1.2128,-15.000
28.75318690,77.11731656,1.415,-0.0378,0.1997,185.6992,0.0,1.2372,0.000
28.75318690,77.11731656,1.415,-0.0378,0.1997,185.6992,15.0,1.4311,15.000
28.75318690,77.11731656,1.415,-0.0378,0.1997,185.6992,30.0,1.5719,30.000
28.75318748,77.11731600,1.289,-2.1019,-1.6203,184.0857,-30.0,1.2654,-30.000
28.75318748,77.11731600,1.289,-2.1019,-1.6203,184.0857,-15.0,1.1115,-15.000
28.75318748,77.11731600,1.289,-2.1019,-1.6203,184.0857,0.0,1.0867,0.000
28.75318748,77.11731600,1.289,-2.1019,-1.6203,184.0857,15.0,1.2011,15.000
28.75318748,77.11731600,1.289,-2.1019,-1.6203,184.0857,30.0,1.4193,30.000
28.75318805,77.11731545,1.177,0.0633,-4.1694,182.3246,-30.0,1.3669,-30.000
28.75318805,77.11731545,1.177,0.0633,-4.1694,182.3246,-15.0,1.1933,-15.000
28.75318805,77.11731545,1.177,0.0633,-4.1694,182.3246,0.0,1.0096,0.000
28.75318805,77.11731545,1.177,0.0633,-4.1694,182.3246,15.0,1.0000,15.000
28.75318805,77.11731545,1.177,0.0633,-4.1694,182.3246,30.0,,
28.75318840,77.11731481,1.078,-2.0363,-4.3546,180.7598,-30.0,,
28.75318840,77.11731481,1.078,-2.0363,-4.3546,180.7598,-15.0,,
28.75318840,77.11731481,1.078,-2.0363,-4.3546,180.7598,0.0,,
28.75318840,77.11731481,1.078,-2.0363,-4.3546,180.7598,15.0,0.9636,15.000
28.75318840,77.11731481,1.078,-2.0363,-4.3546,180.7598,30.0,1.1607,30.000
28.75318860,77.11731410,0.990,-2.4867,-3.1659,179.9946,-30.0,1.0419,-30.000
28.75318860,77.11731410,0.990,-2.4867,-3.1659,179.9946,-15.0,1.0090,-15.000
28.75318860,77.11731410,0.990,-2.4867,-3.1659,179.9946,0.0,0.8760,0.000
28.75318860,77.11731410,0.990,-2.4867,-3.1659,179.9946,15.0,,
28.75318860,77.11731410,0.990,-2.4867,-3.1659,179.9946,30.0,,
28.75318860,77.11731350,0.874,-2.2927,-1.7285,180.0073,-30.0,0.9006,-30.000
28.75318860,77.11731350,0.874,-2.2927,-1.7285,180.0073,-15.0,0.7912,-15.000
28.75318860,77.11731350,0.874,-2.2927,-1.7285,180.0073,0.0,0.7539,0.000
28.75318860,77.11731350,0.874,-2.2927,-1.7285,180.0073,15.0,0.7912,15.000
28.75318860,77.11731350,0.874,-2.2927,-1.7285,180.0073,30.0,0.8584,30.000
28.75318870,77.11731300,0.723,-3.2206,-0.2206,180.3006,-30.0,0.6374,-30.000
28.75318870,77.11731300,0.723,-3.2206,-0.2206,180.3006,-15.0,0.6172,-15.000
28.75318870,77.11731300,0.723,-3.2206,-0.2206,180.3006,0.0,0.6311,0.000
28.75318870,77.11731300,0.723,-3.2206,-0.2206,180.3006,15.0,0.7391,15.000
28.75318870,77.11731300,0.723,-3.2206,-0.2206,180.3006,30.0,0.8287,30.000
28.75318880,77.11731270,0.567,-4.2448,0.0454,180.6917,-30.0,0.6373,-30.000
28.75318880,77.11731270,0.567,-4.2448,0.0454,180.6917,-15.0,0.6464,-15.000
28.75318880,77.11731270,0.567,-4.2448,0.0454,180.6917,0.0,0.4801,0.000
28.75318880,77.11731270,0.567,-4.2448,0.0454,180.6917,15.0,,
28.75318880,77.11731270,0.567,-4.2448,0.0454,180.6917,30.0,,
28.75318900,77.11731260,0.412,-3.4119,-1.9655,183.1249,-30.0,,
28.75318900,77.11731260,0.412,-3.4119,-1.9655,183.1249,-15.0,,
28.75318900,77.11731260,0.412,-3.4119,-1.9655,183.1249,0.0,,
28.75318900,77.11731260,0.412,-3.4119,-1.9655,183.1249,15.0,0.4708,15.000
28.75318900,77.11731260,0.412,-3.4119,-1.9655,183.1249,30.0,0.4878,30.000
28.75318920,77.11731260,0.368,-1.3103,-0.1922,185.8279,-30.0,0.3890,-30.000
28.75318920,77.11731260,0.368,-1.3103,-0.1922,185.8279,-15.0,0.3688,-15.000
28.75318920,77.11731260,0.368,-1.3103,-0.1922,185.8279,0.0,0.3500,0.000
28.75318920,77.11731260,0.368,-1.3103,-0.1922,185.8279,15.0,0.3688,15.000
28.75318920,77.11731260,0.368,-1.3103,-0.1922,185.8279,30.0,,
28.75318930,77.11731270,0.348,-0.7440,-0.0114,185.7917,-30.0,0.3754,-30.000
28.75318930,77.11731270,0.348,-0.7440,-0.0114,185.7917,-15.0,0.3561,-15.000
28.75318930,77.11731270,0.348,-0.7440,-0.0114,185.7917,0.0,0.3487,0.000
28.75318930,77.11731270,0.348,-0.7440,-0.0114,185.7917,15.0,0.3500,15.000
28.75318930,77.11731270,0.348,-0.7440,-0.0114,185.7917,30.0,0.3688,30.000
28.75318940,77.11731280,0.340,-0.6744,0.0211,185.7628,-30.0,,
28.75318940,77.11731280,0.340,-0.6744,0.0211,185.7628,-15.0,0.3500,-15.000
28.75318940,77.11731280,0.340,-0.6744,0.0211,185.7628,0.0,0.3500,0.000
28.75318940,77.11731280,0.340,-0.6744,0.0211,185.7628,15.0,0.3688,15.000
28.75318940,77.11731280,0.340,-0.6744,0.0211,185.7628,30.0,0.3821,30.000
28.75318946,77.11731290,0.326,-0.6473,0.0286,185.8039,-30.0,0.3688,-30.000
28.75318946,77.11731290,0.326,-0.6473,0.0286,185.8039,-15.0,0.3515,-15.000
28.75318946,77.11731290,0.326,-0.6473,0.0286,185.8039,0.0,,
28.75318946,77.11731290,0.326,-0.6473,0.0286,185.8039,15.0,,
28.75318946,77.11731290,0.326,-0.6473,0.0286,185.8039,30.0,,
28.75318950,77.11731300,0.296,-0.6327,0.0342,185.7799,-30.0,,
28.75318950,77.11731300,0.296,-0.6327,0.0342,185.7799,-15.0,,
28.75318950,77.11731300,0.296,-0.6327,0.0342,185.7799,0.0,0.3500,0.000
28.75318950,77.11731300,0.296,-0.6327,0.0342,185.7799,15.0,0.3688,15.000
28.75318950,77.11731300,0.296,-0.6327,0.0342,185.7799,30.0,0.3821,30.000
28.75318950,77.11731310,0.268,-0.6286,0.0492,185.7583,-30.0,0.3688,-30.000
28.75318950,77.11731310,0.268,-0.6286,0.0492,185.7583,-15.0,0.3561,-15.000
28.75318950,77.11731310,0.268,-0.6286,0.0492,185.7583,0.0,0.3493,0.000
28.75318950,77.11731310,0.268,-0.6286,0.0492,185.7583,15.0,0.3500,15.000
28.75318950,77.11731310,0.268,-0.6286,0.0492,185.7583,30.0,0.3624,30.000
28.75318960,77.11731320,0.241,-0.6235,0.0664,185.7678,-30.0,0.3688,-30.000
28.75318960,77.11731320,0.241,-0.6235,0.0664,185.7678,-15.0,0.3561,-15.000
28.75318960,77.11731320,0.241,-0.6235,0.0664,185.7678,0.0,0.3500,0.000
28.75318960,77.11731320,0.241,-0.6235,0.0664,185.7678,15.0,0.3500,15.000
28.75318960,77.11731320,0.241,-0.6235,0.0664,185.7678,30.0,0.3624,30.000
28.75318960,77.11731330,0.212,-0.6167,0.0726,185.7613,-30.0,,
28.75318960,77.11731330,0.212,-0.6167,0.0726,185.7613,-15.0,,
28.75318960,77.11731330,0.212,-0.6167,0.0726,185.7613,0.0,0.3500,0.000
28.75318960,77.11731330,0.212,-0.6167,0.0726,185.7613,15.0,0.3705,15.000
28.75318960,77.11731330,0.212,-0.6167,0.0726,185.7613,30.0,0.3821,30.000
28.75318960,77.11731340,0.190,-0.6146,0.0842,185.7877,-30.0,0.3688,-30.000
28.75318960,77.11731340,0.190,-0.6146,0.0842,185.7877,-15.0,0.3500,-15.000
28.75318960,77.11731340,0.190,-0.6146,0.0842,185.7877,0.0,,
28.75318960,77.11731340,0.190,-0.6146,0.0842,185.7877,15.0,,
28.75318960,77.11731340,0.190,-0.6146,0.0842,185.7877,30.0,,
28.75318970,77.11731344,0.166,-0.6016,0.0979,185.7888,-30.0,,
28.75318970,77.11731344,0.166,-0.6016,0.0979,185.7888,-15.0,0.3500,-15.000
28.75318970,77.11731344,0.166,-0.6016,0.0979,185.7888,0.0,0.3500,0.000
28.75318970,77.11731344,0.166,-0.6016,0.0979,185.7888,15.0,0.3688,15.000
28.75318970,77.11731344,0.166,-0.6016,0.0979,185.7888,30.0,0.3821,30.000
28.75318970,77.11731350,0.139,-0.5982,0.1171,185.7917,-30.0,0.3688,-30.000
28.75318970,77.11731350,0.139,-0.5982,0.1171,185.7917,-15.0,0.3500,-15.000
28.75318970,77.11731350,0.139,-0.5982,0.1171,185.7917,0.0,0.3500,0.000
28.75318970,77.11731350,0.139,-0.5982,0.1171,185.7917,15.0,0.3500,15.000
28.75318970,77.11731350,0.139,-0.5982,0.1171,185.7917,30.0,0.3688,30.000
28.75318970,77.11731350,0.115,-0.5926,0.1225,185.7939,-30.0,0.3688,-30.000
28.75318970,77.11731350,0.115,-0.5926,0.1225,185.7939,-15.0,0.3688,-15.000
28.75318970,77.11731350,0.115,-0.5926,0.1225,185.7939,0.0,0.3500,0.000
28.75318970,77.11731350,0.115,-0.5926,0.1225,185.7939,15.0,0.3500,15.000
28.75318970,77.11731350,0.115,-0.5926,0.1225,185.7939,30.0,,
28.75318970,77.11731350,0.090,-0.5769,0.1385,185.7881,-30.0,,
28.75318970,77.11731350,0.090,-0.5769,0.1385,185.7881,-15.0,,
28.75318970,77.11731350,0.090,-0.5769,0.1385,185.7881,0.0,,
28.75318970,77.11731350,0.090,-0.5769,0.1385,185.7881,15.0,0.3568,15.000
28.75318970,77.11731350,0.090,-0.5769,0.1385,185.7881,30.0,0.3821,30.000
28.75318970,77.11731350,0.064,-0.5697,0.1425,185.7852,-30.0,0.3729,-30.000
28.75318970,77.11731350,0.064,-0.5697,0.1425,185.7852,-15.0,0.3688,-15.000
28.75318970,77.11731350,0.064,-0.5697,0.1425,185.7852,0.0,0.3441,0.000
28.75318970,77.11731350,0.064,-0.5697,0.1425,185.7852,15.0,,
28.75318970,77.11731350,0.064,-0.5697,0.1425,185.7852,30.0,,
28.75318980,77.11731350,0.042,-0.5562,0.1501,185.7805,-30.0,0.3561,-30.000
28.75318980,77.11731350,0.042,-0.5562,0.1501,185.7805,-15.0,0.3500,-15.000
28.75318980,77.11731350,0.042,-0.5562,0.1501,185.7805,0.0,0.3500,0.000
28.75318980,77.11731350,0.042,-0.5562,0.1501,185.7805,15.0,0.3574,15.000
28.75318980,77.11731350,0.042,-0.5562,0.1501,185.7805,30.0,0.3821,30.000
28.75318980,77.11731350,0.016,-0.5515,0.1575,185.7786,-30.0,0.3624,-30.000
28.75318980,77.11731350,0.016,-0.5515,0.1575,185.7786,-15.0,0.3501,-15.000
28.75318980,77.11731350,0.016,-0.5515,0.1575,185.7786,0.0,0.3500,0.000
28.75318980,77.11731350,0.016,-0.5515,0.1575,185.7786,15.0,0.3561,15.000
28.75318980,77.11731350,0.016,-0.5515,0.1575,185.7786,30.0,0.3821,30.000
28.75318980,77.11731350,-0.007,-0.5418,0.1676,185.7760,-30.0,0.3688,-30.000
28.75318980,77.11731350,-0.007,-0.5418,0.1676,185.7760,-15.0,0.3688,-15.000
28.75318980,77.11731350,-0.007,-0.5418,0.1676,185.7760,0.0,0.3500,0.000
28.75318980,77.11731350,-0.007,-0.5418,0.1676,185.7760,15.0,,
28.75318980,77.11731350,-0.007,-0.5418,0.1676,185.7760,30.0,,
28.75318990,77.11731350,-0.056,-0.5375,0.1709,185.7794,-30.0,,
28.75318990,77.11731350,-0.056,-0.5375,0.1709,185.7794,-15.0,,
28.75318990,77.11731350,-0.056,-0.5375,0.1709,185.7794,0.0,,
28.75318990,77.11731350,-0.056,-0.5375,0.1709,185.7794,15.0,0.3525,15.000
28.75318990,77.11731350,-0.056,-0.5375,0.1709,185.7794,30.0,0.3767,30.000
28.75318990,77.11731360,-0.097,-0.5298,0.1652,185.7892,-30.0,0.3697,-30.000
28.75318990,77.11731360,-0.097,-0.5298,0.1652,185.7892,-15.0,0.3688,-15.000
28.75318990,77.11731360,-0.097,-0.5298,0.1652,185.7892,0.0,0.3500,0.000
28.75318990,77.11731360,-0.097,-0.5298,0.1652,185.7892,15.0,0.3500,15.000
28.75318990,77.11731360,-0.097,-0.5298,0.1652,185.7892,30.0,,
28.75318990,77.11731360,-0.137,-0.5255,0.1656,185.7880,-30.0,0.3686,-30.000
28.75318990,77.11731360,-0.137,-0.5255,0.1656,185.7880,-15.0,0.3516,-15.000
28.75318990,77.11731360,-0.137,-0.5255,0.1656,185.7880,0.0,0.3500,0.000
28.75318990,77.11731360,-0.137,-0.5255,0.1656,185.7880,15.0,0.3561,15.000
28.75318990,77.11731360,-0.137,-0.5255,0.1656,185.7880,30.0,0.3754,30.000
28.75318990,77.11731360,-0.172,-0.5153,0.1619,185.7927,-30.0,,
28.75318990,77.11731360,-0.172,-0.5153,0.1619,185.7927,-15.0,0.3500,-15.000
28.75318990,77.11731360,-0.172,-0.5153,0.1619,185.7927,0.0,0.3500,0.000
28.75318990,77.11731360,-0.172,-0.5153,0.1619,185.7927,15.0,0.3688,15.000
28.75318990,77.11731360,-0.172,-0.5153,0.1619,185.7927,30.0,0.3799,30.000
28.75318990,77.11731350,-0.210,-0.5058,0.1551,185.7970,-30.0,0.3688,-30.000
28.75318990,77.11731350,-0.210,-0.5058,0.1551,185.7970,-15.0,0.3574,-15.000
28.75318990,77.11731350,-0.210,-0.5058,0.1551,185.7970,0.0,,
28.75318990,77.11731350,-0.210,-0.5058,0.1551,185.7970,15.0,,
28.75318990,77.11731350,-0.210,-0.5058,0.1551,185.7970,30.0,,
28.75318990,77.11731350,-0.249,-0.4992,0.1499,185.8021,-30.0,,
28.75318990,77.11731350,-0.249,-0.4992,0.1499,185.8021,-15.0,,
28.75318990,77.11731350,-0.249,-0.4992,0.1499,185.8021,0.0,0.3500,0.000
28.75318990,77.11731350,-0.249,-0.4992,0.1499,185.8021,15.0,0.3624,15.000
28.75318990,77.11731350,-0.249,-0.4992,0.1499,185.8021,30.0,0.3821,30.000
28.75318990,77.11731350,-0.284,-0.4933,0.1431,185.8050,-30.0,0.3759,-30.000
28.75318990,77.11731350,-0.284,-0.4933,0.1431,185.8050,-15.0,0.3624,-15.000
28.75318990,77.11731350,-0.284,-0.4933,0.1431,185.8050,0.0,0.3486,0.000
28.75318990,77.11731350,-0.284,-0.4933,0.1431,185.8050,15.0,0.3500,15.000
28.75318990,77.11731350,-0.284,-0.4933,0.1431,185.8050,30.0,,
28.75318980,77.11731350,-0.316,-0.4901,0.1376,185.8088,-30.0,0.3688,-30.000
28.75318980,77.11731350,-0.316,-0.4901,0.1376,185.8088,-15.0,0.3500,-15.000
28.75318980,77.11731350,-0.316,-0.4901,0.1376,185.8088,0.0,0.3441,0.000
28.75318980,77.11731350,-0.316,-0.4901,0.1376,185.8088,15.0,0.3500,15.000
28.75318980,77.11731350,-0.316,-0.4901,0.1376,185.8088,30.0,0.3688,30.000
28.75318980,77.11731350,-0.346,-0.4805,0.1275,185.8102,-30.0,,
28.75318980,77.11731350,-0.346,-0.4805,0.1275,185.8102,-15.0,0.3516,-15.000
28.75318980,77.11731350,-0.346,-0.4805,0.1275,185.8102,0.0,0.3500,0.000
28.75318980,77.11731350,-0.346,-0.4805,0.1275,185.8102,15.0,0.3688,15.000
28.75318980,77.11731350,-0.346,-0.4805,0.1275,185.8102,30.0,0.3821,30.000
28.75318980,77.11731350,-0.371,-0.4711,0.1216,185.8205,-30.0,0.3688,-30.000
28.75318980,77.11731350,-0.371,-0.4711,0.1216,185.8205,-15.0,0.3500,-15.000
28.75318980,77.11731350,-0.371,-0.4711,0.1216,185.8205,0.0,,
28.75318980,77.11731350,-0.371,-0.4711,0.1216,185.8205,15.0,,
28.75318980,77.11731350,-0.371,-0.4711,0.1216,185.8205,30.0,,
28.75318980,77.11731350,-0.392,-0.4641,0.1183,185.8124,-30.0,,
28.75318980,77.11731350,-0.392,-0.4641,0.1183,185.8124,-15.0,,
28.75318980,77.11731350,-0.392,-0.4641,0.1183,185.8124,0.0,0.3500,0.000
28.75318980,77.11731350,-0.392,-0.4641,0.1183,185.8124,15.0,0.3688,15.000
28.75318980,77.11731350,-0.392,-0.4641,0.1183,185.8124,30.0,0.3791,30.000
28.75318980,77.11731340,-0.410,-0.4605,0.1145,185.8351,-30.0,0.3688,-30.000
28.75318980,77.11731340,-0.410,-0.4605,0.1145,185.8351,-15.0,0.3561,-15.000
28.75318980,77.11731340,-0.410,-0.4605,0.1145,185.8351,0.0,0.3441,0.000
28.75318980,77.11731340,-0.410,-0.4605,0.1145,185.8351,15.0,0.3463,15.000
28.75318980,77.11731340,-0.410,-0.4605,0.1145,185.8351,30.0,0.3688,30.000
28.75318980,77.11731340,-0.422,-0.4525,0.1099,185.8313,-30.0,0.3754,-30.000
28.75318980,77.11731340,-0.422,-0.4525,0.1099,185.8313,-15.0,0.3624,-15.000
28.75318980,77.11731340,-0.422,-0.4525,0.1099,185.8313,0.0,0.3500,0.000
28.75318980,77.11731340,-0.422,-0.4525,0.1099,185.8313,15.0,0.3500,15.000
28.75318980,77.11731340,-0.422,-0.4525,0.1099,185.8313,30.0,0.3589,30.000
28.75318980,77.11731330,-0.430,-0.4443,0.1020,185.8380,-30.0,,
28.75318980,77.11731330,-0.430,-0.4443,0.1020,185.8380,-15.0,,
28.75318980,77.11731330,-0.430,-0.4443,0.1020,185.8380,0.0,0.3500,0.000
28.75318980,77.11731330,-0.430,-0.4443,0.1020,185.8380,15.0,0.3688,15.000
28.75318980,77.11731330,-0.430,-0.4443,0.1020,185.8380,30.0,0.3821,30.000
28.75318970,77.11731330,-0.442,-0.4375,0.0944,185.8442,-30.0,0.3688,-30.000
28.75318970,77.11731330,-0.442,-0.4375,0.0944,185.8442,-15.0,0.3561,-15.000
28.75318970,77.11731330,-0.442,-0.4375,0.0944,185.8442,0.0,,
28.75318970,77.11731330,-0.442,-0.4375,0.0944,185.8442,15.0,,
28.75318970,77.11731330,-0.442,-0.4375,0.0944,185.8442,30.0,,
28.75318970,77.11731330,-0.459,-0.4329,0.0940,185.8464,-30.0,,
28.75318970,77.11731330,-0.459,-0.4329,0.0940,185.8464,-15.0,0.3500,-15.000
28.75318970,77.11731330,-0.459,-0.4329,0.0940,185.8464,0.0,0.3500,0.000
28.75318970,77.11731330,-0.459,-0.4329,0.0940,185.8464,15.0,0.3688,15.000
28.75318970,77.11731330,-0.459,-0.4329,0.0940,185.8464,30.0,0.3821,30.000
28.75318960,77.11731330,-0.475,-0.4311,0.0911,185.8520,-30.0,0.3688,-30.000
28.75318960,77.11731330,-0.475,-0.4311,0.0911,185.8520,-15.0,0.3500,-15.000
28.75318960,77.11731330,-0.475,-0.4311,0.0911,185.8520,0.0,0.3500,0.000
28.75318960,77.11731330,-0.475,-0.4311,0.0911,185.8520,15.0,0.3561,15.000
28.75318960,77.11731330,-0.475,-0.4311,0.0911,185.8520,30.0,0.3754,30.000
28.75318960,77.11731330,-0.485,-0.4314,0.0864,185.8557,-30.0,0.3754,-30.000
28.75318960,77.11731330,-0.485,-0.4314,0.0864,185.8557,-15.0,0.3688,-15.000
28.75318960,77.11731330,-0.485,-0.4314,0.0864,185.8557,0.0,0.3500,0.000
28.75318960,77.11731330,-0.485,-0.4314,0.0864,185.8557,15.0,0.3500,15.000
28.75318960,77.11731330,-0.485,-0.4314,0.0864,185.8557,30.0,,
28.75318950,77.11731330,-0.483,-0.4313,0.0813,185.8595,-30.0,,
28.75318950,77.11731330,-0.483,-0.4313,0.0813,185.8595,-15.0,,
28.75318950,77.11731330,-0.483,-0.4313,0.0813,185.8595,0.0,,
28.75318950,77.11731330,-0.483,-0.4313,0.0813,185.8595,15.0,0.3561,15.000
28.75318950,77.11731330,-0.483,-0.4313,0.0813,185.8595,30.0,0.3821,30.000
28.75318940,77.11731330,-0.474,-0.4257,0.0730,185.8649,-30.0,0.3754,-30.000
28.75318940,77.11731330,-0.474,-0.4257,0.0730,185.8649,-15.0,0.3688,-15.000
28.75318940,77.11731330,-0.474,-0.4257,0.0730,185.8649,0.0,0.3456,0.000
28.75318940,77.11731330,-0.474,-0.4257,0.0730,185.8649,15.0,,
28.75318940,77.11731330,-0.474,-0.4257,0.0730,185.8649,30.0,,
28.75318940,77.11731360,-0.474,-0.4340,0.0759,185.8677,-30.0,0.3581,-30.000
28.75318940,77.11731360,-0.474,-0.4340,0.0759,185.8677,-15.0,0.3500,-15.000
28.75318940,77.11731360,-0.474,-0.4340,0.0759,185.8677,0.0,0.3500,0.000
28.75318940,77.11731360,-0.474,-0.4340,0.0759,185.8677,15.0,0.3590,15.000
28.75318940,77.11731360,-0.474,-0.4340,0.0759,185.8677,30.0,0.3821,30.000
28.75318930,77.11731360,-0.477,-0.4412,0.0763,185.8713,-30.0,0.3561,-30.000
28.75318930,77.11731360,-0.477,-0.4412,0.0763,185.8713,-15.0,0.3500,-15.000
28.75318930,77.11731360,-0.477,-0.4412,0.0763,185.8713,0.0,0.3500,0.000
28.75318930,77.11731360,-0.477,-0.4412,0.0763,185.8713,15.0,0.3596,15.000
28.75318930,77.11731360,-0.477,-0.4412,0.0763,185.8713,30.0,0.3821,30.000
28.75318930,77.11731370,-0.488,-0.4363,0.0739,185.8815,-30.0,0.3754,-30.000
28.75318930,77.11731370,-0.488,-0.4363,0.0739,185.8815,-15.0,0.3688,-15.000
28.75318930,77.11731370,-0.488,-0.4363,0.0739,185.8815,0.0,0.3441,0.000
28.75318930,77.11731370,-0.488,-0.4363,0.0739,185.8815,15.0,,
28.75318930,77.11731370,-0.488,-0.4363,0.0739,185.8815,30.0,,
28.75318930,77.11731380,-0.501,-0.4352,0.0817,185.8794,-30.0,,
28.75318930,77.11731380,-0.501,-0.4352,0.0817,185.8794,-15.0,,
28.75318930,77.11731380,-0.501,-0.4352,0.0817,185.8794,0.0,,
28.75318930,77.11731380,-0.501,-0.4352,0.0817,185.8794,15.0,0.3561,15.000
28.75318930,77.11731380,-0.501,-0.4352,0.0817,185.8794,30.0,0.3821,30.000
28.75318930,77.11731370,-0.510,-0.4173,0.0814,185.8824,-30.0,0.3754,-30.000
28.75318930,77.11731370,-0.510,-0.4173,0.0814,185.8824,-15.0,0.3688,-15.000
28.75318930,77.11731370,-0.510,-0.4173,0.0814,185.8824,0.0,0.3500,0.000
28.75318930,77.11731370,-0.510,-0.4173,0.0814,185.8824,15.0,0.3500,15.000
28.75318930,77.11731370,-0.510,-0.4173,0.0814,185.8824,30.0,,
28.75318930,77.11731360,-0.521,-0.3806,0.0863,185.8819,-30.0,0.3688,-30.000
28.75318930,77.11731360,-0.521,-0.3806,0.0863,185.8819,-15.0,0.3500,-15.000
28.75318930,77.11731360,-0.521,-0.3806,0.0863,185.8819,0.0,0.3500,0.000
28.75318930,77.11731360,-0.521,-0.3806,0.0863,185.8819,15.0,0.3500,15.000
28.75318930,77.11731360,-0.521,-0.3806,0.0863,185.8819,30.0,0.3754,30.000
28.75318940,77.11731350,-0.535,-0.3589,0.1055,185.8860,-30.0,,
28.75318940,77.11731350,-0.535,-0.3589,0.1055,185.8860,-15.0,0.3500,-15.000
28.75318940,77.11731350,-0.535,-0.3589,0.1055,185.8860,0.0,0.3500,0.000
28.75318940,77.11731350,-0.535,-0.3589,0.1055,185.8860,15.0,0.3688,15.000
28.75318940,77.11731350,-0.535,-0.3589,0.1055,185.8860,30.0,0.3821,30.000
28.75318940,77.11731330,-0.552,-0.3678,0.1059,185.8864,-30.0,0.3688,-30.000
28.75318940,77.11731330,-0.552,-0.3678,0.1059,185.8864,-15.0,0.3561,-15.000
28.75318940,77.11731330,-0.552,-0.3678,0.1059,185.8864,0.0,,
28.75318940,77.11731330,-0.552,-0.3678,0.1059,185.8864,15.0,,
28.75318940,77.11731330,-0.552,-0.3678,0.1059,185.8864,30.0,,
28.75318944,77.11731306,-0.573,-0.3623,0.1154,185.8890,-30.0,,
28.75318944,77.11731306,-0.573,-0.3623,0.1154,185.8890,-15.0,,
28.75318944,77.11731306,-0.573,-0.3623,0.1154,185.8890,0.0,0.3500,0.000
28.75318944,77.11731306,-0.573,-0.3623,0.1154,185.8890,15.0,0.3688,15.000
28.75318944,77.11731306,-0.573,-0.3623,0.1154,185.8890,30.0,0.3821,30.000
28.75318950,77.11731290,-0.596,-0.3581,0.1200,185.8908,-30.0,0.3688,-30.000
28.75318950,77.11731290,-0.596,-0.3581,0.1200,185.8908,-15.0,0.3561,-15.000
28.75318950,77.11731290,-0.596,-0.3581,0.1200,185.8908,0.0,0.3500,0.000
28.75318950,77.11731290,-0.596,-0.3581,0.1200,185.8908,15.0,0.3500,15.000
28.75318950,77.11731290,-0.596,-0.3581,0.1200,185.8908,30.0,0.3624,30.000
28.75318960,77.11731270,-0.619,-0.3556,0.1258,185.8938,-30.0,0.3688,-30.000
28.75318960,77.11731270,-0.619,-0.3556,0.1258,185.8938,-15.0,0.3561,-15.000
28.75318960,77.11731270,-0.619,-0.3556,0.1258,185.8938,0.0,0.3441,0.000
28.75318960,77.11731270,-0.619,-0.3556,0.1258,185.8938,15.0,0.3500,15.000
28.75318960,77.11731270,-0.619,-0.3556,0.1258,185.8938,30.0,0.3687,30.000
28.75318970,77.11731260,-0.641,-0.3553,0.1295,185.8984,-30.0,,
28.75318970,77.11731260,-0.641,-0.3553,0.1295,185.8984,-15.0,,
28.75318970,77.11731260,-0.641,-0.3553,0.1295,185.8984,0.0,0.3500,0.000
28.75318970,77.11731260,-0.641,-0.3553,0.1295,185.8984,15.0,0.3748,15.000
28.75318970,77.11731260,-0.641,-0.3553,0.1295,185.8984,30.0,0.3790,30.000
28.75318983,77.11731250,-0.662,-0.3535,0.1358,185.9032,-30.0,0.3688,-30.000
28.75318983,77.11731250,-0.662,-0.3535,0.1358,185.9032,-15.0,0.3500,-15.000
28.75318983,77.11731250,-0.662,-0.3535,0.1358,185.9032,0.0,,
28.75318983,77.11731250,-0.662,-0.3535,0.1358,185.9032,15.0,,
28.75318983,77.11731250,-0.662,-0.3535,0.1358,185.9032,30.0,,
28.75318997,77.11731240,-0.684,-0.3501,0.1400,185.9080,-30.0,,
28.75318997,77.11731240,-0.684,-0.3501,0.1400,185.9080,-15.0,0.3500,-15.000
28.75318997,77.11731240,-0.684,-0.3501,0.1400,185.9080,0.0,0.3500,0.000
28.75318997,77.11731240,-0.684,-0.3501,0.1400,185.9080,15.0,0.3688,15.000
28.75318997,77.11731240,-0.684,-0.3501,0.1400,185.9080,30.0,0.3821,30.000
28.75319002,77.11731230,-0.703,-0.3503,0.1436,185.9119,-30.0,0.3688,-30.000
28.75319002,77.11731230,-0.703,-0.3503,0.1436,185.9119,-15.0,0.3516,-15.000
28.75319002,77.11731230,-0.703,-0.3503,0.1436,185.9119,0.0,0.3441,0.000
28.75319002,77.11731230,-0.703,-0.3503,0.1436,185.9119,15.0,0.3500,15.000
28.75319002,77.11731230,-0.703,-0.3503,0.1436,185.9119,30.0,0.3688,30.000
28.75319010,77.11731230,-0.723,-0.3504,0.1476,185.9159,-30.0,0.3754,-30.000
28.75319010,77.11731230,-0.723,-0.3504,0.1476,185.9159,-15.0,0.3660,-15.000
28.75319010,77.11731230,-0.723,-0.3504,0.1476,185.9159,0.0,0.3492,0.000
28.75319010,77.11731230,-0.723,-0.3504,0.1476,185.9159,15.0,0.3500,15.000
28.75319010,77.11731230,-0.723,-0.3504,0.1476,185.9159,30.0,,
28.75319020,77.11731230,-0.745,-0.3519,0.1471,185.9198,-30.0,,
28.75319020,77.11731230,-0.745,-0.3519,0.1471,185.9198,-15.0,,
28.75319020,77.11731230,-0.745,-0.3519,0.1471,185.9198,0.0,,
28.75319020,77.11731230,-0.745,-0.3519,0.1471,185.9198,15.0,0.3624,15.000
28.75319020,77.11731230,-0.745,-0.3519,0.1471,185.9198,30.0,0.3821,30.000
28.75319020,77.11731220,-0.758,-0.3528,0.1406,185.9252,-30.0,0.3688,-30.000
28.75319020,77.11731220,-0.758,-0.3528,0.1406,185.9252,-15.0,0.3624,-15.000
28.75319020,77.11731220,-0.758,-0.3528,0.1406,185.9252,0.0,0.3500,0.000
28.75319020,77.11731220,-0.758,-0.3528,0.1406,185.9252,15.0,,
28.75319020,77.11731220,-0.758,-0.3528,0.1406,185.9252,30.0,,
28.75319020,77.11731220,-0.767,-0.3540,0.1362,185.9279,-30.0,0.3586,-30.000
28.75319020,77.11731220,-0.767,-0.3540,0.1362,185.9279,-15.0,0.3500,-15.000
28.75319020,77.11731220,-0.767,-0.3540,0.1362,185.9279,0.0,0.3503,0.000
28.75319020,77.11731220,-0.767,-0.3540,0.1362,185.9279,15.0,0.3647,15.000
28.75319020,77.11731220,-0.767,-0.3540,0.1362,185.9279,30.0,0.3821,30.000
28.75319020,77.11731210,-0.772,-0.3547,0.1351,185.9347,-30.0,0.3677,-30.000
28.75319020,77.11731210,-0.772,-0.3547,0.1351,185.9347,-15.0,0.3500,-15.000
28.75319020,77.11731210,-0.772,-0.3547,0.1351,185.9347,0.0,0.3500,0.000
28.75319020,77.11731210,-0.772,-0.3547,0.1351,185.9347,15.0,0.3561,15.000
28.75319020,77.11731210,-0.772,-0.3547,0.1351,185.9347,30.0,0.3787,30.000
28.75319020,77.11731210,-0.775,-0.3549,0.1351,185.9381,-30.0,0.3754,-30.000
28.75319020,77.11731210,-0.775,-0.3549,0.1351,185.9381,-15.0,0.3688,-15.000
28.75319020,77.11731210,-0.775,-0.3549,0.1351,185.9381,0.0,0.3500,0.000
28.75319020,77.11731210,-0.775,-0.3549,0.1351,185.9381,15.0,,
28.75319020,77.11731210,-0.775,-0.3549,0.1351,185.9381,30.0,,
28.75319020,77.11731190,-0.776,-0.3536,0.1358,185.9403,-30.0,,
28.75319020,77.11731190,-0.776,-0.3536,0.1358,185.9403,-15.0,,
28.75319020,77.11731190,-0.776,-0.3536,0.1358,185.9403,0.0,,
28.75319020,77.11731190,-0.776,-0.3536,0.1358,185.9403,15.0,0.3441,15.000
28.75319020,77.11731190,-0.776,-0.3536,0.1358,185.9403,30.0,0.3754,30.000
28.75319020,77.11731180,-0.778,-0.3516,0.1329,185.9411,-30.0,0.3754,-30.000
28.75319020,77.11731180,-0.778,-0.3516,0.1329,185.9411,-15.0,0.3688,-15.000
28.75319020,77.11731180,-0.778,-0.3516,0.1329,185.9411,0.0,0.3500,0.000
28.75319020,77.11731180,-0.778,-0.3516,0.1329,185.9411,15.0,,
28.75319020,77.11731180,-0.778,-0.3516,0.1329,185.9411,30.0,,
28.75319020,77.11731167,-0.780,-0.3506,0.1268,185.9420,-30.0,0.3624,-30.000
28.75319020,77.11731167,-0.780,-0.3506,0.1268,185.9420,-15.0,0.3513,-15.000
28.75319020,77.11731167,-0.780,-0.3506,0.1268,185.9420,0.0,0.3500,0.000
28.75319020,77.11731167,-0.780,-0.3506,0.1268,185.9420,15.0,0.3561,15.000
28.75319020,77.11731167,-0.780,-0.3506,0.1268,185.9420,30.0,0.3754,30.000
28.75319020,77.11731150,-0.783,-0.3459,0.1230,185.9438,-30.0,0.3561,-30.000
28.75319020,77.11731150,-0.783,-0.3459,0.1230,185.9438,-15.0,0.3498,-15.000
28.75319020,77.11731150,-0.783,-0.3459,0.1230,185.9438,0.0,0.3500,0.000
28.75319020,77.11731150,-0.783,-0.3459,0.1230,185.9438,15.0,0.3625,15.000
28.75319020,77.11731150,-0.783,-0.3459,0.1230,185.9438,30.0,0.3787,30.000
28.75319020,77.11731139,-0.789,-0.3432,0.1234,185.9471,-30.0,0.3704,-30.000
28.75319020,77.11731139,-0.789,-0.3432,0.1234,185.9471,-15.0,0.3624,-15.000
28.75319020,77.11731139,-0.789,-0.3432,0.1234,185.9471,0.0,0.3486,0.000
28.75319020,77.11731139,-0.789,-0.3432,0.1234,185.9471,15.0,,
28.75319020,77.11731139,-0.789,-0.3432,0.1234,185.9471,30.0,,
28.75319020,77.11731120,-0.795,-0.3459,0.1245,185.9511,-30.0,,
28.75319020,77.11731120,-0.795,-0.3459,0.1245,185.9511,-15.0,,
28.75319020,77.11731120,-0.795,-0.3459,0.1245,185.9511,0.0,,
28.75319020,77.11731120,-0.795,-0.3459,0.1245,185.9511,15.0,0.3643,15.000
28.75319020,77.11731120,-0.795,-0.3459,0.1245,185.9511,30.0,0.3821,30.000
28.75319020,77.11731110,-0.800,-0.3477,0.1215,185.9549,-30.0,0.3754,-30.000
28.75319020,77.11731110,-0.800,-0.3477,0.1215,185.9549,-15.0,0.3624,-15.000
28.75319020,77.11731110,-0.800,-0.3477,0.1215,185.9549,0.0,0.3500,0.000
28.75319020,77.11731110,-0.800,-0.3477,0.1215,185.9549,15.0,0.3500,15.000
28.75319020,77.11731110,-0.800,-0.3477,0.1215,185.9549,30.0,,
28.75319020,77.11731100,-0.804,-0.3497,0.1168,185.9568,-30.0,0.3688,-30.000
28.75319020,77.11731100,-0.804,-0.3497,0.1168,185.9568,-15.0,0.3500,-15.000
28.75319020,77.11731100,-0.804,-0.3497,0.1168,185.9568,0.0,0.3460,0.000
28.75319020,77.11731100,-0.804,-0.3497,0.1168,185.9568,15.0,0.3500,15.000
28.75319020,77.11731100,-0.804,-0.3497,0.1168,185.9568,30.0,0.3688,30.000
28.75319020,77.11731090,-0.809,-0.3542,0.1141,185.9600,-30.0,,
28.75319020,77.11731090,-0.809,-0.3542,0.1141,185.9600,-15.0,0.3500,-15.000
28.75319020,77.11731090,-0.809,-0.3542,0.1141,185.9600,0.0,0.3500,0.000
28.75319020,77.11731090,-0.809,-0.3542,0.1141,185.9600,15.0,0.3688,15.000
28.75319020,77.11731090,-0.809,-0.3542,0.1141,185.9600,30.0,0.3821,30.000
28.75319010,77.11731080,-0.809,-0.3617,0.1069,185.9642,-30.0,0.3688,-30.000
28.75319010,77.11731080,-0.809,-0.3617,0.1069,185.9642,-15.0,0.3500,-15.000
28.75319010,77.11731080,-0.809,-0.3617,0.1069,185.9642,0.0,,
28.75319010,77.11731080,-0.809,-0.3617,0.1069,185.9642,15.0,,
28.75319010,77.11731080,-0.809,-0.3617,0.1069,185.9642,30.0,,
28.75319010,77.11731080,-0.805,-0.3666,0.1001,185.9682,-30.0,,
28.75319010,77.11731080,-0.805,-0.3666,0.1001,185.9682,-15.0,,
28.75319010,77.11731080,-0.805,-0.3666,0.1001,185.9682,0.0,0.3500,0.000
28.75319010,77.11731080,-0.805,-0.3666,0.1001,185.9682,15.0,0.3701,15.000
28.75319010,77.11731080,-0.805,-0.3666,0.1001,185.9682,30.0,0.3821,30.000
28.75319000,77.11731070,-0.803,-0.3689,0.0890,185.9716,-30.0,0.3688,-30.000
28.75319000,77.11731070,-0.803,-0.3689,0.0890,185.9716,-15.0,0.3561,-15.000
28.75319000,77.11731070,-0.803,-0.3689,0.0890,185.9716,0.0,0.3441,0.000
28.75319000,77.11731070,-0.803,-0.3689,0.0890,185.9716,15.0,0.3496,15.000
28.75319000,77.11731070,-0.803,-0.3689,0.0890,185.9716,30.0,0.3644,30.000
28.75318990,77.11731060,-0.806,-0.3689,0.0816,185.9745,-30.0,0.3692,-30.000
28.75318990,77.11731060,-0.806,-0.3689,0.0816,185.9745,-15.0,0.3561,-15.000
28.75318990,77.11731060,-0.806,-0.3689,0.0816,185.9745,0.0,0.3488,0.000
28.75318990,77.11731060,-0.806,-0.3689,0.0816,185.9745,15.0,0.3500,15.000
28.75318990,77.11731060,-0.806,-0.3689,0.0816,185.9745,30.0,0.3624,30.000
28.75318980,77.11731040,-0.810,-0.3642,0.0723,185.9792,-30.0,,
28.75318980,77.11731040,-0.810,-0.3642,0.0723,185.9792,-15.0,,
28.75318980,77.11731040,-0.810,-0.3642,0.0723,185.9792,0.0,0.3500,0.000
28.75318980,77.11731040,-0.810,-0.3642,0.0723,185.9792,15.0,0.3688,15.000
28.75318980,77.11731040,-0.810,-0.3642,0.0723,185.9792,30.0,0.3821,30.000
28.75318970,77.11731030,-0.806,-0.3623,0.0666,185.9828,-30.0,0.3688,-30.000
28.75318970,77.11731030,-0.806,-0.3623,0.0666,185.9828,-15.0,0.3561,-15.000
28.75318970,77.11731030,-0.806,-0.3623,0.0666,185.9828,0.0,,
28.75318970,77.11731030,-0.806,-0.3623,0.0666,185.9828,15.0,,
28.75318970,77.11731030,-0.806,-0.3623,0.0666,185.9828,30.0,,
28.75318970,77.11731020,-0.808,-0.3628,0.0621,185.9850,-30.0,,
28.75318970,77.11731020,-0.808,-0.3628,0.0621,185.9850,-15.0,0.3500,-15.000
28.75318970,77.11731020,-0.808,-0.3628,0.0621,185.9850,0.0,0.3500,0.000
28.75318970,77.11731020,-0.808,-0.3628,0.0621,185.9850,15.0,0.3688,15.000
28.75318970,77.11731020,-0.808,-0.3628,0.0621,185.9850,30.0,0.3821,30.000
28.75318960,77.11731010,-0.806,-0.3690,0.0574,185.9876,-30.0,0.3688,-30.000
28.75318960,77.11731010,-0.806,-0.3690,0.0574,185.9876,-15.0,0.3500,-15.000
28.75318960,77.11731010,-0.806,-0.3690,0.0574,185.9876,0.0,0.3500,0.000
28.75318960,77.11731010,-0.806,-0.3690,0.0574,185.9876,15.0,0.3500,15.000
28.75318960,77.11731010,-0.806,-0.3690,0.0574,185.9876,30.0,0.3709,30.000
28.75318960,77.11731010,-0.804,-0.3770,0.0526,185.9916,-30.0,0.3754,-30.000
28.75318960,77.11731010,-0.804,-0.3770,0.0526,185.9916,-15.0,0.3688,-15.000
28.75318960,77.11731010,-0.804,-0.3770,0.0526,185.9916,0.0,0.3500,0.000
28.75318960,77.11731010,-0.804,-0.3770,0.0526,185.9916,15.0,0.3500,15.000
28.75318960,77.11731010,-0.804,-0.3770,0.0526,185.9916,30.0,,
28.75318950,77.11731006,-0.800,-0.3809,0.0536,185.9962,-30.0,,
28.75318950,77.11731006,-0.800,-0.3809,0.0536,185.9962,-15.0,,
28.75318950,77.11731006,-0.800,-0.3809,0.0536,185.9962,0.0,,
28.75318950,77.11731006,-0.800,-0.3809,0.0536,185.9962,15.0,0.3561,15.000
28.75318950,77.11731006,-0.800,-0.3809,0.0536,185.9962,30.0,0.3821,30.000
28.75318950,77.11731000,-0.789,-0.3803,0.0541,185.9998,-30.0,0.3724,-30.000
28.75318950,77.11731000,-0.789,-0.3803,0.0541,185.9998,-15.0,0.3688,-15.000
28.75318950,77.11731000,-0.789,-0.3803,0.0541,185.9998,0.0,0.3441,0.000
28.75318950,77.11731000,-0.789,-0.3803,0.0541,185.9998,15.0,,
28.75318950,77.11731000,-0.789,-0.3803,0.0541,185.9998,30.0,,
28.75318960,77.11731000,-0.782,-0.3840,0.0677,186.0039,-30.0,0.3586,-30.000
28.75318960,77.11731000,-0.782,-0.3840,0.0677,186.0039,-15.0,0.3500,-15.000
28.75318960,77.11731000,-0.782,-0.3840,0.0677,186.0039,0.0,0.3500,0.000
28.75318960,77.11731000,-0.782,-0.3840,0.0677,186.0039,15.0,0.3601,15.000
28.75318960,77.11731000,-0.782,-0.3840,0.0677,186.0039,30.0,0.3821,30.000
28.75318970,77.11731000,-0.773,-0.3919,0.0803,186.0090,-30.0,0.3624,-30.000
28.75318970,77.11731000,-0.773,-0.3919,0.0803,186.0090,-15.0,0.3500,-15.000
28.75318970,77.11731000,-0.773,-0.3919,0.0803,186.0090,0.0,0.3500,0.000
28.75318970,77.11731000,-0.773,-0.3919,0.0803,186.0090,15.0,0.3561,15.000
28.75318970,77.11731000,-0.773,-0.3919,0.0803,186.0090,30.0,0.3821,30.000
28.75318990,77.11731010,-0.768,-0.4028,0.0941,186.0105,-30.0,0.3754,-30.000
28.75318990,77.11731010,-0.768,-0.4028,0.0941,186.0105,-15.0,0.3688,-15.000
28.75318990,77.11731010,-0.768,-0.4028,0.0941,186.0105,0.0,0.3500,0.000
28.75318990,77.11731010,-0.768,-0.4028,0.0941,186.0105,15.0,,
28.75318990,77.11731010,-0.768,-0.4028,0.0941,186.0105,30.0,,
28.75318990,77.11731020,-0.765,-0.4117,0.1060,186.0156,-30.0,,
28.75318990,77.11731020,-0.765,-0.4117,0.1060,186.0156,-15.0,,
28.75318990,77.11731020,-0.765,-0.4117,0.1060,186.0156,0.0,,
28.75318990,77.11731020,-0.765,-0.4117,0.1060,186.0156,15.0,0.3561,15.000
28.75318990,77.11731020,-0.765,-0.4117,0.1060,186.0156,30.0,0.3821,30.000
28.75319000,77.11731030,-0.760,-0.4199,0.1086,186.0203,-30.0,0.3754,-30.000
28.75319000,77.11731030,-0.760,-0.4199,0.1086,186.0203,-15.0,0.3688,-15.000
28.75319000,77.11731030,-0.760,-0.4199,0.1086,186.0203,0.0,0.3500,0.000
28.75319000,77.11731030,-0.760,-0.4199,0.1086,186.0203,15.0,0.3471,15.000
28.75319000,77.11731030,-0.760,-0.4199,0.1086,186.0203,30.0,,
